run,kernel,us,bytes,gbps,lanes,subgroup,rows,heads_per_wg,ksplit_wqa,ksplit_wkv,ksplit_woa,ksplit_wob,ksplit_rows,tiles,tile_heads,pv_tiles,pv_heads,n_kv,fp8_arith,shader_dir,extra_flags,note
fin_p2,mega_mhc.post,2.34,163840,69.9,32,32,2,1,2,2,4,8,1,32,8,1,1,193,0,"build/shaders_p2base","","P2 shaders (0964e5e), same binary: the before column (classic rows only)"
fin_p2,mega_mhc.mix,5.34,1966080,368.2,32,32,2,1,2,2,4,8,1,32,8,1,1,193,0,"build/shaders_p2base","","P2 shaders (0964e5e), same binary: the before column (classic rows only)"
fin_p2,mega_mhc.final,3.11,40960,13.2,32,32,2,1,2,2,4,8,1,32,8,1,1,193,0,"build/shaders_p2base","","P2 shaders (0964e5e), same binary: the before column (classic rows only)"
fin_p2,wq_a,38.16,6560000,171.9,32,32,2,1,2,2,4,8,1,32,8,1,1,193,0,"build/shaders_p2base","","P2 shaders (0964e5e), same binary: the before column (classic rows only)"
fin_p2,wq_b,207.50,41984000,202.3,32,32,2,1,2,2,4,8,1,32,8,1,1,193,0,"build/shaders_p2base","","P2 shaders (0964e5e), same binary: the before column (classic rows only)"
fin_p2,wkv.gemv,17.15,2624000,153.0,32,32,2,1,2,2,4,8,1,32,8,1,1,193,0,"build/shaders_p2base","","P2 shaders (0964e5e), same binary: the before column (classic rows only)"
fin_p2,wkv.finish,9.20,2560,0.3,32,32,2,1,2,2,4,8,1,32,8,1,1,193,0,"build/shaders_p2base","","P2 shaders (0964e5e), same binary: the before column (classic rows only)"
fin_p2,sparse_attn.score,42.15,134144,3.2,32,32,2,1,2,2,4,8,1,32,8,1,1,193,0,"build/shaders_p2base","","P2 shaders (0964e5e), same binary: the before column (classic rows only)"
fin_p2,sparse_attn.combine,27.36,134144,4.9,32,32,2,1,2,2,4,8,1,32,8,1,1,193,0,"build/shaders_p2base","","P2 shaders (0964e5e), same binary: the before column (classic rows only)"
fin_p2,wo_a,202.11,33587200,166.2,32,32,2,1,2,2,4,8,1,32,8,1,1,193,0,"build/shaders_p2base","","P2 shaders (0964e5e), same binary: the before column (classic rows only)"
fin_p2,wo_b,317.81,41984000,132.1,32,32,2,1,2,2,4,8,1,32,8,1,1,193,0,"build/shaders_p2base","","P2 shaders (0964e5e), same binary: the before column (classic rows only)"
fin_p2,gate.score,15.04,3932160,261.5,32,32,2,1,2,2,4,8,1,32,8,1,1,193,0,"build/shaders_p2base","","P2 shaders (0964e5e), same binary: the before column (classic rows only)"
fin_p2,gate.topk,11.58,3072,0.3,32,32,2,1,2,2,4,8,1,32,8,1,1,193,0,"build/shaders_p2base","","P2 shaders (0964e5e), same binary: the before column (classic rows only)"
fin_p2,head,5679.12,1323827200,233.1,32,32,2,1,2,2,4,8,1,32,8,1,1,193,0,"build/shaders_p2base","","P2 shaders (0964e5e), same binary: the before column (classic rows only)"
fin_p3,mega_mhc.post,2.32,163840,70.7,32,32,2,1,2,2,4,8,1,32,8,1,1,193,0,"build/shaders","","P3 Track J defaults (docs/p2_attention.md 13.0)"
fin_p3,mega_mhc.mix,5.11,1966080,384.8,32,32,2,1,2,2,4,8,1,32,8,1,1,193,0,"build/shaders","","P3 Track J defaults (docs/p2_attention.md 13.0)"
fin_p3,mega_mhc.final,3.16,40960,13.0,32,32,2,1,2,2,4,8,1,32,8,1,1,193,0,"build/shaders","","P3 Track J defaults (docs/p2_attention.md 13.0)"
fin_p3,wq_a,38.15,6560000,172.0,32,32,2,1,2,2,4,8,1,32,8,1,1,193,0,"build/shaders","","P3 Track J defaults (docs/p2_attention.md 13.0)"
fin_p3,wq_b,194.66,41984000,215.7,32,32,2,1,2,2,4,8,1,32,8,1,1,193,0,"build/shaders","","P3 Track J defaults (docs/p2_attention.md 13.0)"
fin_p3,wkv.gemv,9.77,2624000,268.7,32,32,2,1,2,2,4,8,1,32,8,1,1,193,0,"build/shaders","","P3 Track J defaults (docs/p2_attention.md 13.0)"
fin_p3,wkv.finish,10.25,2560,0.2,32,32,2,1,2,2,4,8,1,32,8,1,1,193,0,"build/shaders","","P3 Track J defaults (docs/p2_attention.md 13.0)"
fin_p3,sparse_attn.score,26.84,134144,5.0,32,32,2,1,2,2,4,8,1,32,8,1,1,193,0,"build/shaders","","P3 Track J defaults (docs/p2_attention.md 13.0)"
fin_p3,sparse_attn.combine,27.86,134144,4.8,32,32,2,1,2,2,4,8,1,32,8,1,1,193,0,"build/shaders","","P3 Track J defaults (docs/p2_attention.md 13.0)"
fin_p3,sparse_attn_t.score,17.42,134144,7.7,32,32,2,1,2,2,4,8,1,32,8,1,1,193,0,"build/shaders","","P3 Track J defaults (docs/p2_attention.md 13.0)"
fin_p3,sparse_attn_t.pv,26.92,134144,5.0,32,32,2,1,2,2,4,8,1,32,8,1,1,193,0,"build/shaders","","P3 Track J defaults (docs/p2_attention.md 13.0)"
fin_p3,wo_a,195.74,33587200,171.6,32,32,2,1,2,2,4,8,1,32,8,1,1,193,0,"build/shaders","","P3 Track J defaults (docs/p2_attention.md 13.0)"
fin_p3,wo_b,263.06,41984000,159.6,32,32,2,1,2,2,4,8,1,32,8,1,1,193,0,"build/shaders","","P3 Track J defaults (docs/p2_attention.md 13.0)"
fin_p3,wq_a.ksplit,34.44,6560000,190.5,32,32,2,1,2,2,4,8,1,32,8,1,1,193,0,"build/shaders","","P3 Track J defaults (docs/p2_attention.md 13.0)"
fin_p3,wq_a.kcombine,1.19,10240,8.6,32,32,2,1,2,2,4,8,1,32,8,1,1,193,0,"build/shaders","","P3 Track J defaults (docs/p2_attention.md 13.0)"
fin_p3,wo_a.ksplit,161.00,33587200,208.6,32,32,2,1,2,2,4,8,1,32,8,1,1,193,0,"build/shaders","","P3 Track J defaults (docs/p2_attention.md 13.0)"
fin_p3,wo_a.kcombine,1.39,131072,94.4,32,32,2,1,2,2,4,8,1,32,8,1,1,193,0,"build/shaders","","P3 Track J defaults (docs/p2_attention.md 13.0)"
fin_p3,wo_b.ksplit,203.54,41984000,206.3,32,32,2,1,2,2,4,8,1,32,8,1,1,193,0,"build/shaders","","P3 Track J defaults (docs/p2_attention.md 13.0)"
fin_p3,wo_b.kcombine,1.36,163840,120.3,32,32,2,1,2,2,4,8,1,32,8,1,1,193,0,"build/shaders","","P3 Track J defaults (docs/p2_attention.md 13.0)"
fin_p3,wkv.ksplit,7.87,2624000,333.5,32,32,2,1,2,2,4,8,1,32,8,1,1,193,0,"build/shaders","","P3 Track J defaults (docs/p2_attention.md 13.0)"
fin_p3,wkv.kfinish,9.11,4096,0.4,32,32,2,1,2,2,4,8,1,32,8,1,1,193,0,"build/shaders","","P3 Track J defaults (docs/p2_attention.md 13.0)"
fin_p3,gate.score,15.28,3932160,257.3,32,32,2,1,2,2,4,8,1,32,8,1,1,193,0,"build/shaders","","P3 Track J defaults (docs/p2_attention.md 13.0)"
fin_p3,gate.topk,11.59,3072,0.3,32,32,2,1,2,2,4,8,1,32,8,1,1,193,0,"build/shaders","","P3 Track J defaults (docs/p2_attention.md 13.0)"
fin_p3,head,5650.27,1323827200,234.3,32,32,2,1,2,2,4,8,1,32,8,1,1,193,0,"build/shaders","","P3 Track J defaults (docs/p2_attention.md 13.0)"
fin_p3,compressor.wkv,97.53,5242880,53.8,32,32,2,1,2,2,4,8,1,32,8,1,1,193,0,"build/shaders","","P3 Track J defaults (docs/p2_attention.md 13.0)"
fin_p3,compressor.wgate,16.75,5242880,313.0,32,32,2,1,2,2,4,8,1,32,8,1,1,193,0,"build/shaders","","P3 Track J defaults (docs/p2_attention.md 13.0)"
fin_p3,compressor.norm,3.83,8192,2.1,32,32,2,1,2,2,4,8,1,32,8,1,1,193,0,"build/shaders","","P3 Track J defaults (docs/p2_attention.md 13.0)"
fin_p3,compressor.store,7.85,3072,0.4,32,32,2,1,2,2,4,8,1,32,8,1,1,193,0,"build/shaders","","P3 Track J defaults (docs/p2_attention.md 13.0)"
fin_p3,indexer.wq_b,17.49,5248000,300.0,32,32,2,1,2,2,4,8,1,32,8,1,1,193,0,"build/shaders","","P3 Track J defaults (docs/p2_attention.md 13.0)"
fin_p3,indexer.q_finish,11.02,24576,2.2,32,32,2,1,2,2,4,8,1,32,8,1,1,193,0,"build/shaders","","P3 Track J defaults (docs/p2_attention.md 13.0)"
fin_p3,indexer.key,20.27,131072,6.5,32,32,2,1,2,2,4,8,1,32,8,1,1,193,0,"build/shaders","","P3 Track J defaults (docs/p2_attention.md 13.0)"
fin_p3,indexer.weights,24.09,327680,13.6,32,32,2,1,2,2,4,8,1,32,8,1,1,193,0,"build/shaders","","P3 Track J defaults (docs/p2_attention.md 13.0)"
fin_p3,indexer.score,16.85,16640,1.0,32,32,2,1,2,2,4,8,1,32,8,1,1,193,0,"build/shaders","","P3 Track J defaults (docs/p2_attention.md 13.0)"
fin_p3,indexer.topk,0.81,260,0.3,32,32,2,1,2,2,4,8,1,32,8,1,1,193,0,"build/shaders","","P3 Track J defaults (docs/p2_attention.md 13.0)"
fin_p3b,mega_mhc.post,2.39,163840,68.6,32,32,2,1,2,2,4,8,1,32,8,1,1,193,0,"build/shaders","","P3 Track J defaults, repeat"
fin_p3b,mega_mhc.mix,5.33,1966080,368.7,32,32,2,1,2,2,4,8,1,32,8,1,1,193,0,"build/shaders","","P3 Track J defaults, repeat"
fin_p3b,mega_mhc.final,3.18,40960,12.9,32,32,2,1,2,2,4,8,1,32,8,1,1,193,0,"build/shaders","","P3 Track J defaults, repeat"
fin_p3b,wq_a,38.30,6560000,171.3,32,32,2,1,2,2,4,8,1,32,8,1,1,193,0,"build/shaders","","P3 Track J defaults, repeat"
fin_p3b,wq_b,196.63,41984000,213.5,32,32,2,1,2,2,4,8,1,32,8,1,1,193,0,"build/shaders","","P3 Track J defaults, repeat"
fin_p3b,wkv.gemv,9.89,2624000,265.4,32,32,2,1,2,2,4,8,1,32,8,1,1,193,0,"build/shaders","","P3 Track J defaults, repeat"
fin_p3b,wkv.finish,10.86,2560,0.2,32,32,2,1,2,2,4,8,1,32,8,1,1,193,0,"build/shaders","","P3 Track J defaults, repeat"
fin_p3b,sparse_attn.score,29.80,134144,4.5,32,32,2,1,2,2,4,8,1,32,8,1,1,193,0,"build/shaders","","P3 Track J defaults, repeat"
fin_p3b,sparse_attn.combine,28.22,134144,4.8,32,32,2,1,2,2,4,8,1,32,8,1,1,193,0,"build/shaders","","P3 Track J defaults, repeat"
fin_p3b,sparse_attn_t.score,16.47,134144,8.1,32,32,2,1,2,2,4,8,1,32,8,1,1,193,0,"build/shaders","","P3 Track J defaults, repeat"
fin_p3b,sparse_attn_t.pv,25.27,134144,5.3,32,32,2,1,2,2,4,8,1,32,8,1,1,193,0,"build/shaders","","P3 Track J defaults, repeat"
fin_p3b,wo_a,196.91,33587200,170.6,32,32,2,1,2,2,4,8,1,32,8,1,1,193,0,"build/shaders","","P3 Track J defaults, repeat"
fin_p3b,wo_b,262.26,41984000,160.1,32,32,2,1,2,2,4,8,1,32,8,1,1,193,0,"build/shaders","","P3 Track J defaults, repeat"
fin_p3b,wq_a.ksplit,34.86,6560000,188.2,32,32,2,1,2,2,4,8,1,32,8,1,1,193,0,"build/shaders","","P3 Track J defaults, repeat"
fin_p3b,wq_a.kcombine,1.28,10240,8.0,32,32,2,1,2,2,4,8,1,32,8,1,1,193,0,"build/shaders","","P3 Track J defaults, repeat"
fin_p3b,wo_a.ksplit,162.42,33587200,206.8,32,32,2,1,2,2,4,8,1,32,8,1,1,193,0,"build/shaders","","P3 Track J defaults, repeat"
fin_p3b,wo_a.kcombine,1.67,131072,78.6,32,32,2,1,2,2,4,8,1,32,8,1,1,193,0,"build/shaders","","P3 Track J defaults, repeat"
fin_p3b,wo_b.ksplit,207.81,41984000,202.0,32,32,2,1,2,2,4,8,1,32,8,1,1,193,0,"build/shaders","","P3 Track J defaults, repeat"
fin_p3b,wo_b.kcombine,1.97,163840,83.0,32,32,2,1,2,2,4,8,1,32,8,1,1,193,0,"build/shaders","","P3 Track J defaults, repeat"
fin_p3b,wkv.ksplit,11.78,2624000,222.8,32,32,2,1,2,2,4,8,1,32,8,1,1,193,0,"build/shaders","","P3 Track J defaults, repeat"
fin_p3b,wkv.kfinish,14.18,4096,0.3,32,32,2,1,2,2,4,8,1,32,8,1,1,193,0,"build/shaders","","P3 Track J defaults, repeat"
fin_p3b,gate.score,20.48,3932160,192.0,32,32,2,1,2,2,4,8,1,32,8,1,1,193,0,"build/shaders","","P3 Track J defaults, repeat"
fin_p3b,gate.topk,18.68,3072,0.2,32,32,2,1,2,2,4,8,1,32,8,1,1,193,0,"build/shaders","","P3 Track J defaults, repeat"
fin_p3b,head,5678.81,1323827200,233.1,32,32,2,1,2,2,4,8,1,32,8,1,1,193,0,"build/shaders","","P3 Track J defaults, repeat"
fin_p3b,compressor.wkv,16.02,5242880,327.3,32,32,2,1,2,2,4,8,1,32,8,1,1,193,0,"build/shaders","","P3 Track J defaults, repeat"
fin_p3b,compressor.wgate,15.84,5242880,330.9,32,32,2,1,2,2,4,8,1,32,8,1,1,193,0,"build/shaders","","P3 Track J defaults, repeat"
fin_p3b,compressor.norm,3.64,8192,2.3,32,32,2,1,2,2,4,8,1,32,8,1,1,193,0,"build/shaders","","P3 Track J defaults, repeat"
fin_p3b,compressor.store,7.53,3072,0.4,32,32,2,1,2,2,4,8,1,32,8,1,1,193,0,"build/shaders","","P3 Track J defaults, repeat"
fin_p3b,indexer.wq_b,16.97,5248000,309.3,32,32,2,1,2,2,4,8,1,32,8,1,1,193,0,"build/shaders","","P3 Track J defaults, repeat"
fin_p3b,indexer.q_finish,11.26,24576,2.2,32,32,2,1,2,2,4,8,1,32,8,1,1,193,0,"build/shaders","","P3 Track J defaults, repeat"
fin_p3b,indexer.key,19.46,131072,6.7,32,32,2,1,2,2,4,8,1,32,8,1,1,193,0,"build/shaders","","P3 Track J defaults, repeat"
fin_p3b,indexer.weights,23.30,327680,14.1,32,32,2,1,2,2,4,8,1,32,8,1,1,193,0,"build/shaders","","P3 Track J defaults, repeat"
fin_p3b,indexer.score,16.23,16640,1.0,32,32,2,1,2,2,4,8,1,32,8,1,1,193,0,"build/shaders","","P3 Track J defaults, repeat"
fin_p3b,indexer.topk,0.79,260,0.3,32,32,2,1,2,2,4,8,1,32,8,1,1,193,0,"build/shaders","","P3 Track J defaults, repeat"
fin_kv4k,mega_mhc.post,2.39,163840,68.5,32,32,2,1,2,2,4,8,1,64,8,8,1,4096,0,"build/shaders","","synthetic 4096-entry KV list (13.5)"
fin_kv4k,mega_mhc.mix,5.34,1966080,368.5,32,32,2,1,2,2,4,8,1,64,8,8,1,4096,0,"build/shaders","","synthetic 4096-entry KV list (13.5)"
fin_kv4k,mega_mhc.final,3.22,40960,12.7,32,32,2,1,2,2,4,8,1,64,8,8,1,4096,0,"build/shaders","","synthetic 4096-entry KV list (13.5)"
fin_kv4k,wq_a,37.95,6560000,172.8,32,32,2,1,2,2,4,8,1,64,8,8,1,4096,0,"build/shaders","","synthetic 4096-entry KV list (13.5)"
fin_kv4k,wq_b,194.05,41984000,216.4,32,32,2,1,2,2,4,8,1,64,8,8,1,4096,0,"build/shaders","","synthetic 4096-entry KV list (13.5)"
fin_kv4k,wkv.gemv,9.75,2624000,269.2,32,32,2,1,2,2,4,8,1,64,8,8,1,4096,0,"build/shaders","","synthetic 4096-entry KV list (13.5)"
fin_kv4k,wkv.finish,9.95,2560,0.3,32,32,2,1,2,2,4,8,1,64,8,8,1,4096,0,"build/shaders","","synthetic 4096-entry KV list (13.5)"
fin_kv4k,sparse_attn_t.score,200.00,4130816,20.7,32,32,2,1,2,2,4,8,1,64,8,8,1,4096,0,"build/shaders","","synthetic 4096-entry KV list (13.5)"
fin_kv4k,sparse_attn_t.pv,335.98,4130816,12.3,32,32,2,1,2,2,4,8,1,64,8,8,1,4096,0,"build/shaders","","synthetic 4096-entry KV list (13.5)"
fin_kv4k,sparse_attn_t.finish,5.81,1048576,180.6,32,32,2,1,2,2,4,8,1,64,8,8,1,4096,0,"build/shaders","","synthetic 4096-entry KV list (13.5)"
fin_kv4k,wo_a,196.15,33587200,171.2,32,32,2,1,2,2,4,8,1,64,8,8,1,4096,0,"build/shaders","","synthetic 4096-entry KV list (13.5)"
fin_kv4k,wo_b,265.06,41984000,158.4,32,32,2,1,2,2,4,8,1,64,8,8,1,4096,0,"build/shaders","","synthetic 4096-entry KV list (13.5)"
fin_kv4k,wq_a.ksplit,35.07,6560000,187.1,32,32,2,1,2,2,4,8,1,64,8,8,1,4096,0,"build/shaders","","synthetic 4096-entry KV list (13.5)"
fin_kv4k,wq_a.kcombine,1.28,10240,8.0,32,32,2,1,2,2,4,8,1,64,8,8,1,4096,0,"build/shaders","","synthetic 4096-entry KV list (13.5)"
fin_kv4k,wo_a.ksplit,162.17,33587200,207.1,32,32,2,1,2,2,4,8,1,64,8,8,1,4096,0,"build/shaders","","synthetic 4096-entry KV list (13.5)"
fin_kv4k,wo_a.kcombine,1.65,131072,79.2,32,32,2,1,2,2,4,8,1,64,8,8,1,4096,0,"build/shaders","","synthetic 4096-entry KV list (13.5)"
fin_kv4k,wo_b.ksplit,207.06,41984000,202.8,32,32,2,1,2,2,4,8,1,64,8,8,1,4096,0,"build/shaders","","synthetic 4096-entry KV list (13.5)"
fin_kv4k,wo_b.kcombine,1.91,163840,85.7,32,32,2,1,2,2,4,8,1,64,8,8,1,4096,0,"build/shaders","","synthetic 4096-entry KV list (13.5)"
fin_kv4k,wkv.ksplit,11.44,2624000,229.4,32,32,2,1,2,2,4,8,1,64,8,8,1,4096,0,"build/shaders","","synthetic 4096-entry KV list (13.5)"
fin_kv4k,wkv.kfinish,13.18,4096,0.3,32,32,2,1,2,2,4,8,1,64,8,8,1,4096,0,"build/shaders","","synthetic 4096-entry KV list (13.5)"
fin_kv4k,gate.score,19.99,3932160,196.7,32,32,2,1,2,2,4,8,1,64,8,8,1,4096,0,"build/shaders","","synthetic 4096-entry KV list (13.5)"
fin_kv4k,gate.topk,17.94,3072,0.2,32,32,2,1,2,2,4,8,1,64,8,8,1,4096,0,"build/shaders","","synthetic 4096-entry KV list (13.5)"
fin_kv4k,head,5685.63,1323827200,232.8,32,32,2,1,2,2,4,8,1,64,8,8,1,4096,0,"build/shaders","","synthetic 4096-entry KV list (13.5)"
fin_kv4k,compressor.wkv,16.24,5242880,322.9,32,32,2,1,2,2,4,8,1,64,8,8,1,4096,0,"build/shaders","","synthetic 4096-entry KV list (13.5)"
fin_kv4k,compressor.wgate,15.86,5242880,330.5,32,32,2,1,2,2,4,8,1,64,8,8,1,4096,0,"build/shaders","","synthetic 4096-entry KV list (13.5)"
fin_kv4k,compressor.norm,3.63,8192,2.3,32,32,2,1,2,2,4,8,1,64,8,8,1,4096,0,"build/shaders","","synthetic 4096-entry KV list (13.5)"
fin_kv4k,compressor.store,7.47,3072,0.4,32,32,2,1,2,2,4,8,1,64,8,8,1,4096,0,"build/shaders","","synthetic 4096-entry KV list (13.5)"
fin_kv4k,indexer.wq_b,16.93,5248000,310.1,32,32,2,1,2,2,4,8,1,64,8,8,1,4096,0,"build/shaders","","synthetic 4096-entry KV list (13.5)"
fin_kv4k,indexer.q_finish,10.36,24576,2.4,32,32,2,1,2,2,4,8,1,64,8,8,1,4096,0,"build/shaders","","synthetic 4096-entry KV list (13.5)"
fin_kv4k,indexer.key,19.05,131072,6.9,32,32,2,1,2,2,4,8,1,64,8,8,1,4096,0,"build/shaders","","synthetic 4096-entry KV list (13.5)"
fin_kv4k,indexer.weights,23.36,327680,14.0,32,32,2,1,2,2,4,8,1,64,8,8,1,4096,0,"build/shaders","","synthetic 4096-entry KV list (13.5)"
fin_kv32k,mega_mhc.post,2.39,163840,68.6,32,32,2,1,2,2,4,8,1,64,8,8,1,32768,0,"build/shaders","","synthetic 32768-entry KV list (13.5)"
fin_kv32k,mega_mhc.mix,5.35,1966080,367.2,32,32,2,1,2,2,4,8,1,64,8,8,1,32768,0,"build/shaders","","synthetic 32768-entry KV list (13.5)"
fin_kv32k,mega_mhc.final,3.25,40960,12.6,32,32,2,1,2,2,4,8,1,64,8,8,1,32768,0,"build/shaders","","synthetic 32768-entry KV list (13.5)"
fin_kv32k,wq_a,38.31,6560000,171.3,32,32,2,1,2,2,4,8,1,64,8,8,1,32768,0,"build/shaders","","synthetic 32768-entry KV list (13.5)"
fin_kv32k,wq_b,195.12,41984000,215.2,32,32,2,1,2,2,4,8,1,64,8,8,1,32768,0,"build/shaders","","synthetic 32768-entry KV list (13.5)"
fin_kv32k,wkv.gemv,9.80,2624000,267.9,32,32,2,1,2,2,4,8,1,64,8,8,1,32768,0,"build/shaders","","synthetic 32768-entry KV list (13.5)"
fin_kv32k,wkv.finish,10.23,2560,0.3,32,32,2,1,2,2,4,8,1,64,8,8,1,32768,0,"build/shaders","","synthetic 32768-entry KV list (13.5)"
fin_kv32k,sparse_attn_t.score,1584.68,33490944,21.1,32,32,2,1,2,2,4,8,1,64,8,8,1,32768,0,"build/shaders","","synthetic 32768-entry KV list (13.5)"
fin_kv32k,sparse_attn_t.pv,3323.10,33490944,10.1,32,32,2,1,2,2,4,8,1,64,8,8,1,32768,0,"build/shaders","","synthetic 32768-entry KV list (13.5)"
fin_kv32k,sparse_attn_t.finish,6.54,1048576,160.3,32,32,2,1,2,2,4,8,1,64,8,8,1,32768,0,"build/shaders","","synthetic 32768-entry KV list (13.5)"
fin_kv32k,wo_a,198.17,33587200,169.5,32,32,2,1,2,2,4,8,1,64,8,8,1,32768,0,"build/shaders","","synthetic 32768-entry KV list (13.5)"
fin_kv32k,wo_b,268.13,41984000,156.6,32,32,2,1,2,2,4,8,1,64,8,8,1,32768,0,"build/shaders","","synthetic 32768-entry KV list (13.5)"
fin_kv32k,wq_a.ksplit,35.03,6560000,187.3,32,32,2,1,2,2,4,8,1,64,8,8,1,32768,0,"build/shaders","","synthetic 32768-entry KV list (13.5)"
fin_kv32k,wq_a.kcombine,1.26,10240,8.1,32,32,2,1,2,2,4,8,1,64,8,8,1,32768,0,"build/shaders","","synthetic 32768-entry KV list (13.5)"
fin_kv32k,wo_a.ksplit,162.26,33587200,207.0,32,32,2,1,2,2,4,8,1,64,8,8,1,32768,0,"build/shaders","","synthetic 32768-entry KV list (13.5)"
fin_kv32k,wo_a.kcombine,1.56,131072,84.0,32,32,2,1,2,2,4,8,1,64,8,8,1,32768,0,"build/shaders","","synthetic 32768-entry KV list (13.5)"
fin_kv32k,wo_b.ksplit,206.86,41984000,203.0,32,32,2,1,2,2,4,8,1,64,8,8,1,32768,0,"build/shaders","","synthetic 32768-entry KV list (13.5)"
fin_kv32k,wo_b.kcombine,1.76,163840,93.1,32,32,2,1,2,2,4,8,1,64,8,8,1,32768,0,"build/shaders","","synthetic 32768-entry KV list (13.5)"
fin_kv32k,wkv.ksplit,10.51,2624000,249.8,32,32,2,1,2,2,4,8,1,64,8,8,1,32768,0,"build/shaders","","synthetic 32768-entry KV list (13.5)"
fin_kv32k,wkv.kfinish,12.60,4096,0.3,32,32,2,1,2,2,4,8,1,64,8,8,1,32768,0,"build/shaders","","synthetic 32768-entry KV list (13.5)"
fin_kv32k,gate.score,19.51,3932160,201.6,32,32,2,1,2,2,4,8,1,64,8,8,1,32768,0,"build/shaders","","synthetic 32768-entry KV list (13.5)"
fin_kv32k,gate.topk,17.20,3072,0.2,32,32,2,1,2,2,4,8,1,64,8,8,1,32768,0,"build/shaders","","synthetic 32768-entry KV list (13.5)"
fin_kv32k,head,5750.05,1323827200,230.2,32,32,2,1,2,2,4,8,1,64,8,8,1,32768,0,"build/shaders","","synthetic 32768-entry KV list (13.5)"
fin_kv32k,compressor.wkv,31.75,5242880,165.1,32,32,2,1,2,2,4,8,1,64,8,8,1,32768,0,"build/shaders","","synthetic 32768-entry KV list (13.5)"
fin_kv32k,compressor.wgate,31.88,5242880,164.5,32,32,2,1,2,2,4,8,1,64,8,8,1,32768,0,"build/shaders","","synthetic 32768-entry KV list (13.5)"
fin_kv32k,compressor.norm,7.78,8192,1.1,32,32,2,1,2,2,4,8,1,64,8,8,1,32768,0,"build/shaders","","synthetic 32768-entry KV list (13.5)"
fin_kv32k,compressor.store,15.48,3072,0.2,32,32,2,1,2,2,4,8,1,64,8,8,1,32768,0,"build/shaders","","synthetic 32768-entry KV list (13.5)"
fin_kv32k,indexer.wq_b,36.08,5248000,145.4,32,32,2,1,2,2,4,8,1,64,8,8,1,32768,0,"build/shaders","","synthetic 32768-entry KV list (13.5)"
fin_kv32k,indexer.q_finish,23.04,24576,1.1,32,32,2,1,2,2,4,8,1,64,8,8,1,32768,0,"build/shaders","","synthetic 32768-entry KV list (13.5)"
fin_kv32k,indexer.key,45.11,131072,2.9,32,32,2,1,2,2,4,8,1,64,8,8,1,32768,0,"build/shaders","","synthetic 32768-entry KV list (13.5)"
fin_kv32k,indexer.weights,54.10,327680,6.1,32,32,2,1,2,2,4,8,1,64,8,8,1,32768,0,"build/shaders","","synthetic 32768-entry KV list (13.5)"
fin_tbl,mega_mhc.post,2.39,163840,68.6,32,32,2,1,2,2,4,8,1,32,8,1,1,193,0,"build/shaders","","E4M3 table decode, paired with fin_arith (13.2)"
fin_tbl,mega_mhc.mix,5.34,1966080,368.4,32,32,2,1,2,2,4,8,1,32,8,1,1,193,0,"build/shaders","","E4M3 table decode, paired with fin_arith (13.2)"
fin_tbl,mega_mhc.final,3.18,40960,12.9,32,32,2,1,2,2,4,8,1,32,8,1,1,193,0,"build/shaders","","E4M3 table decode, paired with fin_arith (13.2)"
fin_tbl,wq_a,38.07,6560000,172.3,32,32,2,1,2,2,4,8,1,32,8,1,1,193,0,"build/shaders","","E4M3 table decode, paired with fin_arith (13.2)"
fin_tbl,wq_b,193.63,41984000,216.8,32,32,2,1,2,2,4,8,1,32,8,1,1,193,0,"build/shaders","","E4M3 table decode, paired with fin_arith (13.2)"
fin_tbl,wkv.gemv,9.52,2624000,275.7,32,32,2,1,2,2,4,8,1,32,8,1,1,193,0,"build/shaders","","E4M3 table decode, paired with fin_arith (13.2)"
fin_tbl,wkv.finish,9.68,2560,0.3,32,32,2,1,2,2,4,8,1,32,8,1,1,193,0,"build/shaders","","E4M3 table decode, paired with fin_arith (13.2)"
fin_tbl,sparse_attn.score,26.30,134144,5.1,32,32,2,1,2,2,4,8,1,32,8,1,1,193,0,"build/shaders","","E4M3 table decode, paired with fin_arith (13.2)"
fin_tbl,sparse_attn.combine,27.26,134144,4.9,32,32,2,1,2,2,4,8,1,32,8,1,1,193,0,"build/shaders","","E4M3 table decode, paired with fin_arith (13.2)"
fin_tbl,sparse_attn_t.score,16.62,134144,8.1,32,32,2,1,2,2,4,8,1,32,8,1,1,193,0,"build/shaders","","E4M3 table decode, paired with fin_arith (13.2)"
fin_tbl,sparse_attn_t.pv,26.33,134144,5.1,32,32,2,1,2,2,4,8,1,32,8,1,1,193,0,"build/shaders","","E4M3 table decode, paired with fin_arith (13.2)"
fin_tbl,wo_a,195.99,33587200,171.4,32,32,2,1,2,2,4,8,1,32,8,1,1,193,0,"build/shaders","","E4M3 table decode, paired with fin_arith (13.2)"
fin_tbl,wo_b,260.81,41984000,161.0,32,32,2,1,2,2,4,8,1,32,8,1,1,193,0,"build/shaders","","E4M3 table decode, paired with fin_arith (13.2)"
fin_tbl,wq_a.ksplit,34.11,6560000,192.3,32,32,2,1,2,2,4,8,1,32,8,1,1,193,0,"build/shaders","","E4M3 table decode, paired with fin_arith (13.2)"
fin_tbl,wq_a.kcombine,1.13,10240,9.1,32,32,2,1,2,2,4,8,1,32,8,1,1,193,0,"build/shaders","","E4M3 table decode, paired with fin_arith (13.2)"
fin_tbl,wo_a.ksplit,161.29,33587200,208.2,32,32,2,1,2,2,4,8,1,32,8,1,1,193,0,"build/shaders","","E4M3 table decode, paired with fin_arith (13.2)"
fin_tbl,wo_a.kcombine,1.36,131072,96.5,32,32,2,1,2,2,4,8,1,32,8,1,1,193,0,"build/shaders","","E4M3 table decode, paired with fin_arith (13.2)"
fin_tbl,wo_b.ksplit,204.68,41984000,205.1,32,32,2,1,2,2,4,8,1,32,8,1,1,193,0,"build/shaders","","E4M3 table decode, paired with fin_arith (13.2)"
fin_tbl,wo_b.kcombine,1.39,163840,117.9,32,32,2,1,2,2,4,8,1,32,8,1,1,193,0,"build/shaders","","E4M3 table decode, paired with fin_arith (13.2)"
fin_tbl,wkv.ksplit,8.07,2624000,325.2,32,32,2,1,2,2,4,8,1,32,8,1,1,193,0,"build/shaders","","E4M3 table decode, paired with fin_arith (13.2)"
fin_tbl,wkv.kfinish,9.98,4096,0.4,32,32,2,1,2,2,4,8,1,32,8,1,1,193,0,"build/shaders","","E4M3 table decode, paired with fin_arith (13.2)"
fin_tbl,gate.score,15.51,3932160,253.6,32,32,2,1,2,2,4,8,1,32,8,1,1,193,0,"build/shaders","","E4M3 table decode, paired with fin_arith (13.2)"
fin_tbl,gate.topk,11.80,3072,0.3,32,32,2,1,2,2,4,8,1,32,8,1,1,193,0,"build/shaders","","E4M3 table decode, paired with fin_arith (13.2)"
fin_tbl,head,5666.05,1323827200,233.6,32,32,2,1,2,2,4,8,1,32,8,1,1,193,0,"build/shaders","","E4M3 table decode, paired with fin_arith (13.2)"
fin_tbl,compressor.wkv,14.36,5242880,365.2,32,32,2,1,2,2,4,8,1,32,8,1,1,193,0,"build/shaders","","E4M3 table decode, paired with fin_arith (13.2)"
fin_tbl,compressor.wgate,14.39,5242880,364.4,32,32,2,1,2,2,4,8,1,32,8,1,1,193,0,"build/shaders","","E4M3 table decode, paired with fin_arith (13.2)"
fin_tbl,compressor.norm,3.33,8192,2.5,32,32,2,1,2,2,4,8,1,32,8,1,1,193,0,"build/shaders","","E4M3 table decode, paired with fin_arith (13.2)"
fin_tbl,compressor.store,6.88,3072,0.4,32,32,2,1,2,2,4,8,1,32,8,1,1,193,0,"build/shaders","","E4M3 table decode, paired with fin_arith (13.2)"
fin_tbl,indexer.wq_b,15.24,5248000,344.3,32,32,2,1,2,2,4,8,1,32,8,1,1,193,0,"build/shaders","","E4M3 table decode, paired with fin_arith (13.2)"
fin_tbl,indexer.q_finish,9.62,24576,2.6,32,32,2,1,2,2,4,8,1,32,8,1,1,193,0,"build/shaders","","E4M3 table decode, paired with fin_arith (13.2)"
fin_tbl,indexer.key,18.13,131072,7.2,32,32,2,1,2,2,4,8,1,32,8,1,1,193,0,"build/shaders","","E4M3 table decode, paired with fin_arith (13.2)"
fin_tbl,indexer.weights,22.45,327680,14.6,32,32,2,1,2,2,4,8,1,32,8,1,1,193,0,"build/shaders","","E4M3 table decode, paired with fin_arith (13.2)"
fin_tbl,indexer.score,16.14,16640,1.0,32,32,2,1,2,2,4,8,1,32,8,1,1,193,0,"build/shaders","","E4M3 table decode, paired with fin_arith (13.2)"
fin_tbl,indexer.topk,0.79,260,0.3,32,32,2,1,2,2,4,8,1,32,8,1,1,193,0,"build/shaders","","E4M3 table decode, paired with fin_arith (13.2)"
fin_arith,mega_mhc.post,2.35,163840,69.8,32,32,2,1,2,2,4,8,1,32,8,1,1,193,1,"build/shaders","","E4M3 arithmetic decode, paired with fin_tbl (13.2)"
fin_arith,mega_mhc.mix,5.34,1966080,368.4,32,32,2,1,2,2,4,8,1,32,8,1,1,193,1,"build/shaders","","E4M3 arithmetic decode, paired with fin_tbl (13.2)"
fin_arith,mega_mhc.final,2.99,40960,13.7,32,32,2,1,2,2,4,8,1,32,8,1,1,193,1,"build/shaders","","E4M3 arithmetic decode, paired with fin_tbl (13.2)"
fin_arith,wq_a,57.46,6560000,114.2,32,32,2,1,2,2,4,8,1,32,8,1,1,193,1,"build/shaders","","E4M3 arithmetic decode, paired with fin_tbl (13.2)"
fin_arith,wq_b,221.49,41984000,189.6,32,32,2,1,2,2,4,8,1,32,8,1,1,193,1,"build/shaders","","E4M3 arithmetic decode, paired with fin_tbl (13.2)"
fin_arith,wkv.gemv,12.83,2624000,204.5,32,32,2,1,2,2,4,8,1,32,8,1,1,193,1,"build/shaders","","E4M3 arithmetic decode, paired with fin_tbl (13.2)"
fin_arith,wkv.finish,9.96,2560,0.3,32,32,2,1,2,2,4,8,1,32,8,1,1,193,1,"build/shaders","","E4M3 arithmetic decode, paired with fin_tbl (13.2)"
fin_arith,sparse_attn.score,28.07,134144,4.8,32,32,2,1,2,2,4,8,1,32,8,1,1,193,1,"build/shaders","","E4M3 arithmetic decode, paired with fin_tbl (13.2)"
fin_arith,sparse_attn.combine,28.93,134144,4.6,32,32,2,1,2,2,4,8,1,32,8,1,1,193,1,"build/shaders","","E4M3 arithmetic decode, paired with fin_tbl (13.2)"
fin_arith,sparse_attn_t.score,17.07,134144,7.9,32,32,2,1,2,2,4,8,1,32,8,1,1,193,1,"build/shaders","","E4M3 arithmetic decode, paired with fin_tbl (13.2)"
fin_arith,sparse_attn_t.pv,28.01,134144,4.8,32,32,2,1,2,2,4,8,1,32,8,1,1,193,1,"build/shaders","","E4M3 arithmetic decode, paired with fin_tbl (13.2)"
fin_arith,wo_a,206.19,33587200,162.9,32,32,2,1,2,2,4,8,1,32,8,1,1,193,1,"build/shaders","","E4M3 arithmetic decode, paired with fin_tbl (13.2)"
fin_arith,wo_b,258.97,41984000,162.1,32,32,2,1,2,2,4,8,1,32,8,1,1,193,1,"build/shaders","","E4M3 arithmetic decode, paired with fin_tbl (13.2)"
fin_arith,wq_a.ksplit,40.30,6560000,162.8,32,32,2,1,2,2,4,8,1,32,8,1,1,193,1,"build/shaders","","E4M3 arithmetic decode, paired with fin_tbl (13.2)"
fin_arith,wq_a.kcombine,1.16,10240,8.8,32,32,2,1,2,2,4,8,1,32,8,1,1,193,1,"build/shaders","","E4M3 arithmetic decode, paired with fin_tbl (13.2)"
fin_arith,wo_a.ksplit,166.06,33587200,202.3,32,32,2,1,2,2,4,8,1,32,8,1,1,193,1,"build/shaders","","E4M3 arithmetic decode, paired with fin_tbl (13.2)"
fin_arith,wo_a.kcombine,1.48,131072,88.4,32,32,2,1,2,2,4,8,1,32,8,1,1,193,1,"build/shaders","","E4M3 arithmetic decode, paired with fin_tbl (13.2)"
fin_arith,wo_b.ksplit,211.52,41984000,198.5,32,32,2,1,2,2,4,8,1,32,8,1,1,193,1,"build/shaders","","E4M3 arithmetic decode, paired with fin_tbl (13.2)"
fin_arith,wo_b.kcombine,1.50,163840,109.1,32,32,2,1,2,2,4,8,1,32,8,1,1,193,1,"build/shaders","","E4M3 arithmetic decode, paired with fin_tbl (13.2)"
fin_arith,wkv.ksplit,12.07,2624000,217.4,32,32,2,1,2,2,4,8,1,32,8,1,1,193,1,"build/shaders","","E4M3 arithmetic decode, paired with fin_tbl (13.2)"
fin_arith,wkv.kfinish,9.52,4096,0.4,32,32,2,1,2,2,4,8,1,32,8,1,1,193,1,"build/shaders","","E4M3 arithmetic decode, paired with fin_tbl (13.2)"
fin_arith,gate.score,15.48,3932160,254.0,32,32,2,1,2,2,4,8,1,32,8,1,1,193,1,"build/shaders","","E4M3 arithmetic decode, paired with fin_tbl (13.2)"
fin_arith,gate.topk,11.75,3072,0.3,32,32,2,1,2,2,4,8,1,32,8,1,1,193,1,"build/shaders","","E4M3 arithmetic decode, paired with fin_tbl (13.2)"
fin_arith,head,5659.74,1323827200,233.9,32,32,2,1,2,2,4,8,1,32,8,1,1,193,1,"build/shaders","","E4M3 arithmetic decode, paired with fin_tbl (13.2)"
fin_arith,compressor.wkv,15.09,5242880,347.5,32,32,2,1,2,2,4,8,1,32,8,1,1,193,1,"build/shaders","","E4M3 arithmetic decode, paired with fin_tbl (13.2)"
fin_arith,compressor.wgate,14.92,5242880,351.4,32,32,2,1,2,2,4,8,1,32,8,1,1,193,1,"build/shaders","","E4M3 arithmetic decode, paired with fin_tbl (13.2)"
fin_arith,compressor.norm,3.34,8192,2.5,32,32,2,1,2,2,4,8,1,32,8,1,1,193,1,"build/shaders","","E4M3 arithmetic decode, paired with fin_tbl (13.2)"
fin_arith,compressor.store,6.88,3072,0.4,32,32,2,1,2,2,4,8,1,32,8,1,1,193,1,"build/shaders","","E4M3 arithmetic decode, paired with fin_tbl (13.2)"
fin_arith,indexer.wq_b,21.17,5248000,247.9,32,32,2,1,2,2,4,8,1,32,8,1,1,193,1,"build/shaders","","E4M3 arithmetic decode, paired with fin_tbl (13.2)"
fin_arith,indexer.q_finish,10.10,24576,2.4,32,32,2,1,2,2,4,8,1,32,8,1,1,193,1,"build/shaders","","E4M3 arithmetic decode, paired with fin_tbl (13.2)"
fin_arith,indexer.key,19.45,131072,6.7,32,32,2,1,2,2,4,8,1,32,8,1,1,193,1,"build/shaders","","E4M3 arithmetic decode, paired with fin_tbl (13.2)"
fin_arith,indexer.weights,22.64,327680,14.5,32,32,2,1,2,2,4,8,1,32,8,1,1,193,1,"build/shaders","","E4M3 arithmetic decode, paired with fin_tbl (13.2)"
fin_arith,indexer.score,16.13,16640,1.0,32,32,2,1,2,2,4,8,1,32,8,1,1,193,1,"build/shaders","","E4M3 arithmetic decode, paired with fin_tbl (13.2)"
fin_arith,indexer.topk,0.79,260,0.3,32,32,2,1,2,2,4,8,1,32,8,1,1,193,1,"build/shaders","","E4M3 arithmetic decode, paired with fin_tbl (13.2)"
dflt1,mega_mhc.post,2.34,163840,70.0,32,32,2,1,2,2,4,8,1,8,8,8,1,193,0,"build/shaders_ref","","sweep point (13.3/13.5)"
dflt1,mega_mhc.mix,5.33,1966080,368.7,32,32,2,1,2,2,4,8,1,8,8,8,1,193,0,"build/shaders_ref","","sweep point (13.3/13.5)"
dflt1,mega_mhc.final,3.12,40960,13.1,32,32,2,1,2,2,4,8,1,8,8,8,1,193,0,"build/shaders_ref","","sweep point (13.3/13.5)"
dflt1,wq_a,37.87,6560000,173.2,32,32,2,1,2,2,4,8,1,8,8,8,1,193,0,"build/shaders_ref","","sweep point (13.3/13.5)"
dflt1,wq_b,197.69,41984000,212.4,32,32,2,1,2,2,4,8,1,8,8,8,1,193,0,"build/shaders_ref","","sweep point (13.3/13.5)"
dflt1,wkv.gemv,10.23,2624000,256.5,32,32,2,1,2,2,4,8,1,8,8,8,1,193,0,"build/shaders_ref","","sweep point (13.3/13.5)"
dflt1,wkv.finish,10.68,2560,0.2,32,32,2,1,2,2,4,8,1,8,8,8,1,193,0,"build/shaders_ref","","sweep point (13.3/13.5)"
dflt1,sparse_attn.score,26.67,134144,5.0,32,32,2,1,2,2,4,8,1,8,8,8,1,193,0,"build/shaders_ref","","sweep point (13.3/13.5)"
dflt1,sparse_attn.combine,26.06,134144,5.1,32,32,2,1,2,2,4,8,1,8,8,8,1,193,0,"build/shaders_ref","","sweep point (13.3/13.5)"
dflt1,sparse_attn_t.score,18.02,134144,7.4,32,32,2,1,2,2,4,8,1,8,8,8,1,193,0,"build/shaders_ref","","sweep point (13.3/13.5)"
dflt1,sparse_attn_t.pv,32.31,134144,4.2,32,32,2,1,2,2,4,8,1,8,8,8,1,193,0,"build/shaders_ref","","sweep point (13.3/13.5)"
dflt1,sparse_attn_t.finish,3.25,1048576,323.1,32,32,2,1,2,2,4,8,1,8,8,8,1,193,0,"build/shaders_ref","","sweep point (13.3/13.5)"
dflt1,wo_a,194.43,33587200,172.7,32,32,2,1,2,2,4,8,1,8,8,8,1,193,0,"build/shaders_ref","","sweep point (13.3/13.5)"
dflt1,wo_b,260.62,41984000,161.1,32,32,2,1,2,2,4,8,1,8,8,8,1,193,0,"build/shaders_ref","","sweep point (13.3/13.5)"
dflt1,wq_a.ksplit,35.10,6560000,186.9,32,32,2,1,2,2,4,8,1,8,8,8,1,193,0,"build/shaders_ref","","sweep point (13.3/13.5)"
dflt1,wq_a.kcombine,1.13,10240,9.0,32,32,2,1,2,2,4,8,1,8,8,8,1,193,0,"build/shaders_ref","","sweep point (13.3/13.5)"
dflt1,wo_a.ksplit,161.90,33587200,207.5,32,32,2,1,2,2,4,8,1,8,8,8,1,193,0,"build/shaders_ref","","sweep point (13.3/13.5)"
dflt1,wo_a.kcombine,1.36,131072,96.7,32,32,2,1,2,2,4,8,1,8,8,8,1,193,0,"build/shaders_ref","","sweep point (13.3/13.5)"
dflt1,wo_b.ksplit,204.00,41984000,205.8,32,32,2,1,2,2,4,8,1,8,8,8,1,193,0,"build/shaders_ref","","sweep point (13.3/13.5)"
dflt1,wo_b.kcombine,1.37,163840,119.5,32,32,2,1,2,2,4,8,1,8,8,8,1,193,0,"build/shaders_ref","","sweep point (13.3/13.5)"
dflt1,wkv.ksplit,8.06,2624000,325.4,32,32,2,1,2,2,4,8,1,8,8,8,1,193,0,"build/shaders_ref","","sweep point (13.3/13.5)"
dflt1,wkv.kfinish,9.09,4096,0.5,32,32,2,1,2,2,4,8,1,8,8,8,1,193,0,"build/shaders_ref","","sweep point (13.3/13.5)"
dflt1,gate.score,15.43,3932160,254.8,32,32,2,1,2,2,4,8,1,8,8,8,1,193,0,"build/shaders_ref","","sweep point (13.3/13.5)"
dflt1,gate.topk,11.80,3072,0.3,32,32,2,1,2,2,4,8,1,8,8,8,1,193,0,"build/shaders_ref","","sweep point (13.3/13.5)"
dflt1,head,5635.68,1323827200,234.9,32,32,2,1,2,2,4,8,1,8,8,8,1,193,0,"build/shaders_ref","","sweep point (13.3/13.5)"
dflt1,compressor.wkv,14.15,5242880,370.6,32,32,2,1,2,2,4,8,1,8,8,8,1,193,0,"build/shaders_ref","","sweep point (13.3/13.5)"
dflt1,compressor.wgate,14.11,5242880,371.5,32,32,2,1,2,2,4,8,1,8,8,8,1,193,0,"build/shaders_ref","","sweep point (13.3/13.5)"
dflt1,compressor.norm,3.27,8192,2.5,32,32,2,1,2,2,4,8,1,8,8,8,1,193,0,"build/shaders_ref","","sweep point (13.3/13.5)"
dflt1,compressor.store,6.76,3072,0.5,32,32,2,1,2,2,4,8,1,8,8,8,1,193,0,"build/shaders_ref","","sweep point (13.3/13.5)"
dflt1,indexer.wq_b,15.21,5248000,345.1,32,32,2,1,2,2,4,8,1,8,8,8,1,193,0,"build/shaders_ref","","sweep point (13.3/13.5)"
dflt1,indexer.q_finish,9.37,24576,2.6,32,32,2,1,2,2,4,8,1,8,8,8,1,193,0,"build/shaders_ref","","sweep point (13.3/13.5)"
dflt1,indexer.key,17.51,131072,7.5,32,32,2,1,2,2,4,8,1,8,8,8,1,193,0,"build/shaders_ref","","sweep point (13.3/13.5)"
dflt1,indexer.weights,21.75,327680,15.1,32,32,2,1,2,2,4,8,1,8,8,8,1,193,0,"build/shaders_ref","","sweep point (13.3/13.5)"
dflt1,indexer.score,16.18,16640,1.0,32,32,2,1,2,2,4,8,1,8,8,8,1,193,0,"build/shaders_ref","","sweep point (13.3/13.5)"
dflt1,indexer.topk,0.79,260,0.3,32,32,2,1,2,2,4,8,1,8,8,8,1,193,0,"build/shaders_ref","","sweep point (13.3/13.5)"
dflt2,mega_mhc.post,2.34,163840,70.0,32,32,2,1,2,2,4,8,1,8,8,8,1,193,0,"build/shaders_ref","","sweep point (13.3/13.5)"
dflt2,mega_mhc.mix,5.33,1966080,369.0,32,32,2,1,2,2,4,8,1,8,8,8,1,193,0,"build/shaders_ref","","sweep point (13.3/13.5)"
dflt2,mega_mhc.final,3.11,40960,13.2,32,32,2,1,2,2,4,8,1,8,8,8,1,193,0,"build/shaders_ref","","sweep point (13.3/13.5)"
dflt2,wq_a,38.11,6560000,172.1,32,32,2,1,2,2,4,8,1,8,8,8,1,193,0,"build/shaders_ref","","sweep point (13.3/13.5)"
dflt2,wq_b,194.15,41984000,216.2,32,32,2,1,2,2,4,8,1,8,8,8,1,193,0,"build/shaders_ref","","sweep point (13.3/13.5)"
dflt2,wkv.gemv,9.68,2624000,271.2,32,32,2,1,2,2,4,8,1,8,8,8,1,193,0,"build/shaders_ref","","sweep point (13.3/13.5)"
dflt2,wkv.finish,10.52,2560,0.2,32,32,2,1,2,2,4,8,1,8,8,8,1,193,0,"build/shaders_ref","","sweep point (13.3/13.5)"
dflt2,sparse_attn.score,26.32,134144,5.1,32,32,2,1,2,2,4,8,1,8,8,8,1,193,0,"build/shaders_ref","","sweep point (13.3/13.5)"
dflt2,sparse_attn.combine,27.58,134144,4.9,32,32,2,1,2,2,4,8,1,8,8,8,1,193,0,"build/shaders_ref","","sweep point (13.3/13.5)"
dflt2,sparse_attn_t.score,18.20,134144,7.4,32,32,2,1,2,2,4,8,1,8,8,8,1,193,0,"build/shaders_ref","","sweep point (13.3/13.5)"
dflt2,sparse_attn_t.pv,32.28,134144,4.2,32,32,2,1,2,2,4,8,1,8,8,8,1,193,0,"build/shaders_ref","","sweep point (13.3/13.5)"
dflt2,sparse_attn_t.finish,3.29,1048576,318.4,32,32,2,1,2,2,4,8,1,8,8,8,1,193,0,"build/shaders_ref","","sweep point (13.3/13.5)"
dflt2,wo_a,196.22,33587200,171.2,32,32,2,1,2,2,4,8,1,8,8,8,1,193,0,"build/shaders_ref","","sweep point (13.3/13.5)"
dflt2,wo_b,264.14,41984000,158.9,32,32,2,1,2,2,4,8,1,8,8,8,1,193,0,"build/shaders_ref","","sweep point (13.3/13.5)"
dflt2,wq_a.ksplit,34.46,6560000,190.4,32,32,2,1,2,2,4,8,1,8,8,8,1,193,0,"build/shaders_ref","","sweep point (13.3/13.5)"
dflt2,wq_a.kcombine,1.14,10240,9.0,32,32,2,1,2,2,4,8,1,8,8,8,1,193,0,"build/shaders_ref","","sweep point (13.3/13.5)"
dflt2,wo_a.ksplit,161.88,33587200,207.5,32,32,2,1,2,2,4,8,1,8,8,8,1,193,0,"build/shaders_ref","","sweep point (13.3/13.5)"
dflt2,wo_a.kcombine,1.40,131072,93.4,32,32,2,1,2,2,4,8,1,8,8,8,1,193,0,"build/shaders_ref","","sweep point (13.3/13.5)"
dflt2,wo_b.ksplit,205.07,41984000,204.7,32,32,2,1,2,2,4,8,1,8,8,8,1,193,0,"build/shaders_ref","","sweep point (13.3/13.5)"
dflt2,wo_b.kcombine,1.38,163840,118.3,32,32,2,1,2,2,4,8,1,8,8,8,1,193,0,"build/shaders_ref","","sweep point (13.3/13.5)"
dflt2,wkv.ksplit,8.09,2624000,324.5,32,32,2,1,2,2,4,8,1,8,8,8,1,193,0,"build/shaders_ref","","sweep point (13.3/13.5)"
dflt2,wkv.kfinish,9.34,4096,0.4,32,32,2,1,2,2,4,8,1,8,8,8,1,193,0,"build/shaders_ref","","sweep point (13.3/13.5)"
dflt2,gate.score,15.53,3932160,253.2,32,32,2,1,2,2,4,8,1,8,8,8,1,193,0,"build/shaders_ref","","sweep point (13.3/13.5)"
dflt2,gate.topk,11.93,3072,0.3,32,32,2,1,2,2,4,8,1,8,8,8,1,193,0,"build/shaders_ref","","sweep point (13.3/13.5)"
dflt2,head,5642.96,1323827200,234.6,32,32,2,1,2,2,4,8,1,8,8,8,1,193,0,"build/shaders_ref","","sweep point (13.3/13.5)"
dflt2,compressor.wkv,14.20,5242880,369.2,32,32,2,1,2,2,4,8,1,8,8,8,1,193,0,"build/shaders_ref","","sweep point (13.3/13.5)"
dflt2,compressor.wgate,14.16,5242880,370.2,32,32,2,1,2,2,4,8,1,8,8,8,1,193,0,"build/shaders_ref","","sweep point (13.3/13.5)"
dflt2,compressor.norm,3.28,8192,2.5,32,32,2,1,2,2,4,8,1,8,8,8,1,193,0,"build/shaders_ref","","sweep point (13.3/13.5)"
dflt2,compressor.store,6.82,3072,0.5,32,32,2,1,2,2,4,8,1,8,8,8,1,193,0,"build/shaders_ref","","sweep point (13.3/13.5)"
dflt2,indexer.wq_b,15.19,5248000,345.5,32,32,2,1,2,2,4,8,1,8,8,8,1,193,0,"build/shaders_ref","","sweep point (13.3/13.5)"
dflt2,indexer.q_finish,9.55,24576,2.6,32,32,2,1,2,2,4,8,1,8,8,8,1,193,0,"build/shaders_ref","","sweep point (13.3/13.5)"
dflt2,indexer.key,17.88,131072,7.3,32,32,2,1,2,2,4,8,1,8,8,8,1,193,0,"build/shaders_ref","","sweep point (13.3/13.5)"
dflt2,indexer.weights,21.72,327680,15.1,32,32,2,1,2,2,4,8,1,8,8,8,1,193,0,"build/shaders_ref","","sweep point (13.3/13.5)"
dflt2,indexer.score,16.14,16640,1.0,32,32,2,1,2,2,4,8,1,8,8,8,1,193,0,"build/shaders_ref","","sweep point (13.3/13.5)"
dflt2,indexer.topk,0.79,260,0.3,32,32,2,1,2,2,4,8,1,8,8,8,1,193,0,"build/shaders_ref","","sweep point (13.3/13.5)"
dflt3,mega_mhc.post,2.34,163840,70.0,32,32,2,1,2,2,4,8,1,8,8,8,1,193,0,"build/shaders_ref","","sweep point (13.3/13.5)"
dflt3,mega_mhc.mix,5.33,1966080,369.0,32,32,2,1,2,2,4,8,1,8,8,8,1,193,0,"build/shaders_ref","","sweep point (13.3/13.5)"
dflt3,mega_mhc.final,3.11,40960,13.2,32,32,2,1,2,2,4,8,1,8,8,8,1,193,0,"build/shaders_ref","","sweep point (13.3/13.5)"
dflt3,wq_a,38.34,6560000,171.1,32,32,2,1,2,2,4,8,1,8,8,8,1,193,0,"build/shaders_ref","","sweep point (13.3/13.5)"
dflt3,wq_b,194.37,41984000,216.0,32,32,2,1,2,2,4,8,1,8,8,8,1,193,0,"build/shaders_ref","","sweep point (13.3/13.5)"
dflt3,wkv.gemv,9.56,2624000,274.5,32,32,2,1,2,2,4,8,1,8,8,8,1,193,0,"build/shaders_ref","","sweep point (13.3/13.5)"
dflt3,wkv.finish,9.71,2560,0.3,32,32,2,1,2,2,4,8,1,8,8,8,1,193,0,"build/shaders_ref","","sweep point (13.3/13.5)"
dflt3,sparse_attn.score,26.11,134144,5.1,32,32,2,1,2,2,4,8,1,8,8,8,1,193,0,"build/shaders_ref","","sweep point (13.3/13.5)"
dflt3,sparse_attn.combine,27.91,134144,4.8,32,32,2,1,2,2,4,8,1,8,8,8,1,193,0,"build/shaders_ref","","sweep point (13.3/13.5)"
dflt3,sparse_attn_t.score,18.29,134144,7.3,32,32,2,1,2,2,4,8,1,8,8,8,1,193,0,"build/shaders_ref","","sweep point (13.3/13.5)"
dflt3,sparse_attn_t.pv,32.48,134144,4.1,32,32,2,1,2,2,4,8,1,8,8,8,1,193,0,"build/shaders_ref","","sweep point (13.3/13.5)"
dflt3,sparse_attn_t.finish,3.32,1048576,316.3,32,32,2,1,2,2,4,8,1,8,8,8,1,193,0,"build/shaders_ref","","sweep point (13.3/13.5)"
dflt3,wo_a,195.69,33587200,171.6,32,32,2,1,2,2,4,8,1,8,8,8,1,193,0,"build/shaders_ref","","sweep point (13.3/13.5)"
dflt3,wo_b,263.48,41984000,159.3,32,32,2,1,2,2,4,8,1,8,8,8,1,193,0,"build/shaders_ref","","sweep point (13.3/13.5)"
dflt3,wq_a.ksplit,34.62,6560000,189.5,32,32,2,1,2,2,4,8,1,8,8,8,1,193,0,"build/shaders_ref","","sweep point (13.3/13.5)"
dflt3,wq_a.kcombine,1.15,10240,8.9,32,32,2,1,2,2,4,8,1,8,8,8,1,193,0,"build/shaders_ref","","sweep point (13.3/13.5)"
dflt3,wo_a.ksplit,162.29,33587200,207.0,32,32,2,1,2,2,4,8,1,8,8,8,1,193,0,"build/shaders_ref","","sweep point (13.3/13.5)"
dflt3,wo_a.kcombine,1.39,131072,94.5,32,32,2,1,2,2,4,8,1,8,8,8,1,193,0,"build/shaders_ref","","sweep point (13.3/13.5)"
dflt3,wo_b.ksplit,205.35,41984000,204.4,32,32,2,1,2,2,4,8,1,8,8,8,1,193,0,"build/shaders_ref","","sweep point (13.3/13.5)"
dflt3,wo_b.kcombine,1.40,163840,116.9,32,32,2,1,2,2,4,8,1,8,8,8,1,193,0,"build/shaders_ref","","sweep point (13.3/13.5)"
dflt3,wkv.ksplit,8.09,2624000,324.5,32,32,2,1,2,2,4,8,1,8,8,8,1,193,0,"build/shaders_ref","","sweep point (13.3/13.5)"
dflt3,wkv.kfinish,9.19,4096,0.4,32,32,2,1,2,2,4,8,1,8,8,8,1,193,0,"build/shaders_ref","","sweep point (13.3/13.5)"
dflt3,gate.score,15.60,3932160,252.1,32,32,2,1,2,2,4,8,1,8,8,8,1,193,0,"build/shaders_ref","","sweep point (13.3/13.5)"
dflt3,gate.topk,11.82,3072,0.3,32,32,2,1,2,2,4,8,1,8,8,8,1,193,0,"build/shaders_ref","","sweep point (13.3/13.5)"
dflt3,head,5642.00,1323827200,234.6,32,32,2,1,2,2,4,8,1,8,8,8,1,193,0,"build/shaders_ref","","sweep point (13.3/13.5)"
dflt3,compressor.wkv,14.24,5242880,368.1,32,32,2,1,2,2,4,8,1,8,8,8,1,193,0,"build/shaders_ref","","sweep point (13.3/13.5)"
dflt3,compressor.wgate,14.18,5242880,369.8,32,32,2,1,2,2,4,8,1,8,8,8,1,193,0,"build/shaders_ref","","sweep point (13.3/13.5)"
dflt3,compressor.norm,3.28,8192,2.5,32,32,2,1,2,2,4,8,1,8,8,8,1,193,0,"build/shaders_ref","","sweep point (13.3/13.5)"
dflt3,compressor.store,6.85,3072,0.4,32,32,2,1,2,2,4,8,1,8,8,8,1,193,0,"build/shaders_ref","","sweep point (13.3/13.5)"
dflt3,indexer.wq_b,15.06,5248000,348.5,32,32,2,1,2,2,4,8,1,8,8,8,1,193,0,"build/shaders_ref","","sweep point (13.3/13.5)"
dflt3,indexer.q_finish,9.46,24576,2.6,32,32,2,1,2,2,4,8,1,8,8,8,1,193,0,"build/shaders_ref","","sweep point (13.3/13.5)"
dflt3,indexer.key,17.65,131072,7.4,32,32,2,1,2,2,4,8,1,8,8,8,1,193,0,"build/shaders_ref","","sweep point (13.3/13.5)"
dflt3,indexer.weights,21.74,327680,15.1,32,32,2,1,2,2,4,8,1,8,8,8,1,193,0,"build/shaders_ref","","sweep point (13.3/13.5)"
dflt3,indexer.score,16.17,16640,1.0,32,32,2,1,2,2,4,8,1,8,8,8,1,193,0,"build/shaders_ref","","sweep point (13.3/13.5)"
dflt3,indexer.topk,0.79,260,0.3,32,32,2,1,2,2,4,8,1,8,8,8,1,193,0,"build/shaders_ref","","sweep point (13.3/13.5)"
hh1,mega_mhc.post,2.34,163840,69.9,32,32,2,1,2,2,4,8,1,32,8,1,1,193,0,"build/shaders_ref","","sweep point (13.3/13.5)"
hh1,mega_mhc.mix,5.33,1966080,368.9,32,32,2,1,2,2,4,8,1,32,8,1,1,193,0,"build/shaders_ref","","sweep point (13.3/13.5)"
hh1,mega_mhc.final,3.11,40960,13.2,32,32,2,1,2,2,4,8,1,32,8,1,1,193,0,"build/shaders_ref","","sweep point (13.3/13.5)"
hh1,wq_a,38.31,6560000,171.2,32,32,2,1,2,2,4,8,1,32,8,1,1,193,0,"build/shaders_ref","","sweep point (13.3/13.5)"
hh1,wq_b,194.71,41984000,215.6,32,32,2,1,2,2,4,8,1,32,8,1,1,193,0,"build/shaders_ref","","sweep point (13.3/13.5)"
hh1,wkv.gemv,9.65,2624000,272.0,32,32,2,1,2,2,4,8,1,32,8,1,1,193,0,"build/shaders_ref","","sweep point (13.3/13.5)"
hh1,wkv.finish,10.15,2560,0.3,32,32,2,1,2,2,4,8,1,32,8,1,1,193,0,"build/shaders_ref","","sweep point (13.3/13.5)"
hh1,sparse_attn.score,26.60,134144,5.0,32,32,2,1,2,2,4,8,1,32,8,1,1,193,0,"build/shaders_ref","","sweep point (13.3/13.5)"
hh1,sparse_attn.combine,27.84,134144,4.8,32,32,2,1,2,2,4,8,1,32,8,1,1,193,0,"build/shaders_ref","","sweep point (13.3/13.5)"
hh1,sparse_attn_t.score,16.84,134144,8.0,32,32,2,1,2,2,4,8,1,32,8,1,1,193,0,"build/shaders_ref","","sweep point (13.3/13.5)"
hh1,sparse_attn_t.pv,26.31,134144,5.1,32,32,2,1,2,2,4,8,1,32,8,1,1,193,0,"build/shaders_ref","","sweep point (13.3/13.5)"
hh1,wo_a,196.24,33587200,171.2,32,32,2,1,2,2,4,8,1,32,8,1,1,193,0,"build/shaders_ref","","sweep point (13.3/13.5)"
hh1,wo_b,262.18,41984000,160.1,32,32,2,1,2,2,4,8,1,32,8,1,1,193,0,"build/shaders_ref","","sweep point (13.3/13.5)"
hh1,wq_a.ksplit,34.46,6560000,190.4,32,32,2,1,2,2,4,8,1,32,8,1,1,193,0,"build/shaders_ref","","sweep point (13.3/13.5)"
hh1,wq_a.kcombine,1.16,10240,8.8,32,32,2,1,2,2,4,8,1,32,8,1,1,193,0,"build/shaders_ref","","sweep point (13.3/13.5)"
hh1,wo_a.ksplit,162.20,33587200,207.1,32,32,2,1,2,2,4,8,1,32,8,1,1,193,0,"build/shaders_ref","","sweep point (13.3/13.5)"
hh1,wo_a.kcombine,1.35,131072,96.9,32,32,2,1,2,2,4,8,1,32,8,1,1,193,0,"build/shaders_ref","","sweep point (13.3/13.5)"
hh1,wo_b.ksplit,204.78,41984000,205.0,32,32,2,1,2,2,4,8,1,32,8,1,1,193,0,"build/shaders_ref","","sweep point (13.3/13.5)"
hh1,wo_b.kcombine,1.41,163840,116.4,32,32,2,1,2,2,4,8,1,32,8,1,1,193,0,"build/shaders_ref","","sweep point (13.3/13.5)"
hh1,wkv.ksplit,8.19,2624000,320.6,32,32,2,1,2,2,4,8,1,32,8,1,1,193,0,"build/shaders_ref","","sweep point (13.3/13.5)"
hh1,wkv.kfinish,9.39,4096,0.4,32,32,2,1,2,2,4,8,1,32,8,1,1,193,0,"build/shaders_ref","","sweep point (13.3/13.5)"
hh1,gate.score,15.73,3932160,250.0,32,32,2,1,2,2,4,8,1,32,8,1,1,193,0,"build/shaders_ref","","sweep point (13.3/13.5)"
hh1,gate.topk,12.05,3072,0.3,32,32,2,1,2,2,4,8,1,32,8,1,1,193,0,"build/shaders_ref","","sweep point (13.3/13.5)"
hh1,head,5669.44,1323827200,233.5,32,32,2,1,2,2,4,8,1,32,8,1,1,193,0,"build/shaders_ref","","sweep point (13.3/13.5)"
hh1,compressor.wkv,14.62,5242880,358.5,32,32,2,1,2,2,4,8,1,32,8,1,1,193,0,"build/shaders_ref","","sweep point (13.3/13.5)"
hh1,compressor.wgate,14.34,5242880,365.6,32,32,2,1,2,2,4,8,1,32,8,1,1,193,0,"build/shaders_ref","","sweep point (13.3/13.5)"
hh1,compressor.norm,3.35,8192,2.4,32,32,2,1,2,2,4,8,1,32,8,1,1,193,0,"build/shaders_ref","","sweep point (13.3/13.5)"
hh1,compressor.store,6.92,3072,0.4,32,32,2,1,2,2,4,8,1,32,8,1,1,193,0,"build/shaders_ref","","sweep point (13.3/13.5)"
hh1,indexer.wq_b,15.38,5248000,341.2,32,32,2,1,2,2,4,8,1,32,8,1,1,193,0,"build/shaders_ref","","sweep point (13.3/13.5)"
hh1,indexer.q_finish,9.69,24576,2.5,32,32,2,1,2,2,4,8,1,32,8,1,1,193,0,"build/shaders_ref","","sweep point (13.3/13.5)"
hh1,indexer.key,18.17,131072,7.2,32,32,2,1,2,2,4,8,1,32,8,1,1,193,0,"build/shaders_ref","","sweep point (13.3/13.5)"
hh1,indexer.weights,22.43,327680,14.6,32,32,2,1,2,2,4,8,1,32,8,1,1,193,0,"build/shaders_ref","","sweep point (13.3/13.5)"
hh1,indexer.score,16.15,16640,1.0,32,32,2,1,2,2,4,8,1,32,8,1,1,193,0,"build/shaders_ref","","sweep point (13.3/13.5)"
hh1,indexer.topk,0.79,260,0.3,32,32,2,1,2,2,4,8,1,32,8,1,1,193,0,"build/shaders_ref","","sweep point (13.3/13.5)"
hh2,mega_mhc.post,2.34,163840,70.0,32,32,2,2,2,2,4,8,1,32,8,1,1,193,0,"build/shaders_ref","","sweep point (13.3/13.5)"
hh2,mega_mhc.mix,5.33,1966080,368.8,32,32,2,2,2,2,4,8,1,32,8,1,1,193,0,"build/shaders_ref","","sweep point (13.3/13.5)"
hh2,mega_mhc.final,3.10,40960,13.2,32,32,2,2,2,2,4,8,1,32,8,1,1,193,0,"build/shaders_ref","","sweep point (13.3/13.5)"
hh2,wq_a,37.86,6560000,173.3,32,32,2,2,2,2,4,8,1,32,8,1,1,193,0,"build/shaders_ref","","sweep point (13.3/13.5)"
hh2,wq_b,193.09,41984000,217.4,32,32,2,2,2,2,4,8,1,32,8,1,1,193,0,"build/shaders_ref","","sweep point (13.3/13.5)"
hh2,wkv.gemv,9.76,2624000,268.8,32,32,2,2,2,2,4,8,1,32,8,1,1,193,0,"build/shaders_ref","","sweep point (13.3/13.5)"
hh2,wkv.finish,10.50,2560,0.2,32,32,2,2,2,2,4,8,1,32,8,1,1,193,0,"build/shaders_ref","","sweep point (13.3/13.5)"
hh2,sparse_attn.score,36.14,134144,3.7,32,32,2,2,2,2,4,8,1,32,8,1,1,193,0,"build/shaders_ref","","sweep point (13.3/13.5)"
hh2,sparse_attn.combine,39.46,134144,3.4,32,32,2,2,2,2,4,8,1,32,8,1,1,193,0,"build/shaders_ref","","sweep point (13.3/13.5)"
hh2,sparse_attn_t.score,16.10,134144,8.3,32,32,2,2,2,2,4,8,1,32,8,1,1,193,0,"build/shaders_ref","","sweep point (13.3/13.5)"
hh2,sparse_attn_t.pv,26.35,134144,5.1,32,32,2,2,2,2,4,8,1,32,8,1,1,193,0,"build/shaders_ref","","sweep point (13.3/13.5)"
hh2,wo_a,196.76,33587200,170.7,32,32,2,2,2,2,4,8,1,32,8,1,1,193,0,"build/shaders_ref","","sweep point (13.3/13.5)"
hh2,wo_b,262.65,41984000,159.8,32,32,2,2,2,2,4,8,1,32,8,1,1,193,0,"build/shaders_ref","","sweep point (13.3/13.5)"
hh2,wq_a.ksplit,34.64,6560000,189.4,32,32,2,2,2,2,4,8,1,32,8,1,1,193,0,"build/shaders_ref","","sweep point (13.3/13.5)"
hh2,wq_a.kcombine,1.15,10240,8.9,32,32,2,2,2,2,4,8,1,32,8,1,1,193,0,"build/shaders_ref","","sweep point (13.3/13.5)"
hh2,wo_a.ksplit,162.12,33587200,207.2,32,32,2,2,2,2,4,8,1,32,8,1,1,193,0,"build/shaders_ref","","sweep point (13.3/13.5)"
hh2,wo_a.kcombine,1.35,131072,97.0,32,32,2,2,2,2,4,8,1,32,8,1,1,193,0,"build/shaders_ref","","sweep point (13.3/13.5)"
hh2,wo_b.ksplit,205.14,41984000,204.7,32,32,2,2,2,2,4,8,1,32,8,1,1,193,0,"build/shaders_ref","","sweep point (13.3/13.5)"
hh2,wo_b.kcombine,1.41,163840,116.6,32,32,2,2,2,2,4,8,1,32,8,1,1,193,0,"build/shaders_ref","","sweep point (13.3/13.5)"
hh2,wkv.ksplit,8.18,2624000,321.0,32,32,2,2,2,2,4,8,1,32,8,1,1,193,0,"build/shaders_ref","","sweep point (13.3/13.5)"
hh2,wkv.kfinish,9.43,4096,0.4,32,32,2,2,2,2,4,8,1,32,8,1,1,193,0,"build/shaders_ref","","sweep point (13.3/13.5)"
hh2,gate.score,15.84,3932160,248.3,32,32,2,2,2,2,4,8,1,32,8,1,1,193,0,"build/shaders_ref","","sweep point (13.3/13.5)"
hh2,gate.topk,12.08,3072,0.3,32,32,2,2,2,2,4,8,1,32,8,1,1,193,0,"build/shaders_ref","","sweep point (13.3/13.5)"
hh2,head,5662.43,1323827200,233.8,32,32,2,2,2,2,4,8,1,32,8,1,1,193,0,"build/shaders_ref","","sweep point (13.3/13.5)"
hh2,compressor.wkv,15.01,5242880,349.3,32,32,2,2,2,2,4,8,1,32,8,1,1,193,0,"build/shaders_ref","","sweep point (13.3/13.5)"
hh2,compressor.wgate,14.38,5242880,364.7,32,32,2,2,2,2,4,8,1,32,8,1,1,193,0,"build/shaders_ref","","sweep point (13.3/13.5)"
hh2,compressor.norm,3.33,8192,2.5,32,32,2,2,2,2,4,8,1,32,8,1,1,193,0,"build/shaders_ref","","sweep point (13.3/13.5)"
hh2,compressor.store,6.92,3072,0.4,32,32,2,2,2,2,4,8,1,32,8,1,1,193,0,"build/shaders_ref","","sweep point (13.3/13.5)"
hh2,indexer.wq_b,15.40,5248000,340.8,32,32,2,2,2,2,4,8,1,32,8,1,1,193,0,"build/shaders_ref","","sweep point (13.3/13.5)"
hh2,indexer.q_finish,9.68,24576,2.5,32,32,2,2,2,2,4,8,1,32,8,1,1,193,0,"build/shaders_ref","","sweep point (13.3/13.5)"
hh2,indexer.key,18.13,131072,7.2,32,32,2,2,2,2,4,8,1,32,8,1,1,193,0,"build/shaders_ref","","sweep point (13.3/13.5)"
hh2,indexer.weights,22.37,327680,14.6,32,32,2,2,2,2,4,8,1,32,8,1,1,193,0,"build/shaders_ref","","sweep point (13.3/13.5)"
hh2,indexer.score,16.17,16640,1.0,32,32,2,2,2,2,4,8,1,32,8,1,1,193,0,"build/shaders_ref","","sweep point (13.3/13.5)"
hh2,indexer.topk,0.79,260,0.3,32,32,2,2,2,2,4,8,1,32,8,1,1,193,0,"build/shaders_ref","","sweep point (13.3/13.5)"
hh4,mega_mhc.post,2.34,163840,69.9,32,32,2,4,2,2,4,8,1,32,8,1,1,193,0,"build/shaders_ref","","sweep point (13.3/13.5)"
hh4,mega_mhc.mix,5.33,1966080,368.7,32,32,2,4,2,2,4,8,1,32,8,1,1,193,0,"build/shaders_ref","","sweep point (13.3/13.5)"
hh4,mega_mhc.final,3.10,40960,13.2,32,32,2,4,2,2,4,8,1,32,8,1,1,193,0,"build/shaders_ref","","sweep point (13.3/13.5)"
hh4,wq_a,37.91,6560000,173.0,32,32,2,4,2,2,4,8,1,32,8,1,1,193,0,"build/shaders_ref","","sweep point (13.3/13.5)"
hh4,wq_b,193.65,41984000,216.8,32,32,2,4,2,2,4,8,1,32,8,1,1,193,0,"build/shaders_ref","","sweep point (13.3/13.5)"
hh4,wkv.gemv,9.65,2624000,271.9,32,32,2,4,2,2,4,8,1,32,8,1,1,193,0,"build/shaders_ref","","sweep point (13.3/13.5)"
hh4,wkv.finish,9.63,2560,0.3,32,32,2,4,2,2,4,8,1,32,8,1,1,193,0,"build/shaders_ref","","sweep point (13.3/13.5)"
hh4,sparse_attn.score,52.41,134144,2.6,32,32,2,4,2,2,4,8,1,32,8,1,1,193,0,"build/shaders_ref","","sweep point (13.3/13.5)"
hh4,sparse_attn.combine,64.92,134144,2.1,32,32,2,4,2,2,4,8,1,32,8,1,1,193,0,"build/shaders_ref","","sweep point (13.3/13.5)"
hh4,sparse_attn_t.score,14.90,134144,9.0,32,32,2,4,2,2,4,8,1,32,8,1,1,193,0,"build/shaders_ref","","sweep point (13.3/13.5)"
hh4,sparse_attn_t.pv,26.77,134144,5.0,32,32,2,4,2,2,4,8,1,32,8,1,1,193,0,"build/shaders_ref","","sweep point (13.3/13.5)"
hh4,wo_a,195.93,33587200,171.4,32,32,2,4,2,2,4,8,1,32,8,1,1,193,0,"build/shaders_ref","","sweep point (13.3/13.5)"
hh4,wo_b,261.16,41984000,160.8,32,32,2,4,2,2,4,8,1,32,8,1,1,193,0,"build/shaders_ref","","sweep point (13.3/13.5)"
hh4,wq_a.ksplit,34.37,6560000,190.9,32,32,2,4,2,2,4,8,1,32,8,1,1,193,0,"build/shaders_ref","","sweep point (13.3/13.5)"
hh4,wq_a.kcombine,1.13,10240,9.1,32,32,2,4,2,2,4,8,1,32,8,1,1,193,0,"build/shaders_ref","","sweep point (13.3/13.5)"
hh4,wo_a.ksplit,161.50,33587200,208.0,32,32,2,4,2,2,4,8,1,32,8,1,1,193,0,"build/shaders_ref","","sweep point (13.3/13.5)"
hh4,wo_a.kcombine,1.36,131072,96.6,32,32,2,4,2,2,4,8,1,32,8,1,1,193,0,"build/shaders_ref","","sweep point (13.3/13.5)"
hh4,wo_b.ksplit,205.03,41984000,204.8,32,32,2,4,2,2,4,8,1,32,8,1,1,193,0,"build/shaders_ref","","sweep point (13.3/13.5)"
hh4,wo_b.kcombine,1.41,163840,116.1,32,32,2,4,2,2,4,8,1,32,8,1,1,193,0,"build/shaders_ref","","sweep point (13.3/13.5)"
hh4,wkv.ksplit,8.13,2624000,322.8,32,32,2,4,2,2,4,8,1,32,8,1,1,193,0,"build/shaders_ref","","sweep point (13.3/13.5)"
hh4,wkv.kfinish,9.71,4096,0.4,32,32,2,4,2,2,4,8,1,32,8,1,1,193,0,"build/shaders_ref","","sweep point (13.3/13.5)"
hh4,gate.score,15.72,3932160,250.1,32,32,2,4,2,2,4,8,1,32,8,1,1,193,0,"build/shaders_ref","","sweep point (13.3/13.5)"
hh4,gate.topk,12.04,3072,0.3,32,32,2,4,2,2,4,8,1,32,8,1,1,193,0,"build/shaders_ref","","sweep point (13.3/13.5)"
hh4,head,5655.32,1323827200,234.1,32,32,2,4,2,2,4,8,1,32,8,1,1,193,0,"build/shaders_ref","","sweep point (13.3/13.5)"
hh4,compressor.wkv,14.99,5242880,349.7,32,32,2,4,2,2,4,8,1,32,8,1,1,193,0,"build/shaders_ref","","sweep point (13.3/13.5)"
hh4,compressor.wgate,15.00,5242880,349.6,32,32,2,4,2,2,4,8,1,32,8,1,1,193,0,"build/shaders_ref","","sweep point (13.3/13.5)"
hh4,compressor.norm,3.34,8192,2.5,32,32,2,4,2,2,4,8,1,32,8,1,1,193,0,"build/shaders_ref","","sweep point (13.3/13.5)"
hh4,compressor.store,6.97,3072,0.4,32,32,2,4,2,2,4,8,1,32,8,1,1,193,0,"build/shaders_ref","","sweep point (13.3/13.5)"
hh4,indexer.wq_b,15.32,5248000,342.5,32,32,2,4,2,2,4,8,1,32,8,1,1,193,0,"build/shaders_ref","","sweep point (13.3/13.5)"
hh4,indexer.q_finish,9.68,24576,2.5,32,32,2,4,2,2,4,8,1,32,8,1,1,193,0,"build/shaders_ref","","sweep point (13.3/13.5)"
hh4,indexer.key,18.08,131072,7.2,32,32,2,4,2,2,4,8,1,32,8,1,1,193,0,"build/shaders_ref","","sweep point (13.3/13.5)"
hh4,indexer.weights,22.37,327680,14.6,32,32,2,4,2,2,4,8,1,32,8,1,1,193,0,"build/shaders_ref","","sweep point (13.3/13.5)"
hh4,indexer.score,16.18,16640,1.0,32,32,2,4,2,2,4,8,1,32,8,1,1,193,0,"build/shaders_ref","","sweep point (13.3/13.5)"
hh4,indexer.topk,0.79,260,0.3,32,32,2,4,2,2,4,8,1,32,8,1,1,193,0,"build/shaders_ref","","sweep point (13.3/13.5)"
hh8,mega_mhc.post,2.34,163840,69.9,32,32,2,8,2,2,4,8,1,32,8,1,1,193,0,"build/shaders_ref","","sweep point (13.3/13.5)"
hh8,mega_mhc.mix,5.33,1966080,368.7,32,32,2,8,2,2,4,8,1,32,8,1,1,193,0,"build/shaders_ref","","sweep point (13.3/13.5)"
hh8,mega_mhc.final,3.09,40960,13.2,32,32,2,8,2,2,4,8,1,32,8,1,1,193,0,"build/shaders_ref","","sweep point (13.3/13.5)"
hh8,wq_a,38.11,6560000,172.1,32,32,2,8,2,2,4,8,1,32,8,1,1,193,0,"build/shaders_ref","","sweep point (13.3/13.5)"
hh8,wq_b,193.92,41984000,216.5,32,32,2,8,2,2,4,8,1,32,8,1,1,193,0,"build/shaders_ref","","sweep point (13.3/13.5)"
hh8,wkv.gemv,9.55,2624000,274.9,32,32,2,8,2,2,4,8,1,32,8,1,1,193,0,"build/shaders_ref","","sweep point (13.3/13.5)"
hh8,wkv.finish,9.91,2560,0.3,32,32,2,8,2,2,4,8,1,32,8,1,1,193,0,"build/shaders_ref","","sweep point (13.3/13.5)"
hh8,sparse_attn.score,88.85,134144,1.5,32,32,2,8,2,2,4,8,1,32,8,1,1,193,0,"build/shaders_ref","","sweep point (13.3/13.5)"
hh8,sparse_attn.combine,119.89,134144,1.1,32,32,2,8,2,2,4,8,1,32,8,1,1,193,0,"build/shaders_ref","","sweep point (13.3/13.5)"
hh8,sparse_attn_t.score,15.04,134144,8.9,32,32,2,8,2,2,4,8,1,32,8,1,1,193,0,"build/shaders_ref","","sweep point (13.3/13.5)"
hh8,sparse_attn_t.pv,26.81,134144,5.0,32,32,2,8,2,2,4,8,1,32,8,1,1,193,0,"build/shaders_ref","","sweep point (13.3/13.5)"
hh8,wo_a,196.17,33587200,171.2,32,32,2,8,2,2,4,8,1,32,8,1,1,193,0,"build/shaders_ref","","sweep point (13.3/13.5)"
hh8,wo_b,264.21,41984000,158.9,32,32,2,8,2,2,4,8,1,32,8,1,1,193,0,"build/shaders_ref","","sweep point (13.3/13.5)"
hh8,wq_a.ksplit,34.34,6560000,191.0,32,32,2,8,2,2,4,8,1,32,8,1,1,193,0,"build/shaders_ref","","sweep point (13.3/13.5)"
hh8,wq_a.kcombine,1.16,10240,8.8,32,32,2,8,2,2,4,8,1,32,8,1,1,193,0,"build/shaders_ref","","sweep point (13.3/13.5)"
hh8,wo_a.ksplit,161.17,33587200,208.4,32,32,2,8,2,2,4,8,1,32,8,1,1,193,0,"build/shaders_ref","","sweep point (13.3/13.5)"
hh8,wo_a.kcombine,1.41,131072,93.1,32,32,2,8,2,2,4,8,1,32,8,1,1,193,0,"build/shaders_ref","","sweep point (13.3/13.5)"
hh8,wo_b.ksplit,204.38,41984000,205.4,32,32,2,8,2,2,4,8,1,32,8,1,1,193,0,"build/shaders_ref","","sweep point (13.3/13.5)"
hh8,wo_b.kcombine,1.41,163840,116.3,32,32,2,8,2,2,4,8,1,32,8,1,1,193,0,"build/shaders_ref","","sweep point (13.3/13.5)"
hh8,wkv.ksplit,8.04,2624000,326.6,32,32,2,8,2,2,4,8,1,32,8,1,1,193,0,"build/shaders_ref","","sweep point (13.3/13.5)"
hh8,wkv.kfinish,9.39,4096,0.4,32,32,2,8,2,2,4,8,1,32,8,1,1,193,0,"build/shaders_ref","","sweep point (13.3/13.5)"
hh8,gate.score,15.74,3932160,249.9,32,32,2,8,2,2,4,8,1,32,8,1,1,193,0,"build/shaders_ref","","sweep point (13.3/13.5)"
hh8,gate.topk,12.15,3072,0.3,32,32,2,8,2,2,4,8,1,32,8,1,1,193,0,"build/shaders_ref","","sweep point (13.3/13.5)"
hh8,head,5641.15,1323827200,234.7,32,32,2,8,2,2,4,8,1,32,8,1,1,193,0,"build/shaders_ref","","sweep point (13.3/13.5)"
hh8,compressor.wkv,15.17,5242880,345.6,32,32,2,8,2,2,4,8,1,32,8,1,1,193,0,"build/shaders_ref","","sweep point (13.3/13.5)"
hh8,compressor.wgate,14.97,5242880,350.2,32,32,2,8,2,2,4,8,1,32,8,1,1,193,0,"build/shaders_ref","","sweep point (13.3/13.5)"
hh8,compressor.norm,3.34,8192,2.5,32,32,2,8,2,2,4,8,1,32,8,1,1,193,0,"build/shaders_ref","","sweep point (13.3/13.5)"
hh8,compressor.store,6.87,3072,0.4,32,32,2,8,2,2,4,8,1,32,8,1,1,193,0,"build/shaders_ref","","sweep point (13.3/13.5)"
hh8,indexer.wq_b,15.34,5248000,342.2,32,32,2,8,2,2,4,8,1,32,8,1,1,193,0,"build/shaders_ref","","sweep point (13.3/13.5)"
hh8,indexer.q_finish,9.72,24576,2.5,32,32,2,8,2,2,4,8,1,32,8,1,1,193,0,"build/shaders_ref","","sweep point (13.3/13.5)"
hh8,indexer.key,18.48,131072,7.1,32,32,2,8,2,2,4,8,1,32,8,1,1,193,0,"build/shaders_ref","","sweep point (13.3/13.5)"
hh8,indexer.weights,22.64,327680,14.5,32,32,2,8,2,2,4,8,1,32,8,1,1,193,0,"build/shaders_ref","","sweep point (13.3/13.5)"
hh8,indexer.score,16.18,16640,1.0,32,32,2,8,2,2,4,8,1,32,8,1,1,193,0,"build/shaders_ref","","sweep point (13.3/13.5)"
hh8,indexer.topk,0.79,260,0.3,32,32,2,8,2,2,4,8,1,32,8,1,1,193,0,"build/shaders_ref","","sweep point (13.3/13.5)"
k_a,mega_mhc.post,2.34,163840,69.9,32,32,2,1,2,2,8,16,1,8,8,8,1,193,0,"build/shaders_ref","","sweep point (13.3/13.5)"
k_a,mega_mhc.mix,5.34,1966080,368.2,32,32,2,1,2,2,8,16,1,8,8,8,1,193,0,"build/shaders_ref","","sweep point (13.3/13.5)"
k_a,mega_mhc.final,3.11,40960,13.2,32,32,2,1,2,2,8,16,1,8,8,8,1,193,0,"build/shaders_ref","","sweep point (13.3/13.5)"
k_a,wq_a,37.75,6560000,173.8,32,32,2,1,2,2,8,16,1,8,8,8,1,193,0,"build/shaders_ref","","sweep point (13.3/13.5)"
k_a,wq_b,192.14,41984000,218.5,32,32,2,1,2,2,8,16,1,8,8,8,1,193,0,"build/shaders_ref","","sweep point (13.3/13.5)"
k_a,wkv.gemv,9.30,2624000,282.0,32,32,2,1,2,2,8,16,1,8,8,8,1,193,0,"build/shaders_ref","","sweep point (13.3/13.5)"
k_a,wkv.finish,9.53,2560,0.3,32,32,2,1,2,2,8,16,1,8,8,8,1,193,0,"build/shaders_ref","","sweep point (13.3/13.5)"
k_a,sparse_attn.score,25.42,134144,5.3,32,32,2,1,2,2,8,16,1,8,8,8,1,193,0,"build/shaders_ref","","sweep point (13.3/13.5)"
k_a,sparse_attn.combine,26.23,134144,5.1,32,32,2,1,2,2,8,16,1,8,8,8,1,193,0,"build/shaders_ref","","sweep point (13.3/13.5)"
k_a,sparse_attn_t.score,17.36,134144,7.7,32,32,2,1,2,2,8,16,1,8,8,8,1,193,0,"build/shaders_ref","","sweep point (13.3/13.5)"
k_a,sparse_attn_t.pv,30.70,134144,4.4,32,32,2,1,2,2,8,16,1,8,8,8,1,193,0,"build/shaders_ref","","sweep point (13.3/13.5)"
k_a,sparse_attn_t.finish,3.17,1048576,330.8,32,32,2,1,2,2,8,16,1,8,8,8,1,193,0,"build/shaders_ref","","sweep point (13.3/13.5)"
k_a,wo_a,194.73,33587200,172.5,32,32,2,1,2,2,8,16,1,8,8,8,1,193,0,"build/shaders_ref","","sweep point (13.3/13.5)"
k_a,wo_b,260.34,41984000,161.3,32,32,2,1,2,2,8,16,1,8,8,8,1,193,0,"build/shaders_ref","","sweep point (13.3/13.5)"
k_a,wq_a.ksplit,33.98,6560000,193.1,32,32,2,1,2,2,8,16,1,8,8,8,1,193,0,"build/shaders_ref","","sweep point (13.3/13.5)"
k_a,wq_a.kcombine,1.09,10240,9.4,32,32,2,1,2,2,8,16,1,8,8,8,1,193,0,"build/shaders_ref","","sweep point (13.3/13.5)"
k_a,wo_a.ksplit,164.32,33587200,204.4,32,32,2,1,2,2,8,16,1,8,8,8,1,193,0,"build/shaders_ref","","sweep point (13.3/13.5)"
k_a,wo_a.kcombine,1.67,262144,157.2,32,32,2,1,2,2,8,16,1,8,8,8,1,193,0,"build/shaders_ref","","sweep point (13.3/13.5)"
k_a,wo_b.ksplit,216.26,41984000,194.1,32,32,2,1,2,2,8,16,1,8,8,8,1,193,0,"build/shaders_ref","","sweep point (13.3/13.5)"
k_a,wo_b.kcombine,1.65,327680,198.7,32,32,2,1,2,2,8,16,1,8,8,8,1,193,0,"build/shaders_ref","","sweep point (13.3/13.5)"
k_a,wkv.ksplit,8.48,2624000,309.5,32,32,2,1,2,2,8,16,1,8,8,8,1,193,0,"build/shaders_ref","","sweep point (13.3/13.5)"
k_a,wkv.kfinish,9.75,4096,0.4,32,32,2,1,2,2,8,16,1,8,8,8,1,193,0,"build/shaders_ref","","sweep point (13.3/13.5)"
k_a,gate.score,15.51,3932160,253.5,32,32,2,1,2,2,8,16,1,8,8,8,1,193,0,"build/shaders_ref","","sweep point (13.3/13.5)"
k_a,gate.topk,11.60,3072,0.3,32,32,2,1,2,2,8,16,1,8,8,8,1,193,0,"build/shaders_ref","","sweep point (13.3/13.5)"
k_a,head,5630.95,1323827200,235.1,32,32,2,1,2,2,8,16,1,8,8,8,1,193,0,"build/shaders_ref","","sweep point (13.3/13.5)"
k_a,compressor.wkv,14.18,5242880,369.8,32,32,2,1,2,2,8,16,1,8,8,8,1,193,0,"build/shaders_ref","","sweep point (13.3/13.5)"
k_a,compressor.wgate,14.14,5242880,370.8,32,32,2,1,2,2,8,16,1,8,8,8,1,193,0,"build/shaders_ref","","sweep point (13.3/13.5)"
k_a,compressor.norm,3.28,8192,2.5,32,32,2,1,2,2,8,16,1,8,8,8,1,193,0,"build/shaders_ref","","sweep point (13.3/13.5)"
k_a,compressor.store,6.76,3072,0.5,32,32,2,1,2,2,8,16,1,8,8,8,1,193,0,"build/shaders_ref","","sweep point (13.3/13.5)"
k_a,indexer.wq_b,15.19,5248000,345.4,32,32,2,1,2,2,8,16,1,8,8,8,1,193,0,"build/shaders_ref","","sweep point (13.3/13.5)"
k_a,indexer.q_finish,9.46,24576,2.6,32,32,2,1,2,2,8,16,1,8,8,8,1,193,0,"build/shaders_ref","","sweep point (13.3/13.5)"
k_a,indexer.key,17.73,131072,7.4,32,32,2,1,2,2,8,16,1,8,8,8,1,193,0,"build/shaders_ref","","sweep point (13.3/13.5)"
k_a,indexer.weights,21.70,327680,15.1,32,32,2,1,2,2,8,16,1,8,8,8,1,193,0,"build/shaders_ref","","sweep point (13.3/13.5)"
k_a,indexer.score,16.14,16640,1.0,32,32,2,1,2,2,8,16,1,8,8,8,1,193,0,"build/shaders_ref","","sweep point (13.3/13.5)"
k_a,indexer.topk,0.79,260,0.3,32,32,2,1,2,2,8,16,1,8,8,8,1,193,0,"build/shaders_ref","","sweep point (13.3/13.5)"
k_b,mega_mhc.post,2.34,163840,69.9,32,32,2,1,4,4,8,8,2,8,8,8,1,193,0,"build/shaders_ref","","sweep point (13.3/13.5)"
k_b,mega_mhc.mix,5.38,1966080,365.4,32,32,2,1,4,4,8,8,2,8,8,8,1,193,0,"build/shaders_ref","","sweep point (13.3/13.5)"
k_b,mega_mhc.final,3.08,40960,13.3,32,32,2,1,4,4,8,8,2,8,8,8,1,193,0,"build/shaders_ref","","sweep point (13.3/13.5)"
k_b,wq_a,38.22,6560000,171.6,32,32,2,1,4,4,8,8,2,8,8,8,1,193,0,"build/shaders_ref","","sweep point (13.3/13.5)"
k_b,wq_b,193.54,41984000,216.9,32,32,2,1,4,4,8,8,2,8,8,8,1,193,0,"build/shaders_ref","","sweep point (13.3/13.5)"
k_b,wkv.gemv,9.52,2624000,275.8,32,32,2,1,4,4,8,8,2,8,8,8,1,193,0,"build/shaders_ref","","sweep point (13.3/13.5)"
k_b,wkv.finish,9.68,2560,0.3,32,32,2,1,4,4,8,8,2,8,8,8,1,193,0,"build/shaders_ref","","sweep point (13.3/13.5)"
k_b,sparse_attn.score,25.55,134144,5.3,32,32,2,1,4,4,8,8,2,8,8,8,1,193,0,"build/shaders_ref","","sweep point (13.3/13.5)"
k_b,sparse_attn.combine,27.05,134144,5.0,32,32,2,1,4,4,8,8,2,8,8,8,1,193,0,"build/shaders_ref","","sweep point (13.3/13.5)"
k_b,sparse_attn_t.score,17.83,134144,7.5,32,32,2,1,4,4,8,8,2,8,8,8,1,193,0,"build/shaders_ref","","sweep point (13.3/13.5)"
k_b,sparse_attn_t.pv,31.73,134144,4.2,32,32,2,1,4,4,8,8,2,8,8,8,1,193,0,"build/shaders_ref","","sweep point (13.3/13.5)"
k_b,sparse_attn_t.finish,3.28,1048576,319.3,32,32,2,1,4,4,8,8,2,8,8,8,1,193,0,"build/shaders_ref","","sweep point (13.3/13.5)"
k_b,wo_a,196.38,33587200,171.0,32,32,2,1,4,4,8,8,2,8,8,8,1,193,0,"build/shaders_ref","","sweep point (13.3/13.5)"
k_b,wo_b,262.48,41984000,160.0,32,32,2,1,4,4,8,8,2,8,8,8,1,193,0,"build/shaders_ref","","sweep point (13.3/13.5)"
k_b,wq_a.ksplit,41.43,6560000,158.3,32,32,2,1,4,4,8,8,2,8,8,8,1,193,0,"build/shaders_ref","","sweep point (13.3/13.5)"
k_b,wq_a.kcombine,1.15,20480,17.8,32,32,2,1,4,4,8,8,2,8,8,8,1,193,0,"build/shaders_ref","","sweep point (13.3/13.5)"
k_b,wo_a.ksplit,165.01,33587200,203.5,32,32,2,1,4,4,8,8,2,8,8,8,1,193,0,"build/shaders_ref","","sweep point (13.3/13.5)"
k_b,wo_a.kcombine,1.67,262144,157.1,32,32,2,1,4,4,8,8,2,8,8,8,1,193,0,"build/shaders_ref","","sweep point (13.3/13.5)"
k_b,wo_b.ksplit,211.03,41984000,198.9,32,32,2,1,4,4,8,8,2,8,8,8,1,193,0,"build/shaders_ref","","sweep point (13.3/13.5)"
k_b,wo_b.kcombine,1.30,163840,126.3,32,32,2,1,4,4,8,8,2,8,8,8,1,193,0,"build/shaders_ref","","sweep point (13.3/13.5)"
k_b,wkv.ksplit,9.96,2624000,263.5,32,32,2,1,4,4,8,8,2,8,8,8,1,193,0,"build/shaders_ref","","sweep point (13.3/13.5)"
k_b,wkv.kfinish,9.02,8192,0.9,32,32,2,1,4,4,8,8,2,8,8,8,1,193,0,"build/shaders_ref","","sweep point (13.3/13.5)"
k_b,gate.score,15.46,3932160,254.3,32,32,2,1,4,4,8,8,2,8,8,8,1,193,0,"build/shaders_ref","","sweep point (13.3/13.5)"
k_b,gate.topk,12.06,3072,0.3,32,32,2,1,4,4,8,8,2,8,8,8,1,193,0,"build/shaders_ref","","sweep point (13.3/13.5)"
k_b,head,5652.63,1323827200,234.2,32,32,2,1,4,4,8,8,2,8,8,8,1,193,0,"build/shaders_ref","","sweep point (13.3/13.5)"
k_b,compressor.wkv,14.41,5242880,363.8,32,32,2,1,4,4,8,8,2,8,8,8,1,193,0,"build/shaders_ref","","sweep point (13.3/13.5)"
k_b,compressor.wgate,14.32,5242880,366.2,32,32,2,1,4,4,8,8,2,8,8,8,1,193,0,"build/shaders_ref","","sweep point (13.3/13.5)"
k_b,compressor.norm,3.32,8192,2.5,32,32,2,1,4,4,8,8,2,8,8,8,1,193,0,"build/shaders_ref","","sweep point (13.3/13.5)"
k_b,compressor.store,6.91,3072,0.4,32,32,2,1,4,4,8,8,2,8,8,8,1,193,0,"build/shaders_ref","","sweep point (13.3/13.5)"
k_b,indexer.wq_b,15.29,5248000,343.2,32,32,2,1,4,4,8,8,2,8,8,8,1,193,0,"build/shaders_ref","","sweep point (13.3/13.5)"
k_b,indexer.q_finish,9.75,24576,2.5,32,32,2,1,4,4,8,8,2,8,8,8,1,193,0,"build/shaders_ref","","sweep point (13.3/13.5)"
k_b,indexer.key,18.18,131072,7.2,32,32,2,1,4,4,8,8,2,8,8,8,1,193,0,"build/shaders_ref","","sweep point (13.3/13.5)"
k_b,indexer.weights,21.34,327680,15.4,32,32,2,1,4,4,8,8,2,8,8,8,1,193,0,"build/shaders_ref","","sweep point (13.3/13.5)"
k_b,indexer.score,15.95,16640,1.0,32,32,2,1,4,4,8,8,2,8,8,8,1,193,0,"build/shaders_ref","","sweep point (13.3/13.5)"
k_b,indexer.topk,0.77,260,0.3,32,32,2,1,4,4,8,8,2,8,8,8,1,193,0,"build/shaders_ref","","sweep point (13.3/13.5)"
k_d,mega_mhc.post,2.34,163840,70.0,32,32,2,1,2,2,2,4,2,8,8,8,1,193,0,"build/shaders_ref","","sweep point (13.3/13.5)"
k_d,mega_mhc.mix,5.33,1966080,368.7,32,32,2,1,2,2,2,4,2,8,8,8,1,193,0,"build/shaders_ref","","sweep point (13.3/13.5)"
k_d,mega_mhc.final,3.22,40960,12.7,32,32,2,1,2,2,2,4,2,8,8,8,1,193,0,"build/shaders_ref","","sweep point (13.3/13.5)"
k_d,wq_a,37.76,6560000,173.7,32,32,2,1,2,2,2,4,2,8,8,8,1,193,0,"build/shaders_ref","","sweep point (13.3/13.5)"
k_d,wq_b,193.03,41984000,217.5,32,32,2,1,2,2,2,4,2,8,8,8,1,193,0,"build/shaders_ref","","sweep point (13.3/13.5)"
k_d,wkv.gemv,9.51,2624000,275.8,32,32,2,1,2,2,2,4,2,8,8,8,1,193,0,"build/shaders_ref","","sweep point (13.3/13.5)"
k_d,wkv.finish,9.77,2560,0.3,32,32,2,1,2,2,2,4,2,8,8,8,1,193,0,"build/shaders_ref","","sweep point (13.3/13.5)"
k_d,sparse_attn.score,25.67,134144,5.2,32,32,2,1,2,2,2,4,2,8,8,8,1,193,0,"build/shaders_ref","","sweep point (13.3/13.5)"
k_d,sparse_attn.combine,26.95,134144,5.0,32,32,2,1,2,2,2,4,2,8,8,8,1,193,0,"build/shaders_ref","","sweep point (13.3/13.5)"
k_d,sparse_attn_t.score,17.88,134144,7.5,32,32,2,1,2,2,2,4,2,8,8,8,1,193,0,"build/shaders_ref","","sweep point (13.3/13.5)"
k_d,sparse_attn_t.pv,31.64,134144,4.2,32,32,2,1,2,2,2,4,2,8,8,8,1,193,0,"build/shaders_ref","","sweep point (13.3/13.5)"
k_d,sparse_attn_t.finish,3.31,1048576,317.0,32,32,2,1,2,2,2,4,2,8,8,8,1,193,0,"build/shaders_ref","","sweep point (13.3/13.5)"
k_d,wo_a,193.04,33587200,174.0,32,32,2,1,2,2,2,4,2,8,8,8,1,193,0,"build/shaders_ref","","sweep point (13.3/13.5)"
k_d,wo_b,261.60,41984000,160.5,32,32,2,1,2,2,2,4,2,8,8,8,1,193,0,"build/shaders_ref","","sweep point (13.3/13.5)"
k_d,wq_a.ksplit,54.31,6560000,120.8,32,32,2,1,2,2,2,4,2,8,8,8,1,193,0,"build/shaders_ref","","sweep point (13.3/13.5)"
k_d,wq_a.kcombine,1.02,10240,10.0,32,32,2,1,2,2,2,4,2,8,8,8,1,193,0,"build/shaders_ref","","sweep point (13.3/13.5)"
k_d,wo_a.ksplit,192.83,33587200,174.2,32,32,2,1,2,2,2,4,2,8,8,8,1,193,0,"build/shaders_ref","","sweep point (13.3/13.5)"
k_d,wo_a.kcombine,1.19,65536,55.1,32,32,2,1,2,2,2,4,2,8,8,8,1,193,0,"build/shaders_ref","","sweep point (13.3/13.5)"
k_d,wo_b.ksplit,231.94,41984000,181.0,32,32,2,1,2,2,2,4,2,8,8,8,1,193,0,"build/shaders_ref","","sweep point (13.3/13.5)"
k_d,wo_b.kcombine,1.14,81920,72.1,32,32,2,1,2,2,2,4,2,8,8,8,1,193,0,"build/shaders_ref","","sweep point (13.3/13.5)"
k_d,wkv.ksplit,7.80,2624000,336.2,32,32,2,1,2,2,2,4,2,8,8,8,1,193,0,"build/shaders_ref","","sweep point (13.3/13.5)"
k_d,wkv.kfinish,8.78,4096,0.5,32,32,2,1,2,2,2,4,2,8,8,8,1,193,0,"build/shaders_ref","","sweep point (13.3/13.5)"
k_d,gate.score,15.25,3932160,257.9,32,32,2,1,2,2,2,4,2,8,8,8,1,193,0,"build/shaders_ref","","sweep point (13.3/13.5)"
k_d,gate.topk,11.86,3072,0.3,32,32,2,1,2,2,2,4,2,8,8,8,1,193,0,"build/shaders_ref","","sweep point (13.3/13.5)"
k_d,head,5634.35,1323827200,235.0,32,32,2,1,2,2,2,4,2,8,8,8,1,193,0,"build/shaders_ref","","sweep point (13.3/13.5)"
k_d,compressor.wkv,14.34,5242880,365.6,32,32,2,1,2,2,2,4,2,8,8,8,1,193,0,"build/shaders_ref","","sweep point (13.3/13.5)"
k_d,compressor.wgate,14.27,5242880,367.4,32,32,2,1,2,2,2,4,2,8,8,8,1,193,0,"build/shaders_ref","","sweep point (13.3/13.5)"
k_d,compressor.norm,3.32,8192,2.5,32,32,2,1,2,2,2,4,2,8,8,8,1,193,0,"build/shaders_ref","","sweep point (13.3/13.5)"
k_d,compressor.store,6.86,3072,0.4,32,32,2,1,2,2,2,4,2,8,8,8,1,193,0,"build/shaders_ref","","sweep point (13.3/13.5)"
k_d,indexer.wq_b,15.29,5248000,343.3,32,32,2,1,2,2,2,4,2,8,8,8,1,193,0,"build/shaders_ref","","sweep point (13.3/13.5)"
k_d,indexer.q_finish,9.69,24576,2.5,32,32,2,1,2,2,2,4,2,8,8,8,1,193,0,"build/shaders_ref","","sweep point (13.3/13.5)"
k_d,indexer.key,18.14,131072,7.2,32,32,2,1,2,2,2,4,2,8,8,8,1,193,0,"build/shaders_ref","","sweep point (13.3/13.5)"
k_d,indexer.weights,21.70,327680,15.1,32,32,2,1,2,2,2,4,2,8,8,8,1,193,0,"build/shaders_ref","","sweep point (13.3/13.5)"
k_d,indexer.score,16.17,16640,1.0,32,32,2,1,2,2,2,4,2,8,8,8,1,193,0,"build/shaders_ref","","sweep point (13.3/13.5)"
k_d,indexer.topk,0.79,260,0.3,32,32,2,1,2,2,2,4,2,8,8,8,1,193,0,"build/shaders_ref","","sweep point (13.3/13.5)"
k_e,mega_mhc.post,2.36,163840,69.3,32,32,2,1,2,2,4,8,1,8,8,8,1,193,0,"build/shaders_ref","rows4=[] wave_on=[wo_a.ksplit,wq_a.ksplit] wave_off=[wo_b.ksplit,wkv.ksplit]","sweep point (13.3/13.5)"
k_e,mega_mhc.mix,5.34,1966080,368.3,32,32,2,1,2,2,4,8,1,8,8,8,1,193,0,"build/shaders_ref","rows4=[] wave_on=[wo_a.ksplit,wq_a.ksplit] wave_off=[wo_b.ksplit,wkv.ksplit]","sweep point (13.3/13.5)"
k_e,mega_mhc.final,3.33,40960,12.3,32,32,2,1,2,2,4,8,1,8,8,8,1,193,0,"build/shaders_ref","rows4=[] wave_on=[wo_a.ksplit,wq_a.ksplit] wave_off=[wo_b.ksplit,wkv.ksplit]","sweep point (13.3/13.5)"
k_e,wq_a,37.68,6560000,174.1,32,32,2,1,2,2,4,8,1,8,8,8,1,193,0,"build/shaders_ref","rows4=[] wave_on=[wo_a.ksplit,wq_a.ksplit] wave_off=[wo_b.ksplit,wkv.ksplit]","sweep point (13.3/13.5)"
k_e,wq_b,192.27,41984000,218.4,32,32,2,1,2,2,4,8,1,8,8,8,1,193,0,"build/shaders_ref","rows4=[] wave_on=[wo_a.ksplit,wq_a.ksplit] wave_off=[wo_b.ksplit,wkv.ksplit]","sweep point (13.3/13.5)"
k_e,wkv.gemv,9.37,2624000,280.1,32,32,2,1,2,2,4,8,1,8,8,8,1,193,0,"build/shaders_ref","rows4=[] wave_on=[wo_a.ksplit,wq_a.ksplit] wave_off=[wo_b.ksplit,wkv.ksplit]","sweep point (13.3/13.5)"
k_e,wkv.finish,9.72,2560,0.3,32,32,2,1,2,2,4,8,1,8,8,8,1,193,0,"build/shaders_ref","rows4=[] wave_on=[wo_a.ksplit,wq_a.ksplit] wave_off=[wo_b.ksplit,wkv.ksplit]","sweep point (13.3/13.5)"
k_e,sparse_attn.score,25.41,134144,5.3,32,32,2,1,2,2,4,8,1,8,8,8,1,193,0,"build/shaders_ref","rows4=[] wave_on=[wo_a.ksplit,wq_a.ksplit] wave_off=[wo_b.ksplit,wkv.ksplit]","sweep point (13.3/13.5)"
k_e,sparse_attn.combine,27.41,134144,4.9,32,32,2,1,2,2,4,8,1,8,8,8,1,193,0,"build/shaders_ref","rows4=[] wave_on=[wo_a.ksplit,wq_a.ksplit] wave_off=[wo_b.ksplit,wkv.ksplit]","sweep point (13.3/13.5)"
k_e,sparse_attn_t.score,18.03,134144,7.4,32,32,2,1,2,2,4,8,1,8,8,8,1,193,0,"build/shaders_ref","rows4=[] wave_on=[wo_a.ksplit,wq_a.ksplit] wave_off=[wo_b.ksplit,wkv.ksplit]","sweep point (13.3/13.5)"
k_e,sparse_attn_t.pv,32.08,134144,4.2,32,32,2,1,2,2,4,8,1,8,8,8,1,193,0,"build/shaders_ref","rows4=[] wave_on=[wo_a.ksplit,wq_a.ksplit] wave_off=[wo_b.ksplit,wkv.ksplit]","sweep point (13.3/13.5)"
k_e,sparse_attn_t.finish,3.29,1048576,318.6,32,32,2,1,2,2,4,8,1,8,8,8,1,193,0,"build/shaders_ref","rows4=[] wave_on=[wo_a.ksplit,wq_a.ksplit] wave_off=[wo_b.ksplit,wkv.ksplit]","sweep point (13.3/13.5)"
k_e,wo_a,193.77,33587200,173.3,32,32,2,1,2,2,4,8,1,8,8,8,1,193,0,"build/shaders_ref","rows4=[] wave_on=[wo_a.ksplit,wq_a.ksplit] wave_off=[wo_b.ksplit,wkv.ksplit]","sweep point (13.3/13.5)"
k_e,wo_b,258.19,41984000,162.6,32,32,2,1,2,2,4,8,1,8,8,8,1,193,0,"build/shaders_ref","rows4=[] wave_on=[wo_a.ksplit,wq_a.ksplit] wave_off=[wo_b.ksplit,wkv.ksplit]","sweep point (13.3/13.5)"
k_e,wq_a.ksplit,34.10,6560000,192.4,32,32,2,1,2,2,4,8,1,8,8,8,1,193,0,"build/shaders_ref","rows4=[] wave_on=[wo_a.ksplit,wq_a.ksplit] wave_off=[wo_b.ksplit,wkv.ksplit]","sweep point (13.3/13.5)"
k_e,wq_a.kcombine,1.13,10240,9.1,32,32,2,1,2,2,4,8,1,8,8,8,1,193,0,"build/shaders_ref","rows4=[] wave_on=[wo_a.ksplit,wq_a.ksplit] wave_off=[wo_b.ksplit,wkv.ksplit]","sweep point (13.3/13.5)"
k_e,wo_a.ksplit,161.47,33587200,208.0,32,32,2,1,2,2,4,8,1,8,8,8,1,193,0,"build/shaders_ref","rows4=[] wave_on=[wo_a.ksplit,wq_a.ksplit] wave_off=[wo_b.ksplit,wkv.ksplit]","sweep point (13.3/13.5)"
k_e,wo_a.kcombine,1.35,131072,97.0,32,32,2,1,2,2,4,8,1,8,8,8,1,193,0,"build/shaders_ref","rows4=[] wave_on=[wo_a.ksplit,wq_a.ksplit] wave_off=[wo_b.ksplit,wkv.ksplit]","sweep point (13.3/13.5)"
k_e,wo_b.ksplit,204.76,41984000,205.0,32,32,2,1,2,2,4,8,1,8,8,8,1,193,0,"build/shaders_ref","rows4=[] wave_on=[wo_a.ksplit,wq_a.ksplit] wave_off=[wo_b.ksplit,wkv.ksplit]","sweep point (13.3/13.5)"
k_e,wo_b.kcombine,1.37,163840,119.4,32,32,2,1,2,2,4,8,1,8,8,8,1,193,0,"build/shaders_ref","rows4=[] wave_on=[wo_a.ksplit,wq_a.ksplit] wave_off=[wo_b.ksplit,wkv.ksplit]","sweep point (13.3/13.5)"
k_e,wkv.ksplit,8.31,2624000,316.0,32,32,2,1,2,2,4,8,1,8,8,8,1,193,0,"build/shaders_ref","rows4=[] wave_on=[wo_a.ksplit,wq_a.ksplit] wave_off=[wo_b.ksplit,wkv.ksplit]","sweep point (13.3/13.5)"
k_e,wkv.kfinish,9.27,4096,0.4,32,32,2,1,2,2,4,8,1,8,8,8,1,193,0,"build/shaders_ref","rows4=[] wave_on=[wo_a.ksplit,wq_a.ksplit] wave_off=[wo_b.ksplit,wkv.ksplit]","sweep point (13.3/13.5)"
k_e,gate.score,15.38,3932160,255.7,32,32,2,1,2,2,4,8,1,8,8,8,1,193,0,"build/shaders_ref","rows4=[] wave_on=[wo_a.ksplit,wq_a.ksplit] wave_off=[wo_b.ksplit,wkv.ksplit]","sweep point (13.3/13.5)"
k_e,gate.topk,11.92,3072,0.3,32,32,2,1,2,2,4,8,1,8,8,8,1,193,0,"build/shaders_ref","rows4=[] wave_on=[wo_a.ksplit,wq_a.ksplit] wave_off=[wo_b.ksplit,wkv.ksplit]","sweep point (13.3/13.5)"
k_e,head,5645.81,1323827200,234.5,32,32,2,1,2,2,4,8,1,8,8,8,1,193,0,"build/shaders_ref","rows4=[] wave_on=[wo_a.ksplit,wq_a.ksplit] wave_off=[wo_b.ksplit,wkv.ksplit]","sweep point (13.3/13.5)"
k_e,compressor.wkv,14.34,5242880,365.6,32,32,2,1,2,2,4,8,1,8,8,8,1,193,0,"build/shaders_ref","rows4=[] wave_on=[wo_a.ksplit,wq_a.ksplit] wave_off=[wo_b.ksplit,wkv.ksplit]","sweep point (13.3/13.5)"
k_e,compressor.wgate,14.20,5242880,369.1,32,32,2,1,2,2,4,8,1,8,8,8,1,193,0,"build/shaders_ref","rows4=[] wave_on=[wo_a.ksplit,wq_a.ksplit] wave_off=[wo_b.ksplit,wkv.ksplit]","sweep point (13.3/13.5)"
k_e,compressor.norm,3.30,8192,2.5,32,32,2,1,2,2,4,8,1,8,8,8,1,193,0,"build/shaders_ref","rows4=[] wave_on=[wo_a.ksplit,wq_a.ksplit] wave_off=[wo_b.ksplit,wkv.ksplit]","sweep point (13.3/13.5)"
k_e,compressor.store,6.86,3072,0.4,32,32,2,1,2,2,4,8,1,8,8,8,1,193,0,"build/shaders_ref","rows4=[] wave_on=[wo_a.ksplit,wq_a.ksplit] wave_off=[wo_b.ksplit,wkv.ksplit]","sweep point (13.3/13.5)"
k_e,indexer.wq_b,15.20,5248000,345.2,32,32,2,1,2,2,4,8,1,8,8,8,1,193,0,"build/shaders_ref","rows4=[] wave_on=[wo_a.ksplit,wq_a.ksplit] wave_off=[wo_b.ksplit,wkv.ksplit]","sweep point (13.3/13.5)"
k_e,indexer.q_finish,9.55,24576,2.6,32,32,2,1,2,2,4,8,1,8,8,8,1,193,0,"build/shaders_ref","rows4=[] wave_on=[wo_a.ksplit,wq_a.ksplit] wave_off=[wo_b.ksplit,wkv.ksplit]","sweep point (13.3/13.5)"
k_e,indexer.key,17.91,131072,7.3,32,32,2,1,2,2,4,8,1,8,8,8,1,193,0,"build/shaders_ref","rows4=[] wave_on=[wo_a.ksplit,wq_a.ksplit] wave_off=[wo_b.ksplit,wkv.ksplit]","sweep point (13.3/13.5)"
k_e,indexer.weights,21.70,327680,15.1,32,32,2,1,2,2,4,8,1,8,8,8,1,193,0,"build/shaders_ref","rows4=[] wave_on=[wo_a.ksplit,wq_a.ksplit] wave_off=[wo_b.ksplit,wkv.ksplit]","sweep point (13.3/13.5)"
k_e,indexer.score,16.17,16640,1.0,32,32,2,1,2,2,4,8,1,8,8,8,1,193,0,"build/shaders_ref","rows4=[] wave_on=[wo_a.ksplit,wq_a.ksplit] wave_off=[wo_b.ksplit,wkv.ksplit]","sweep point (13.3/13.5)"
k_e,indexer.topk,0.79,260,0.3,32,32,2,1,2,2,4,8,1,8,8,8,1,193,0,"build/shaders_ref","rows4=[] wave_on=[wo_a.ksplit,wq_a.ksplit] wave_off=[wo_b.ksplit,wkv.ksplit]","sweep point (13.3/13.5)"
k_f,mega_mhc.post,2.37,163840,69.2,32,32,2,1,2,2,4,16,1,8,8,8,1,193,0,"build/shaders_ref","rows4=[] wave_on=[wo_a.ksplit,wq_a.ksplit] wave_off=[wo_b.ksplit,wkv.ksplit]","sweep point (13.3/13.5)"
k_f,mega_mhc.mix,5.34,1966080,368.1,32,32,2,1,2,2,4,16,1,8,8,8,1,193,0,"build/shaders_ref","rows4=[] wave_on=[wo_a.ksplit,wq_a.ksplit] wave_off=[wo_b.ksplit,wkv.ksplit]","sweep point (13.3/13.5)"
k_f,mega_mhc.final,3.33,40960,12.3,32,32,2,1,2,2,4,16,1,8,8,8,1,193,0,"build/shaders_ref","rows4=[] wave_on=[wo_a.ksplit,wq_a.ksplit] wave_off=[wo_b.ksplit,wkv.ksplit]","sweep point (13.3/13.5)"
k_f,wq_a,37.73,6560000,173.9,32,32,2,1,2,2,4,16,1,8,8,8,1,193,0,"build/shaders_ref","rows4=[] wave_on=[wo_a.ksplit,wq_a.ksplit] wave_off=[wo_b.ksplit,wkv.ksplit]","sweep point (13.3/13.5)"
k_f,wq_b,192.81,41984000,217.7,32,32,2,1,2,2,4,16,1,8,8,8,1,193,0,"build/shaders_ref","rows4=[] wave_on=[wo_a.ksplit,wq_a.ksplit] wave_off=[wo_b.ksplit,wkv.ksplit]","sweep point (13.3/13.5)"
k_f,wkv.gemv,9.41,2624000,278.8,32,32,2,1,2,2,4,16,1,8,8,8,1,193,0,"build/shaders_ref","rows4=[] wave_on=[wo_a.ksplit,wq_a.ksplit] wave_off=[wo_b.ksplit,wkv.ksplit]","sweep point (13.3/13.5)"
k_f,wkv.finish,9.76,2560,0.3,32,32,2,1,2,2,4,16,1,8,8,8,1,193,0,"build/shaders_ref","rows4=[] wave_on=[wo_a.ksplit,wq_a.ksplit] wave_off=[wo_b.ksplit,wkv.ksplit]","sweep point (13.3/13.5)"
k_f,sparse_attn.score,25.54,134144,5.3,32,32,2,1,2,2,4,16,1,8,8,8,1,193,0,"build/shaders_ref","rows4=[] wave_on=[wo_a.ksplit,wq_a.ksplit] wave_off=[wo_b.ksplit,wkv.ksplit]","sweep point (13.3/13.5)"
k_f,sparse_attn.combine,26.94,134144,5.0,32,32,2,1,2,2,4,16,1,8,8,8,1,193,0,"build/shaders_ref","rows4=[] wave_on=[wo_a.ksplit,wq_a.ksplit] wave_off=[wo_b.ksplit,wkv.ksplit]","sweep point (13.3/13.5)"
k_f,sparse_attn_t.score,17.96,134144,7.5,32,32,2,1,2,2,4,16,1,8,8,8,1,193,0,"build/shaders_ref","rows4=[] wave_on=[wo_a.ksplit,wq_a.ksplit] wave_off=[wo_b.ksplit,wkv.ksplit]","sweep point (13.3/13.5)"
k_f,sparse_attn_t.pv,31.84,134144,4.2,32,32,2,1,2,2,4,16,1,8,8,8,1,193,0,"build/shaders_ref","rows4=[] wave_on=[wo_a.ksplit,wq_a.ksplit] wave_off=[wo_b.ksplit,wkv.ksplit]","sweep point (13.3/13.5)"
k_f,sparse_attn_t.finish,3.22,1048576,325.8,32,32,2,1,2,2,4,16,1,8,8,8,1,193,0,"build/shaders_ref","rows4=[] wave_on=[wo_a.ksplit,wq_a.ksplit] wave_off=[wo_b.ksplit,wkv.ksplit]","sweep point (13.3/13.5)"
k_f,wo_a,194.71,33587200,172.5,32,32,2,1,2,2,4,16,1,8,8,8,1,193,0,"build/shaders_ref","rows4=[] wave_on=[wo_a.ksplit,wq_a.ksplit] wave_off=[wo_b.ksplit,wkv.ksplit]","sweep point (13.3/13.5)"
k_f,wo_b,259.01,41984000,162.1,32,32,2,1,2,2,4,16,1,8,8,8,1,193,0,"build/shaders_ref","rows4=[] wave_on=[wo_a.ksplit,wq_a.ksplit] wave_off=[wo_b.ksplit,wkv.ksplit]","sweep point (13.3/13.5)"
k_f,wq_a.ksplit,33.99,6560000,193.0,32,32,2,1,2,2,4,16,1,8,8,8,1,193,0,"build/shaders_ref","rows4=[] wave_on=[wo_a.ksplit,wq_a.ksplit] wave_off=[wo_b.ksplit,wkv.ksplit]","sweep point (13.3/13.5)"
k_f,wq_a.kcombine,1.12,10240,9.1,32,32,2,1,2,2,4,16,1,8,8,8,1,193,0,"build/shaders_ref","rows4=[] wave_on=[wo_a.ksplit,wq_a.ksplit] wave_off=[wo_b.ksplit,wkv.ksplit]","sweep point (13.3/13.5)"
k_f,wo_a.ksplit,161.87,33587200,207.5,32,32,2,1,2,2,4,16,1,8,8,8,1,193,0,"build/shaders_ref","rows4=[] wave_on=[wo_a.ksplit,wq_a.ksplit] wave_off=[wo_b.ksplit,wkv.ksplit]","sweep point (13.3/13.5)"
k_f,wo_a.kcombine,1.48,131072,88.7,32,32,2,1,2,2,4,16,1,8,8,8,1,193,0,"build/shaders_ref","rows4=[] wave_on=[wo_a.ksplit,wq_a.ksplit] wave_off=[wo_b.ksplit,wkv.ksplit]","sweep point (13.3/13.5)"
k_f,wo_b.ksplit,219.45,41984000,191.3,32,32,2,1,2,2,4,16,1,8,8,8,1,193,0,"build/shaders_ref","rows4=[] wave_on=[wo_a.ksplit,wq_a.ksplit] wave_off=[wo_b.ksplit,wkv.ksplit]","sweep point (13.3/13.5)"
k_f,wo_b.kcombine,1.69,327680,194.2,32,32,2,1,2,2,4,16,1,8,8,8,1,193,0,"build/shaders_ref","rows4=[] wave_on=[wo_a.ksplit,wq_a.ksplit] wave_off=[wo_b.ksplit,wkv.ksplit]","sweep point (13.3/13.5)"
k_f,wkv.ksplit,8.82,2624000,297.5,32,32,2,1,2,2,4,16,1,8,8,8,1,193,0,"build/shaders_ref","rows4=[] wave_on=[wo_a.ksplit,wq_a.ksplit] wave_off=[wo_b.ksplit,wkv.ksplit]","sweep point (13.3/13.5)"
k_f,wkv.kfinish,9.38,4096,0.4,32,32,2,1,2,2,4,16,1,8,8,8,1,193,0,"build/shaders_ref","rows4=[] wave_on=[wo_a.ksplit,wq_a.ksplit] wave_off=[wo_b.ksplit,wkv.ksplit]","sweep point (13.3/13.5)"
k_f,gate.score,15.46,3932160,254.4,32,32,2,1,2,2,4,16,1,8,8,8,1,193,0,"build/shaders_ref","rows4=[] wave_on=[wo_a.ksplit,wq_a.ksplit] wave_off=[wo_b.ksplit,wkv.ksplit]","sweep point (13.3/13.5)"
k_f,gate.topk,11.91,3072,0.3,32,32,2,1,2,2,4,16,1,8,8,8,1,193,0,"build/shaders_ref","rows4=[] wave_on=[wo_a.ksplit,wq_a.ksplit] wave_off=[wo_b.ksplit,wkv.ksplit]","sweep point (13.3/13.5)"
k_f,head,5637.94,1323827200,234.8,32,32,2,1,2,2,4,16,1,8,8,8,1,193,0,"build/shaders_ref","rows4=[] wave_on=[wo_a.ksplit,wq_a.ksplit] wave_off=[wo_b.ksplit,wkv.ksplit]","sweep point (13.3/13.5)"
k_f,compressor.wkv,14.36,5242880,365.1,32,32,2,1,2,2,4,16,1,8,8,8,1,193,0,"build/shaders_ref","rows4=[] wave_on=[wo_a.ksplit,wq_a.ksplit] wave_off=[wo_b.ksplit,wkv.ksplit]","sweep point (13.3/13.5)"
k_f,compressor.wgate,14.22,5242880,368.6,32,32,2,1,2,2,4,16,1,8,8,8,1,193,0,"build/shaders_ref","rows4=[] wave_on=[wo_a.ksplit,wq_a.ksplit] wave_off=[wo_b.ksplit,wkv.ksplit]","sweep point (13.3/13.5)"
k_f,compressor.norm,3.30,8192,2.5,32,32,2,1,2,2,4,16,1,8,8,8,1,193,0,"build/shaders_ref","rows4=[] wave_on=[wo_a.ksplit,wq_a.ksplit] wave_off=[wo_b.ksplit,wkv.ksplit]","sweep point (13.3/13.5)"
k_f,compressor.store,6.85,3072,0.4,32,32,2,1,2,2,4,16,1,8,8,8,1,193,0,"build/shaders_ref","rows4=[] wave_on=[wo_a.ksplit,wq_a.ksplit] wave_off=[wo_b.ksplit,wkv.ksplit]","sweep point (13.3/13.5)"
k_f,indexer.wq_b,15.34,5248000,342.1,32,32,2,1,2,2,4,16,1,8,8,8,1,193,0,"build/shaders_ref","rows4=[] wave_on=[wo_a.ksplit,wq_a.ksplit] wave_off=[wo_b.ksplit,wkv.ksplit]","sweep point (13.3/13.5)"
k_f,indexer.q_finish,9.56,24576,2.6,32,32,2,1,2,2,4,16,1,8,8,8,1,193,0,"build/shaders_ref","rows4=[] wave_on=[wo_a.ksplit,wq_a.ksplit] wave_off=[wo_b.ksplit,wkv.ksplit]","sweep point (13.3/13.5)"
k_f,indexer.key,17.94,131072,7.3,32,32,2,1,2,2,4,16,1,8,8,8,1,193,0,"build/shaders_ref","rows4=[] wave_on=[wo_a.ksplit,wq_a.ksplit] wave_off=[wo_b.ksplit,wkv.ksplit]","sweep point (13.3/13.5)"
k_f,indexer.weights,21.75,327680,15.1,32,32,2,1,2,2,4,16,1,8,8,8,1,193,0,"build/shaders_ref","rows4=[] wave_on=[wo_a.ksplit,wq_a.ksplit] wave_off=[wo_b.ksplit,wkv.ksplit]","sweep point (13.3/13.5)"
k_f,indexer.score,16.15,16640,1.0,32,32,2,1,2,2,4,16,1,8,8,8,1,193,0,"build/shaders_ref","rows4=[] wave_on=[wo_a.ksplit,wq_a.ksplit] wave_off=[wo_b.ksplit,wkv.ksplit]","sweep point (13.3/13.5)"
k_f,indexer.topk,0.79,260,0.3,32,32,2,1,2,2,4,16,1,8,8,8,1,193,0,"build/shaders_ref","rows4=[] wave_on=[wo_a.ksplit,wq_a.ksplit] wave_off=[wo_b.ksplit,wkv.ksplit]","sweep point (13.3/13.5)"
k_g,mega_mhc.post,2.37,163840,69.1,32,32,2,1,2,2,4,8,4,8,8,8,1,193,0,"build/shaders_ref","","sweep point (13.3/13.5)"
k_g,mega_mhc.mix,5.34,1966080,368.1,32,32,2,1,2,2,4,8,4,8,8,8,1,193,0,"build/shaders_ref","","sweep point (13.3/13.5)"
k_g,mega_mhc.final,3.10,40960,13.2,32,32,2,1,2,2,4,8,4,8,8,8,1,193,0,"build/shaders_ref","","sweep point (13.3/13.5)"
k_g,wq_a,37.89,6560000,173.1,32,32,2,1,2,2,4,8,4,8,8,8,1,193,0,"build/shaders_ref","","sweep point (13.3/13.5)"
k_g,wq_b,192.25,41984000,218.4,32,32,2,1,2,2,4,8,4,8,8,8,1,193,0,"build/shaders_ref","","sweep point (13.3/13.5)"
k_g,wkv.gemv,9.38,2624000,279.6,32,32,2,1,2,2,4,8,4,8,8,8,1,193,0,"build/shaders_ref","","sweep point (13.3/13.5)"
k_g,wkv.finish,9.67,2560,0.3,32,32,2,1,2,2,4,8,4,8,8,8,1,193,0,"build/shaders_ref","","sweep point (13.3/13.5)"
k_g,sparse_attn.score,25.55,134144,5.2,32,32,2,1,2,2,4,8,4,8,8,8,1,193,0,"build/shaders_ref","","sweep point (13.3/13.5)"
k_g,sparse_attn.combine,26.95,134144,5.0,32,32,2,1,2,2,4,8,4,8,8,8,1,193,0,"build/shaders_ref","","sweep point (13.3/13.5)"
k_g,sparse_attn_t.score,17.69,134144,7.6,32,32,2,1,2,2,4,8,4,8,8,8,1,193,0,"build/shaders_ref","","sweep point (13.3/13.5)"
k_g,sparse_attn_t.pv,31.27,134144,4.3,32,32,2,1,2,2,4,8,4,8,8,8,1,193,0,"build/shaders_ref","","sweep point (13.3/13.5)"
k_g,sparse_attn_t.finish,3.20,1048576,327.4,32,32,2,1,2,2,4,8,4,8,8,8,1,193,0,"build/shaders_ref","","sweep point (13.3/13.5)"
k_g,wo_a,195.28,33587200,172.0,32,32,2,1,2,2,4,8,4,8,8,8,1,193,0,"build/shaders_ref","","sweep point (13.3/13.5)"
k_g,wo_b,264.49,41984000,158.7,32,32,2,1,2,2,4,8,4,8,8,8,1,193,0,"build/shaders_ref","","sweep point (13.3/13.5)"
k_g,wq_a.ksplit,63.59,6560000,103.2,32,32,2,1,2,2,4,8,4,8,8,8,1,193,0,"build/shaders_ref","","sweep point (13.3/13.5)"
k_g,wq_a.kcombine,1.12,10240,9.2,32,32,2,1,2,2,4,8,4,8,8,8,1,193,0,"build/shaders_ref","","sweep point (13.3/13.5)"
k_g,wo_a.ksplit,164.04,33587200,204.8,32,32,2,1,2,2,4,8,4,8,8,8,1,193,0,"build/shaders_ref","","sweep point (13.3/13.5)"
k_g,wo_a.kcombine,1.43,131072,91.5,32,32,2,1,2,2,4,8,4,8,8,8,1,193,0,"build/shaders_ref","","sweep point (13.3/13.5)"
k_g,wo_b.ksplit,203.12,41984000,206.7,32,32,2,1,2,2,4,8,4,8,8,8,1,193,0,"build/shaders_ref","","sweep point (13.3/13.5)"
k_g,wo_b.kcombine,1.55,163840,105.6,32,32,2,1,2,2,4,8,4,8,8,8,1,193,0,"build/shaders_ref","","sweep point (13.3/13.5)"
k_g,wkv.ksplit,15.87,2624000,165.3,32,32,2,1,2,2,4,8,4,8,8,8,1,193,0,"build/shaders_ref","","sweep point (13.3/13.5)"
k_g,wkv.kfinish,9.74,4096,0.4,32,32,2,1,2,2,4,8,4,8,8,8,1,193,0,"build/shaders_ref","","sweep point (13.3/13.5)"
k_g,gate.score,16.40,3932160,239.8,32,32,2,1,2,2,4,8,4,8,8,8,1,193,0,"build/shaders_ref","","sweep point (13.3/13.5)"
k_g,gate.topk,13.84,3072,0.2,32,32,2,1,2,2,4,8,4,8,8,8,1,193,0,"build/shaders_ref","","sweep point (13.3/13.5)"
k_g,head,5644.91,1323827200,234.5,32,32,2,1,2,2,4,8,4,8,8,8,1,193,0,"build/shaders_ref","","sweep point (13.3/13.5)"
k_g,compressor.wkv,14.56,5242880,360.0,32,32,2,1,2,2,4,8,4,8,8,8,1,193,0,"build/shaders_ref","","sweep point (13.3/13.5)"
k_g,compressor.wgate,14.23,5242880,368.4,32,32,2,1,2,2,4,8,4,8,8,8,1,193,0,"build/shaders_ref","","sweep point (13.3/13.5)"
k_g,compressor.norm,3.31,8192,2.5,32,32,2,1,2,2,4,8,4,8,8,8,1,193,0,"build/shaders_ref","","sweep point (13.3/13.5)"
k_g,compressor.store,6.89,3072,0.4,32,32,2,1,2,2,4,8,4,8,8,8,1,193,0,"build/shaders_ref","","sweep point (13.3/13.5)"
k_g,indexer.wq_b,15.49,5248000,338.8,32,32,2,1,2,2,4,8,4,8,8,8,1,193,0,"build/shaders_ref","","sweep point (13.3/13.5)"
k_g,indexer.q_finish,9.55,24576,2.6,32,32,2,1,2,2,4,8,4,8,8,8,1,193,0,"build/shaders_ref","","sweep point (13.3/13.5)"
k_g,indexer.key,17.94,131072,7.3,32,32,2,1,2,2,4,8,4,8,8,8,1,193,0,"build/shaders_ref","","sweep point (13.3/13.5)"
k_g,indexer.weights,21.75,327680,15.1,32,32,2,1,2,2,4,8,4,8,8,8,1,193,0,"build/shaders_ref","","sweep point (13.3/13.5)"
k_g,indexer.score,16.17,16640,1.0,32,32,2,1,2,2,4,8,4,8,8,8,1,193,0,"build/shaders_ref","","sweep point (13.3/13.5)"
k_g,indexer.topk,0.79,260,0.3,32,32,2,1,2,2,4,8,4,8,8,8,1,193,0,"build/shaders_ref","","sweep point (13.3/13.5)"
k_h,mega_mhc.post,2.34,163840,70.0,32,32,2,1,2,2,4,8,1,8,8,8,1,193,0,"build/shaders_ref","","sweep point (13.3/13.5)"
k_h,mega_mhc.mix,5.33,1966080,369.0,32,32,2,1,2,2,4,8,1,8,8,8,1,193,0,"build/shaders_ref","","sweep point (13.3/13.5)"
k_h,mega_mhc.final,3.11,40960,13.2,32,32,2,1,2,2,4,8,1,8,8,8,1,193,0,"build/shaders_ref","","sweep point (13.3/13.5)"
k_h,wq_a,37.90,6560000,173.1,32,32,2,1,2,2,4,8,1,8,8,8,1,193,0,"build/shaders_ref","","sweep point (13.3/13.5)"
k_h,wq_b,192.06,41984000,218.6,32,32,2,1,2,2,4,8,1,8,8,8,1,193,0,"build/shaders_ref","","sweep point (13.3/13.5)"
k_h,wkv.gemv,9.41,2624000,278.8,32,32,2,1,2,2,4,8,1,8,8,8,1,193,0,"build/shaders_ref","","sweep point (13.3/13.5)"
k_h,wkv.finish,9.75,2560,0.3,32,32,2,1,2,2,4,8,1,8,8,8,1,193,0,"build/shaders_ref","","sweep point (13.3/13.5)"
k_h,sparse_attn.score,25.18,134144,5.3,32,32,2,1,2,2,4,8,1,8,8,8,1,193,0,"build/shaders_ref","","sweep point (13.3/13.5)"
k_h,sparse_attn.combine,26.43,134144,5.1,32,32,2,1,2,2,4,8,1,8,8,8,1,193,0,"build/shaders_ref","","sweep point (13.3/13.5)"
k_h,sparse_attn_t.score,17.44,134144,7.7,32,32,2,1,2,2,4,8,1,8,8,8,1,193,0,"build/shaders_ref","","sweep point (13.3/13.5)"
k_h,sparse_attn_t.pv,30.86,134144,4.3,32,32,2,1,2,2,4,8,1,8,8,8,1,193,0,"build/shaders_ref","","sweep point (13.3/13.5)"
k_h,sparse_attn_t.finish,3.19,1048576,328.5,32,32,2,1,2,2,4,8,1,8,8,8,1,193,0,"build/shaders_ref","","sweep point (13.3/13.5)"
k_h,wo_a,193.75,33587200,173.3,32,32,2,1,2,2,4,8,1,8,8,8,1,193,0,"build/shaders_ref","","sweep point (13.3/13.5)"
k_h,wo_b,258.95,41984000,162.1,32,32,2,1,2,2,4,8,1,8,8,8,1,193,0,"build/shaders_ref","","sweep point (13.3/13.5)"
k_h,wq_a.ksplit,34.32,6560000,191.1,32,32,2,1,2,2,4,8,1,8,8,8,1,193,0,"build/shaders_ref","","sweep point (13.3/13.5)"
k_h,wq_a.kcombine,1.10,10240,9.3,32,32,2,1,2,2,4,8,1,8,8,8,1,193,0,"build/shaders_ref","","sweep point (13.3/13.5)"
k_h,wo_a.ksplit,161.51,33587200,208.0,32,32,2,1,2,2,4,8,1,8,8,8,1,193,0,"build/shaders_ref","","sweep point (13.3/13.5)"
k_h,wo_a.kcombine,1.33,131072,98.2,32,32,2,1,2,2,4,8,1,8,8,8,1,193,0,"build/shaders_ref","","sweep point (13.3/13.5)"
k_h,wo_b.ksplit,204.05,41984000,205.8,32,32,2,1,2,2,4,8,1,8,8,8,1,193,0,"build/shaders_ref","","sweep point (13.3/13.5)"
k_h,wo_b.kcombine,1.35,163840,121.6,32,32,2,1,2,2,4,8,1,8,8,8,1,193,0,"build/shaders_ref","","sweep point (13.3/13.5)"
k_h,wkv.ksplit,7.96,2624000,329.9,32,32,2,1,2,2,4,8,1,8,8,8,1,193,0,"build/shaders_ref","","sweep point (13.3/13.5)"
k_h,wkv.kfinish,9.30,4096,0.4,32,32,2,1,2,2,4,8,1,8,8,8,1,193,0,"build/shaders_ref","","sweep point (13.3/13.5)"
k_h,gate.score,15.37,3932160,255.8,32,32,2,1,2,2,4,8,1,8,8,8,1,193,0,"build/shaders_ref","","sweep point (13.3/13.5)"
k_h,gate.topk,11.66,3072,0.3,32,32,2,1,2,2,4,8,1,8,8,8,1,193,0,"build/shaders_ref","","sweep point (13.3/13.5)"
k_h,head,5633.20,1323827200,235.0,32,32,2,1,2,2,4,8,1,8,8,8,1,193,0,"build/shaders_ref","","sweep point (13.3/13.5)"
k_h,compressor.wkv,15.26,5242880,343.7,32,32,2,1,2,2,4,8,1,8,8,8,1,193,0,"build/shaders_ref","","sweep point (13.3/13.5)"
k_h,compressor.wgate,15.12,5242880,346.7,32,32,2,1,2,2,4,8,1,8,8,8,1,193,0,"build/shaders_ref","","sweep point (13.3/13.5)"
k_h,compressor.norm,3.45,8192,2.4,32,32,2,1,2,2,4,8,1,8,8,8,1,193,0,"build/shaders_ref","","sweep point (13.3/13.5)"
k_h,compressor.store,6.93,3072,0.4,32,32,2,1,2,2,4,8,1,8,8,8,1,193,0,"build/shaders_ref","","sweep point (13.3/13.5)"
k_h,indexer.wq_b,15.51,5248000,338.4,32,32,2,1,2,2,4,8,1,8,8,8,1,193,0,"build/shaders_ref","","sweep point (13.3/13.5)"
k_h,indexer.q_finish,9.68,24576,2.5,32,32,2,1,2,2,4,8,1,8,8,8,1,193,0,"build/shaders_ref","","sweep point (13.3/13.5)"
k_h,indexer.key,18.14,131072,7.2,32,32,2,1,2,2,4,8,1,8,8,8,1,193,0,"build/shaders_ref","","sweep point (13.3/13.5)"
k_h,indexer.weights,21.69,327680,15.1,32,32,2,1,2,2,4,8,1,8,8,8,1,193,0,"build/shaders_ref","","sweep point (13.3/13.5)"
k_h,indexer.score,16.15,16640,1.0,32,32,2,1,2,2,4,8,1,8,8,8,1,193,0,"build/shaders_ref","","sweep point (13.3/13.5)"
k_h,indexer.topk,0.79,260,0.3,32,32,2,1,2,2,4,8,1,8,8,8,1,193,0,"build/shaders_ref","","sweep point (13.3/13.5)"
ks2r1_acc4fold,mega_mhc.post,2.28,163840,71.9,32,32,2,1,2,2,1,2,1,8,8,8,1,193,0,"build/shaders_acc4fold (-D DEEPMOE_GEMV_ACC=4 -D DEEPMOE_GEMV_FOLD_SCALE=1)","","sweep point (13.3/13.5)"
ks2r1_acc4fold,mega_mhc.mix,5.18,1966080,379.2,32,32,2,1,2,2,1,2,1,8,8,8,1,193,0,"build/shaders_acc4fold (-D DEEPMOE_GEMV_ACC=4 -D DEEPMOE_GEMV_FOLD_SCALE=1)","","sweep point (13.3/13.5)"
ks2r1_acc4fold,mega_mhc.final,3.38,40960,12.1,32,32,2,1,2,2,1,2,1,8,8,8,1,193,0,"build/shaders_acc4fold (-D DEEPMOE_GEMV_ACC=4 -D DEEPMOE_GEMV_FOLD_SCALE=1)","","sweep point (13.3/13.5)"
ks2r1_acc4fold,wq_a,37.95,6560000,172.9,32,32,2,1,2,2,1,2,1,8,8,8,1,193,0,"build/shaders_acc4fold (-D DEEPMOE_GEMV_ACC=4 -D DEEPMOE_GEMV_FOLD_SCALE=1)","","sweep point (13.3/13.5)"
ks2r1_acc4fold,wq_b,221.51,41984000,189.5,32,32,2,1,2,2,1,2,1,8,8,8,1,193,0,"build/shaders_acc4fold (-D DEEPMOE_GEMV_ACC=4 -D DEEPMOE_GEMV_FOLD_SCALE=1)","","sweep point (13.3/13.5)"
ks2r1_acc4fold,wkv.gemv,21.64,2624000,121.3,32,32,2,1,2,2,1,2,1,8,8,8,1,193,0,"build/shaders_acc4fold (-D DEEPMOE_GEMV_ACC=4 -D DEEPMOE_GEMV_FOLD_SCALE=1)","","sweep point (13.3/13.5)"
ks2r1_acc4fold,wkv.finish,20.61,2560,0.1,32,32,2,1,2,2,1,2,1,8,8,8,1,193,0,"build/shaders_acc4fold (-D DEEPMOE_GEMV_ACC=4 -D DEEPMOE_GEMV_FOLD_SCALE=1)","","sweep point (13.3/13.5)"
ks2r1_acc4fold,sparse_attn.score,43.56,134144,3.1,32,32,2,1,2,2,1,2,1,8,8,8,1,193,0,"build/shaders_acc4fold (-D DEEPMOE_GEMV_ACC=4 -D DEEPMOE_GEMV_FOLD_SCALE=1)","","sweep point (13.3/13.5)"
ks2r1_acc4fold,sparse_attn.combine,37.02,134144,3.6,32,32,2,1,2,2,1,2,1,8,8,8,1,193,0,"build/shaders_acc4fold (-D DEEPMOE_GEMV_ACC=4 -D DEEPMOE_GEMV_FOLD_SCALE=1)","","sweep point (13.3/13.5)"
ks2r1_acc4fold,sparse_attn_t.score,22.90,134144,5.9,32,32,2,1,2,2,1,2,1,8,8,8,1,193,0,"build/shaders_acc4fold (-D DEEPMOE_GEMV_ACC=4 -D DEEPMOE_GEMV_FOLD_SCALE=1)","","sweep point (13.3/13.5)"
ks2r1_acc4fold,sparse_attn_t.pv,35.93,134144,3.7,32,32,2,1,2,2,1,2,1,8,8,8,1,193,0,"build/shaders_acc4fold (-D DEEPMOE_GEMV_ACC=4 -D DEEPMOE_GEMV_FOLD_SCALE=1)","","sweep point (13.3/13.5)"
ks2r1_acc4fold,sparse_attn_t.finish,3.30,1048576,317.4,32,32,2,1,2,2,1,2,1,8,8,8,1,193,0,"build/shaders_acc4fold (-D DEEPMOE_GEMV_ACC=4 -D DEEPMOE_GEMV_FOLD_SCALE=1)","","sweep point (13.3/13.5)"
ks2r1_acc4fold,wo_a,201.15,33587200,167.0,32,32,2,1,2,2,1,2,1,8,8,8,1,193,0,"build/shaders_acc4fold (-D DEEPMOE_GEMV_ACC=4 -D DEEPMOE_GEMV_FOLD_SCALE=1)","","sweep point (13.3/13.5)"
ks2r1_acc4fold,wo_b,276.28,41984000,152.0,32,32,2,1,2,2,1,2,1,8,8,8,1,193,0,"build/shaders_acc4fold (-D DEEPMOE_GEMV_ACC=4 -D DEEPMOE_GEMV_FOLD_SCALE=1)","","sweep point (13.3/13.5)"
ks2r1_acc4fold,wq_a.ksplit,38.20,6560000,171.7,32,32,2,1,2,2,1,2,1,8,8,8,1,193,0,"build/shaders_acc4fold (-D DEEPMOE_GEMV_ACC=4 -D DEEPMOE_GEMV_FOLD_SCALE=1)","","sweep point (13.3/13.5)"
ks2r1_acc4fold,wq_a.kcombine,1.54,10240,6.6,32,32,2,1,2,2,1,2,1,8,8,8,1,193,0,"build/shaders_acc4fold (-D DEEPMOE_GEMV_ACC=4 -D DEEPMOE_GEMV_FOLD_SCALE=1)","","sweep point (13.3/13.5)"
ks2r1_acc4fold,wo_a.ksplit,228.04,33587200,147.3,32,32,2,1,2,2,1,2,1,8,8,8,1,193,0,"build/shaders_acc4fold (-D DEEPMOE_GEMV_ACC=4 -D DEEPMOE_GEMV_FOLD_SCALE=1)","","sweep point (13.3/13.5)"
ks2r1_acc4fold,wo_a.kcombine,1.49,32768,22.0,32,32,2,1,2,2,1,2,1,8,8,8,1,193,0,"build/shaders_acc4fold (-D DEEPMOE_GEMV_ACC=4 -D DEEPMOE_GEMV_FOLD_SCALE=1)","","sweep point (13.3/13.5)"
ks2r1_acc4fold,wo_b.ksplit,281.63,41984000,149.1,32,32,2,1,2,2,1,2,1,8,8,8,1,193,0,"build/shaders_acc4fold (-D DEEPMOE_GEMV_ACC=4 -D DEEPMOE_GEMV_FOLD_SCALE=1)","","sweep point (13.3/13.5)"
ks2r1_acc4fold,wo_b.kcombine,1.41,40960,29.0,32,32,2,1,2,2,1,2,1,8,8,8,1,193,0,"build/shaders_acc4fold (-D DEEPMOE_GEMV_ACC=4 -D DEEPMOE_GEMV_FOLD_SCALE=1)","","sweep point (13.3/13.5)"
ks2r1_acc4fold,wkv.ksplit,9.54,2624000,274.9,32,32,2,1,2,2,1,2,1,8,8,8,1,193,0,"build/shaders_acc4fold (-D DEEPMOE_GEMV_ACC=4 -D DEEPMOE_GEMV_FOLD_SCALE=1)","","sweep point (13.3/13.5)"
ks2r1_acc4fold,wkv.kfinish,11.50,4096,0.4,32,32,2,1,2,2,1,2,1,8,8,8,1,193,0,"build/shaders_acc4fold (-D DEEPMOE_GEMV_ACC=4 -D DEEPMOE_GEMV_FOLD_SCALE=1)","","sweep point (13.3/13.5)"
ks2r1_acc4fold,gate.score,18.56,3932160,211.9,32,32,2,1,2,2,1,2,1,8,8,8,1,193,0,"build/shaders_acc4fold (-D DEEPMOE_GEMV_ACC=4 -D DEEPMOE_GEMV_FOLD_SCALE=1)","","sweep point (13.3/13.5)"
ks2r1_acc4fold,gate.topk,16.55,3072,0.2,32,32,2,1,2,2,1,2,1,8,8,8,1,193,0,"build/shaders_acc4fold (-D DEEPMOE_GEMV_ACC=4 -D DEEPMOE_GEMV_FOLD_SCALE=1)","","sweep point (13.3/13.5)"
ks2r1_acc4fold,head,5679.26,1323827200,233.1,32,32,2,1,2,2,1,2,1,8,8,8,1,193,0,"build/shaders_acc4fold (-D DEEPMOE_GEMV_ACC=4 -D DEEPMOE_GEMV_FOLD_SCALE=1)","","sweep point (13.3/13.5)"
ks2r1_acc4fold,compressor.wkv,16.09,5242880,325.9,32,32,2,1,2,2,1,2,1,8,8,8,1,193,0,"build/shaders_acc4fold (-D DEEPMOE_GEMV_ACC=4 -D DEEPMOE_GEMV_FOLD_SCALE=1)","","sweep point (13.3/13.5)"
ks2r1_acc4fold,compressor.wgate,15.88,5242880,330.1,32,32,2,1,2,2,1,2,1,8,8,8,1,193,0,"build/shaders_acc4fold (-D DEEPMOE_GEMV_ACC=4 -D DEEPMOE_GEMV_FOLD_SCALE=1)","","sweep point (13.3/13.5)"
ks2r1_acc4fold,compressor.norm,3.64,8192,2.3,32,32,2,1,2,2,1,2,1,8,8,8,1,193,0,"build/shaders_acc4fold (-D DEEPMOE_GEMV_ACC=4 -D DEEPMOE_GEMV_FOLD_SCALE=1)","","sweep point (13.3/13.5)"
ks2r1_acc4fold,compressor.store,7.54,3072,0.4,32,32,2,1,2,2,1,2,1,8,8,8,1,193,0,"build/shaders_acc4fold (-D DEEPMOE_GEMV_ACC=4 -D DEEPMOE_GEMV_FOLD_SCALE=1)","","sweep point (13.3/13.5)"
ks2r1_acc4fold,indexer.wq_b,16.44,5248000,319.2,32,32,2,1,2,2,1,2,1,8,8,8,1,193,0,"build/shaders_acc4fold (-D DEEPMOE_GEMV_ACC=4 -D DEEPMOE_GEMV_FOLD_SCALE=1)","","sweep point (13.3/13.5)"
ks2r1_acc4fold,indexer.q_finish,10.40,24576,2.4,32,32,2,1,2,2,1,2,1,8,8,8,1,193,0,"build/shaders_acc4fold (-D DEEPMOE_GEMV_ACC=4 -D DEEPMOE_GEMV_FOLD_SCALE=1)","","sweep point (13.3/13.5)"
ks2r1_acc4fold,indexer.key,18.99,131072,6.9,32,32,2,1,2,2,1,2,1,8,8,8,1,193,0,"build/shaders_acc4fold (-D DEEPMOE_GEMV_ACC=4 -D DEEPMOE_GEMV_FOLD_SCALE=1)","","sweep point (13.3/13.5)"
ks2r1_acc4fold,indexer.weights,22.38,327680,14.6,32,32,2,1,2,2,1,2,1,8,8,8,1,193,0,"build/shaders_acc4fold (-D DEEPMOE_GEMV_ACC=4 -D DEEPMOE_GEMV_FOLD_SCALE=1)","","sweep point (13.3/13.5)"
ks2r1_acc4fold,indexer.score,16.31,16640,1.0,32,32,2,1,2,2,1,2,1,8,8,8,1,193,0,"build/shaders_acc4fold (-D DEEPMOE_GEMV_ACC=4 -D DEEPMOE_GEMV_FOLD_SCALE=1)","","sweep point (13.3/13.5)"
ks2r1_acc4fold,indexer.topk,0.79,260,0.3,32,32,2,1,2,2,1,2,1,8,8,8,1,193,0,"build/shaders_acc4fold (-D DEEPMOE_GEMV_ACC=4 -D DEEPMOE_GEMV_FOLD_SCALE=1)","","sweep point (13.3/13.5)"
ks2r1_ref,mega_mhc.post,2.34,163840,70.0,32,32,2,1,2,2,1,2,1,8,8,8,1,193,0,"build/shaders_ref","","sweep point (13.3/13.5)"
ks2r1_ref,mega_mhc.mix,5.33,1966080,368.8,32,32,2,1,2,2,1,2,1,8,8,8,1,193,0,"build/shaders_ref","","sweep point (13.3/13.5)"
ks2r1_ref,mega_mhc.final,3.25,40960,12.6,32,32,2,1,2,2,1,2,1,8,8,8,1,193,0,"build/shaders_ref","","sweep point (13.3/13.5)"
ks2r1_ref,wq_a,37.81,6560000,173.5,32,32,2,1,2,2,1,2,1,8,8,8,1,193,0,"build/shaders_ref","","sweep point (13.3/13.5)"
ks2r1_ref,wq_b,193.45,41984000,217.0,32,32,2,1,2,2,1,2,1,8,8,8,1,193,0,"build/shaders_ref","","sweep point (13.3/13.5)"
ks2r1_ref,wkv.gemv,9.46,2624000,277.4,32,32,2,1,2,2,1,2,1,8,8,8,1,193,0,"build/shaders_ref","","sweep point (13.3/13.5)"
ks2r1_ref,wkv.finish,9.72,2560,0.3,32,32,2,1,2,2,1,2,1,8,8,8,1,193,0,"build/shaders_ref","","sweep point (13.3/13.5)"
ks2r1_ref,sparse_attn.score,25.38,134144,5.3,32,32,2,1,2,2,1,2,1,8,8,8,1,193,0,"build/shaders_ref","","sweep point (13.3/13.5)"
ks2r1_ref,sparse_attn.combine,27.05,134144,5.0,32,32,2,1,2,2,1,2,1,8,8,8,1,193,0,"build/shaders_ref","","sweep point (13.3/13.5)"
ks2r1_ref,sparse_attn_t.score,17.97,134144,7.5,32,32,2,1,2,2,1,2,1,8,8,8,1,193,0,"build/shaders_ref","","sweep point (13.3/13.5)"
ks2r1_ref,sparse_attn_t.pv,31.39,134144,4.3,32,32,2,1,2,2,1,2,1,8,8,8,1,193,0,"build/shaders_ref","","sweep point (13.3/13.5)"
ks2r1_ref,sparse_attn_t.finish,3.25,1048576,322.5,32,32,2,1,2,2,1,2,1,8,8,8,1,193,0,"build/shaders_ref","","sweep point (13.3/13.5)"
ks2r1_ref,wo_a,194.59,33587200,172.6,32,32,2,1,2,2,1,2,1,8,8,8,1,193,0,"build/shaders_ref","","sweep point (13.3/13.5)"
ks2r1_ref,wo_b,259.45,41984000,161.8,32,32,2,1,2,2,1,2,1,8,8,8,1,193,0,"build/shaders_ref","","sweep point (13.3/13.5)"
ks2r1_ref,wq_a.ksplit,34.65,6560000,189.3,32,32,2,1,2,2,1,2,1,8,8,8,1,193,0,"build/shaders_ref","","sweep point (13.3/13.5)"
ks2r1_ref,wq_a.kcombine,1.12,10240,9.2,32,32,2,1,2,2,1,2,1,8,8,8,1,193,0,"build/shaders_ref","","sweep point (13.3/13.5)"
ks2r1_ref,wo_a.ksplit,218.64,33587200,153.6,32,32,2,1,2,2,1,2,1,8,8,8,1,193,0,"build/shaders_ref","","sweep point (13.3/13.5)"
ks2r1_ref,wo_a.kcombine,1.12,32768,29.3,32,32,2,1,2,2,1,2,1,8,8,8,1,193,0,"build/shaders_ref","","sweep point (13.3/13.5)"
ks2r1_ref,wo_b.ksplit,283.23,41984000,148.2,32,32,2,1,2,2,1,2,1,8,8,8,1,193,0,"build/shaders_ref","","sweep point (13.3/13.5)"
ks2r1_ref,wo_b.kcombine,1.08,40960,37.9,32,32,2,1,2,2,1,2,1,8,8,8,1,193,0,"build/shaders_ref","","sweep point (13.3/13.5)"
ks2r1_ref,wkv.ksplit,7.40,2624000,354.6,32,32,2,1,2,2,1,2,1,8,8,8,1,193,0,"build/shaders_ref","","sweep point (13.3/13.5)"
ks2r1_ref,wkv.kfinish,8.83,4096,0.5,32,32,2,1,2,2,1,2,1,8,8,8,1,193,0,"build/shaders_ref","","sweep point (13.3/13.5)"
ks2r1_ref,gate.score,15.60,3932160,252.1,32,32,2,1,2,2,1,2,1,8,8,8,1,193,0,"build/shaders_ref","","sweep point (13.3/13.5)"
ks2r1_ref,gate.topk,11.63,3072,0.3,32,32,2,1,2,2,1,2,1,8,8,8,1,193,0,"build/shaders_ref","","sweep point (13.3/13.5)"
ks2r1_ref,head,5678.29,1323827200,233.1,32,32,2,1,2,2,1,2,1,8,8,8,1,193,0,"build/shaders_ref","","sweep point (13.3/13.5)"
ks2r1_ref,compressor.wkv,16.21,5242880,323.3,32,32,2,1,2,2,1,2,1,8,8,8,1,193,0,"build/shaders_ref","","sweep point (13.3/13.5)"
ks2r1_ref,compressor.wgate,15.97,5242880,328.2,32,32,2,1,2,2,1,2,1,8,8,8,1,193,0,"build/shaders_ref","","sweep point (13.3/13.5)"
ks2r1_ref,compressor.norm,3.67,8192,2.2,32,32,2,1,2,2,1,2,1,8,8,8,1,193,0,"build/shaders_ref","","sweep point (13.3/13.5)"
ks2r1_ref,compressor.store,7.54,3072,0.4,32,32,2,1,2,2,1,2,1,8,8,8,1,193,0,"build/shaders_ref","","sweep point (13.3/13.5)"
ks2r1_ref,indexer.wq_b,16.97,5248000,309.3,32,32,2,1,2,2,1,2,1,8,8,8,1,193,0,"build/shaders_ref","","sweep point (13.3/13.5)"
ks2r1_ref,indexer.q_finish,10.48,24576,2.3,32,32,2,1,2,2,1,2,1,8,8,8,1,193,0,"build/shaders_ref","","sweep point (13.3/13.5)"
ks2r1_ref,indexer.key,19.87,131072,6.6,32,32,2,1,2,2,1,2,1,8,8,8,1,193,0,"build/shaders_ref","","sweep point (13.3/13.5)"
ks2r1_ref,indexer.weights,22.41,327680,14.6,32,32,2,1,2,2,1,2,1,8,8,8,1,193,0,"build/shaders_ref","","sweep point (13.3/13.5)"
ks2r1_ref,indexer.score,16.33,16640,1.0,32,32,2,1,2,2,1,2,1,8,8,8,1,193,0,"build/shaders_ref","","sweep point (13.3/13.5)"
ks2r1_ref,indexer.topk,0.79,260,0.3,32,32,2,1,2,2,1,2,1,8,8,8,1,193,0,"build/shaders_ref","","sweep point (13.3/13.5)"
ks2r2_acc4fold,mega_mhc.post,2.27,163840,72.2,32,32,2,1,2,8,4,2,2,8,8,8,1,193,0,"build/shaders_acc4fold (-D DEEPMOE_GEMV_ACC=4 -D DEEPMOE_GEMV_FOLD_SCALE=1)","","sweep point (13.3/13.5)"
ks2r2_acc4fold,mega_mhc.mix,5.12,1966080,383.7,32,32,2,1,2,8,4,2,2,8,8,8,1,193,0,"build/shaders_acc4fold (-D DEEPMOE_GEMV_ACC=4 -D DEEPMOE_GEMV_FOLD_SCALE=1)","","sweep point (13.3/13.5)"
ks2r2_acc4fold,mega_mhc.final,3.17,40960,12.9,32,32,2,1,2,8,4,2,2,8,8,8,1,193,0,"build/shaders_acc4fold (-D DEEPMOE_GEMV_ACC=4 -D DEEPMOE_GEMV_FOLD_SCALE=1)","","sweep point (13.3/13.5)"
ks2r2_acc4fold,wq_a,38.43,6560000,170.7,32,32,2,1,2,8,4,2,2,8,8,8,1,193,0,"build/shaders_acc4fold (-D DEEPMOE_GEMV_ACC=4 -D DEEPMOE_GEMV_FOLD_SCALE=1)","","sweep point (13.3/13.5)"
ks2r2_acc4fold,wq_b,196.09,41984000,214.1,32,32,2,1,2,8,4,2,2,8,8,8,1,193,0,"build/shaders_acc4fold (-D DEEPMOE_GEMV_ACC=4 -D DEEPMOE_GEMV_FOLD_SCALE=1)","","sweep point (13.3/13.5)"
ks2r2_acc4fold,wkv.gemv,10.22,2624000,256.8,32,32,2,1,2,8,4,2,2,8,8,8,1,193,0,"build/shaders_acc4fold (-D DEEPMOE_GEMV_ACC=4 -D DEEPMOE_GEMV_FOLD_SCALE=1)","","sweep point (13.3/13.5)"
ks2r2_acc4fold,wkv.finish,10.85,2560,0.2,32,32,2,1,2,8,4,2,2,8,8,8,1,193,0,"build/shaders_acc4fold (-D DEEPMOE_GEMV_ACC=4 -D DEEPMOE_GEMV_FOLD_SCALE=1)","","sweep point (13.3/13.5)"
ks2r2_acc4fold,sparse_attn.score,28.16,134144,4.8,32,32,2,1,2,8,4,2,2,8,8,8,1,193,0,"build/shaders_acc4fold (-D DEEPMOE_GEMV_ACC=4 -D DEEPMOE_GEMV_FOLD_SCALE=1)","","sweep point (13.3/13.5)"
ks2r2_acc4fold,sparse_attn.combine,28.94,134144,4.6,32,32,2,1,2,8,4,2,2,8,8,8,1,193,0,"build/shaders_acc4fold (-D DEEPMOE_GEMV_ACC=4 -D DEEPMOE_GEMV_FOLD_SCALE=1)","","sweep point (13.3/13.5)"
ks2r2_acc4fold,sparse_attn_t.score,19.49,134144,6.9,32,32,2,1,2,8,4,2,2,8,8,8,1,193,0,"build/shaders_acc4fold (-D DEEPMOE_GEMV_ACC=4 -D DEEPMOE_GEMV_FOLD_SCALE=1)","","sweep point (13.3/13.5)"
ks2r2_acc4fold,sparse_attn_t.pv,34.44,134144,3.9,32,32,2,1,2,8,4,2,2,8,8,8,1,193,0,"build/shaders_acc4fold (-D DEEPMOE_GEMV_ACC=4 -D DEEPMOE_GEMV_FOLD_SCALE=1)","","sweep point (13.3/13.5)"
ks2r2_acc4fold,sparse_attn_t.finish,3.51,1048576,299.2,32,32,2,1,2,8,4,2,2,8,8,8,1,193,0,"build/shaders_acc4fold (-D DEEPMOE_GEMV_ACC=4 -D DEEPMOE_GEMV_FOLD_SCALE=1)","","sweep point (13.3/13.5)"
ks2r2_acc4fold,wo_a,198.47,33587200,169.2,32,32,2,1,2,8,4,2,2,8,8,8,1,193,0,"build/shaders_acc4fold (-D DEEPMOE_GEMV_ACC=4 -D DEEPMOE_GEMV_FOLD_SCALE=1)","","sweep point (13.3/13.5)"
ks2r2_acc4fold,wo_b,269.10,41984000,156.0,32,32,2,1,2,8,4,2,2,8,8,8,1,193,0,"build/shaders_acc4fold (-D DEEPMOE_GEMV_ACC=4 -D DEEPMOE_GEMV_FOLD_SCALE=1)","","sweep point (13.3/13.5)"
ks2r2_acc4fold,wq_a.ksplit,57.34,6560000,114.4,32,32,2,1,2,8,4,2,2,8,8,8,1,193,0,"build/shaders_acc4fold (-D DEEPMOE_GEMV_ACC=4 -D DEEPMOE_GEMV_FOLD_SCALE=1)","","sweep point (13.3/13.5)"
ks2r2_acc4fold,wq_a.kcombine,0.98,10240,10.4,32,32,2,1,2,8,4,2,2,8,8,8,1,193,0,"build/shaders_acc4fold (-D DEEPMOE_GEMV_ACC=4 -D DEEPMOE_GEMV_FOLD_SCALE=1)","","sweep point (13.3/13.5)"
ks2r2_acc4fold,wo_a.ksplit,161.82,33587200,207.6,32,32,2,1,2,8,4,2,2,8,8,8,1,193,0,"build/shaders_acc4fold (-D DEEPMOE_GEMV_ACC=4 -D DEEPMOE_GEMV_FOLD_SCALE=1)","","sweep point (13.3/13.5)"
ks2r2_acc4fold,wo_a.kcombine,1.30,131072,100.5,32,32,2,1,2,8,4,2,2,8,8,8,1,193,0,"build/shaders_acc4fold (-D DEEPMOE_GEMV_ACC=4 -D DEEPMOE_GEMV_FOLD_SCALE=1)","","sweep point (13.3/13.5)"
ks2r2_acc4fold,wo_b.ksplit,304.75,41984000,137.8,32,32,2,1,2,8,4,2,2,8,8,8,1,193,0,"build/shaders_acc4fold (-D DEEPMOE_GEMV_ACC=4 -D DEEPMOE_GEMV_FOLD_SCALE=1)","","sweep point (13.3/13.5)"
ks2r2_acc4fold,wo_b.kcombine,1.17,40960,35.1,32,32,2,1,2,8,4,2,2,8,8,8,1,193,0,"build/shaders_acc4fold (-D DEEPMOE_GEMV_ACC=4 -D DEEPMOE_GEMV_FOLD_SCALE=1)","","sweep point (13.3/13.5)"
ks2r2_acc4fold,wkv.ksplit,11.14,2624000,235.7,32,32,2,1,2,8,4,2,2,8,8,8,1,193,0,"build/shaders_acc4fold (-D DEEPMOE_GEMV_ACC=4 -D DEEPMOE_GEMV_FOLD_SCALE=1)","","sweep point (13.3/13.5)"
ks2r2_acc4fold,wkv.kfinish,9.79,16384,1.7,32,32,2,1,2,8,4,2,2,8,8,8,1,193,0,"build/shaders_acc4fold (-D DEEPMOE_GEMV_ACC=4 -D DEEPMOE_GEMV_FOLD_SCALE=1)","","sweep point (13.3/13.5)"
ks2r2_acc4fold,gate.score,16.66,3932160,236.0,32,32,2,1,2,8,4,2,2,8,8,8,1,193,0,"build/shaders_acc4fold (-D DEEPMOE_GEMV_ACC=4 -D DEEPMOE_GEMV_FOLD_SCALE=1)","","sweep point (13.3/13.5)"
ks2r2_acc4fold,gate.topk,14.10,3072,0.2,32,32,2,1,2,8,4,2,2,8,8,8,1,193,0,"build/shaders_acc4fold (-D DEEPMOE_GEMV_ACC=4 -D DEEPMOE_GEMV_FOLD_SCALE=1)","","sweep point (13.3/13.5)"
ks2r2_acc4fold,head,5668.19,1323827200,233.6,32,32,2,1,2,8,4,2,2,8,8,8,1,193,0,"build/shaders_acc4fold (-D DEEPMOE_GEMV_ACC=4 -D DEEPMOE_GEMV_FOLD_SCALE=1)","","sweep point (13.3/13.5)"
ks2r2_acc4fold,compressor.wkv,16.25,5242880,322.6,32,32,2,1,2,8,4,2,2,8,8,8,1,193,0,"build/shaders_acc4fold (-D DEEPMOE_GEMV_ACC=4 -D DEEPMOE_GEMV_FOLD_SCALE=1)","","sweep point (13.3/13.5)"
ks2r2_acc4fold,compressor.wgate,15.95,5242880,328.8,32,32,2,1,2,8,4,2,2,8,8,8,1,193,0,"build/shaders_acc4fold (-D DEEPMOE_GEMV_ACC=4 -D DEEPMOE_GEMV_FOLD_SCALE=1)","","sweep point (13.3/13.5)"
ks2r2_acc4fold,compressor.norm,3.67,8192,2.2,32,32,2,1,2,8,4,2,2,8,8,8,1,193,0,"build/shaders_acc4fold (-D DEEPMOE_GEMV_ACC=4 -D DEEPMOE_GEMV_FOLD_SCALE=1)","","sweep point (13.3/13.5)"
ks2r2_acc4fold,compressor.store,7.56,3072,0.4,32,32,2,1,2,8,4,2,2,8,8,8,1,193,0,"build/shaders_acc4fold (-D DEEPMOE_GEMV_ACC=4 -D DEEPMOE_GEMV_FOLD_SCALE=1)","","sweep point (13.3/13.5)"
ks2r2_acc4fold,indexer.wq_b,16.34,5248000,321.1,32,32,2,1,2,8,4,2,2,8,8,8,1,193,0,"build/shaders_acc4fold (-D DEEPMOE_GEMV_ACC=4 -D DEEPMOE_GEMV_FOLD_SCALE=1)","","sweep point (13.3/13.5)"
ks2r2_acc4fold,indexer.q_finish,10.41,24576,2.4,32,32,2,1,2,8,4,2,2,8,8,8,1,193,0,"build/shaders_acc4fold (-D DEEPMOE_GEMV_ACC=4 -D DEEPMOE_GEMV_FOLD_SCALE=1)","","sweep point (13.3/13.5)"
ks2r2_acc4fold,indexer.key,19.00,131072,6.9,32,32,2,1,2,8,4,2,2,8,8,8,1,193,0,"build/shaders_acc4fold (-D DEEPMOE_GEMV_ACC=4 -D DEEPMOE_GEMV_FOLD_SCALE=1)","","sweep point (13.3/13.5)"
ks2r2_acc4fold,indexer.weights,22.33,327680,14.7,32,32,2,1,2,8,4,2,2,8,8,8,1,193,0,"build/shaders_acc4fold (-D DEEPMOE_GEMV_ACC=4 -D DEEPMOE_GEMV_FOLD_SCALE=1)","","sweep point (13.3/13.5)"
ks2r2_acc4fold,indexer.score,16.17,16640,1.0,32,32,2,1,2,8,4,2,2,8,8,8,1,193,0,"build/shaders_acc4fold (-D DEEPMOE_GEMV_ACC=4 -D DEEPMOE_GEMV_FOLD_SCALE=1)","","sweep point (13.3/13.5)"
ks2r2_acc4fold,indexer.topk,0.79,260,0.3,32,32,2,1,2,8,4,2,2,8,8,8,1,193,0,"build/shaders_acc4fold (-D DEEPMOE_GEMV_ACC=4 -D DEEPMOE_GEMV_FOLD_SCALE=1)","","sweep point (13.3/13.5)"
ks2r2_ref,mega_mhc.post,2.34,163840,69.9,32,32,2,1,2,8,4,2,2,8,8,8,1,193,0,"build/shaders_ref","","sweep point (13.3/13.5)"
ks2r2_ref,mega_mhc.mix,5.33,1966080,368.7,32,32,2,1,2,8,4,2,2,8,8,8,1,193,0,"build/shaders_ref","","sweep point (13.3/13.5)"
ks2r2_ref,mega_mhc.final,3.23,40960,12.7,32,32,2,1,2,8,4,2,2,8,8,8,1,193,0,"build/shaders_ref","","sweep point (13.3/13.5)"
ks2r2_ref,wq_a,38.19,6560000,171.8,32,32,2,1,2,8,4,2,2,8,8,8,1,193,0,"build/shaders_ref","","sweep point (13.3/13.5)"
ks2r2_ref,wq_b,192.83,41984000,217.7,32,32,2,1,2,8,4,2,2,8,8,8,1,193,0,"build/shaders_ref","","sweep point (13.3/13.5)"
ks2r2_ref,wkv.gemv,9.44,2624000,277.9,32,32,2,1,2,8,4,2,2,8,8,8,1,193,0,"build/shaders_ref","","sweep point (13.3/13.5)"
ks2r2_ref,wkv.finish,9.89,2560,0.3,32,32,2,1,2,8,4,2,2,8,8,8,1,193,0,"build/shaders_ref","","sweep point (13.3/13.5)"
ks2r2_ref,sparse_attn.score,25.95,134144,5.2,32,32,2,1,2,8,4,2,2,8,8,8,1,193,0,"build/shaders_ref","","sweep point (13.3/13.5)"
ks2r2_ref,sparse_attn.combine,27.71,134144,4.8,32,32,2,1,2,8,4,2,2,8,8,8,1,193,0,"build/shaders_ref","","sweep point (13.3/13.5)"
ks2r2_ref,sparse_attn_t.score,18.02,134144,7.4,32,32,2,1,2,8,4,2,2,8,8,8,1,193,0,"build/shaders_ref","","sweep point (13.3/13.5)"
ks2r2_ref,sparse_attn_t.pv,31.57,134144,4.2,32,32,2,1,2,8,4,2,2,8,8,8,1,193,0,"build/shaders_ref","","sweep point (13.3/13.5)"
ks2r2_ref,sparse_attn_t.finish,3.30,1048576,317.9,32,32,2,1,2,8,4,2,2,8,8,8,1,193,0,"build/shaders_ref","","sweep point (13.3/13.5)"
ks2r2_ref,wo_a,195.00,33587200,172.2,32,32,2,1,2,8,4,2,2,8,8,8,1,193,0,"build/shaders_ref","","sweep point (13.3/13.5)"
ks2r2_ref,wo_b,262.12,41984000,160.2,32,32,2,1,2,8,4,2,2,8,8,8,1,193,0,"build/shaders_ref","","sweep point (13.3/13.5)"
ks2r2_ref,wq_a.ksplit,54.92,6560000,119.5,32,32,2,1,2,8,4,2,2,8,8,8,1,193,0,"build/shaders_ref","","sweep point (13.3/13.5)"
ks2r2_ref,wq_a.kcombine,1.04,10240,9.9,32,32,2,1,2,8,4,2,2,8,8,8,1,193,0,"build/shaders_ref","","sweep point (13.3/13.5)"
ks2r2_ref,wo_a.ksplit,162.54,33587200,206.6,32,32,2,1,2,8,4,2,2,8,8,8,1,193,0,"build/shaders_ref","","sweep point (13.3/13.5)"
ks2r2_ref,wo_a.kcombine,1.34,131072,97.5,32,32,2,1,2,8,4,2,2,8,8,8,1,193,0,"build/shaders_ref","","sweep point (13.3/13.5)"
ks2r2_ref,wo_b.ksplit,304.32,41984000,138.0,32,32,2,1,2,8,4,2,2,8,8,8,1,193,0,"build/shaders_ref","","sweep point (13.3/13.5)"
ks2r2_ref,wo_b.kcombine,1.05,40960,38.9,32,32,2,1,2,8,4,2,2,8,8,8,1,193,0,"build/shaders_ref","","sweep point (13.3/13.5)"
ks2r2_ref,wkv.ksplit,9.79,2624000,268.0,32,32,2,1,2,8,4,2,2,8,8,8,1,193,0,"build/shaders_ref","","sweep point (13.3/13.5)"
ks2r2_ref,wkv.kfinish,9.02,16384,1.8,32,32,2,1,2,8,4,2,2,8,8,8,1,193,0,"build/shaders_ref","","sweep point (13.3/13.5)"
ks2r2_ref,gate.score,15.69,3932160,250.7,32,32,2,1,2,8,4,2,2,8,8,8,1,193,0,"build/shaders_ref","","sweep point (13.3/13.5)"
ks2r2_ref,gate.topk,12.00,3072,0.3,32,32,2,1,2,8,4,2,2,8,8,8,1,193,0,"build/shaders_ref","","sweep point (13.3/13.5)"
ks2r2_ref,head,5659.27,1323827200,233.9,32,32,2,1,2,8,4,2,2,8,8,8,1,193,0,"build/shaders_ref","","sweep point (13.3/13.5)"
ks2r2_ref,compressor.wkv,16.18,5242880,324.0,32,32,2,1,2,8,4,2,2,8,8,8,1,193,0,"build/shaders_ref","","sweep point (13.3/13.5)"
ks2r2_ref,compressor.wgate,15.98,5242880,328.0,32,32,2,1,2,8,4,2,2,8,8,8,1,193,0,"build/shaders_ref","","sweep point (13.3/13.5)"
ks2r2_ref,compressor.norm,3.65,8192,2.2,32,32,2,1,2,8,4,2,2,8,8,8,1,193,0,"build/shaders_ref","","sweep point (13.3/13.5)"
ks2r2_ref,compressor.store,7.54,3072,0.4,32,32,2,1,2,8,4,2,2,8,8,8,1,193,0,"build/shaders_ref","","sweep point (13.3/13.5)"
ks2r2_ref,indexer.wq_b,16.96,5248000,309.4,32,32,2,1,2,8,4,2,2,8,8,8,1,193,0,"build/shaders_ref","","sweep point (13.3/13.5)"
ks2r2_ref,indexer.q_finish,10.44,24576,2.4,32,32,2,1,2,8,4,2,2,8,8,8,1,193,0,"build/shaders_ref","","sweep point (13.3/13.5)"
ks2r2_ref,indexer.key,18.97,131072,6.9,32,32,2,1,2,8,4,2,2,8,8,8,1,193,0,"build/shaders_ref","","sweep point (13.3/13.5)"
ks2r2_ref,indexer.weights,22.29,327680,14.7,32,32,2,1,2,8,4,2,2,8,8,8,1,193,0,"build/shaders_ref","","sweep point (13.3/13.5)"
ks2r2_ref,indexer.score,16.19,16640,1.0,32,32,2,1,2,8,4,2,2,8,8,8,1,193,0,"build/shaders_ref","","sweep point (13.3/13.5)"
ks2r2_ref,indexer.topk,0.79,260,0.3,32,32,2,1,2,8,4,2,2,8,8,8,1,193,0,"build/shaders_ref","","sweep point (13.3/13.5)"
ks3_r2,mega_mhc.post,2.34,163840,70.0,32,32,2,1,2,2,4,8,2,8,8,8,1,193,0,"build/shaders_ref","rows4=[wq_a.ksplit,wkv.ksplit,wo_a.ksplit,wo_b.ksplit] wave_on=[] wave_off=[]","sweep point (13.3/13.5)"
ks3_r2,mega_mhc.mix,5.38,1966080,365.6,32,32,2,1,2,2,4,8,2,8,8,8,1,193,0,"build/shaders_ref","rows4=[wq_a.ksplit,wkv.ksplit,wo_a.ksplit,wo_b.ksplit] wave_on=[] wave_off=[]","sweep point (13.3/13.5)"
ks3_r2,mega_mhc.final,3.14,40960,13.1,32,32,2,1,2,2,4,8,2,8,8,8,1,193,0,"build/shaders_ref","rows4=[wq_a.ksplit,wkv.ksplit,wo_a.ksplit,wo_b.ksplit] wave_on=[] wave_off=[]","sweep point (13.3/13.5)"
ks3_r2,wq_a,38.20,6560000,171.7,32,32,2,1,2,2,4,8,2,8,8,8,1,193,0,"build/shaders_ref","rows4=[wq_a.ksplit,wkv.ksplit,wo_a.ksplit,wo_b.ksplit] wave_on=[] wave_off=[]","sweep point (13.3/13.5)"
ks3_r2,wq_b,193.99,41984000,216.4,32,32,2,1,2,2,4,8,2,8,8,8,1,193,0,"build/shaders_ref","rows4=[wq_a.ksplit,wkv.ksplit,wo_a.ksplit,wo_b.ksplit] wave_on=[] wave_off=[]","sweep point (13.3/13.5)"
ks3_r2,wkv.gemv,9.87,2624000,265.9,32,32,2,1,2,2,4,8,2,8,8,8,1,193,0,"build/shaders_ref","rows4=[wq_a.ksplit,wkv.ksplit,wo_a.ksplit,wo_b.ksplit] wave_on=[] wave_off=[]","sweep point (13.3/13.5)"
ks3_r2,wkv.finish,10.13,2560,0.3,32,32,2,1,2,2,4,8,2,8,8,8,1,193,0,"build/shaders_ref","rows4=[wq_a.ksplit,wkv.ksplit,wo_a.ksplit,wo_b.ksplit] wave_on=[] wave_off=[]","sweep point (13.3/13.5)"
ks3_r2,sparse_attn.score,26.71,134144,5.0,32,32,2,1,2,2,4,8,2,8,8,8,1,193,0,"build/shaders_ref","rows4=[wq_a.ksplit,wkv.ksplit,wo_a.ksplit,wo_b.ksplit] wave_on=[] wave_off=[]","sweep point (13.3/13.5)"
ks3_r2,sparse_attn.combine,27.73,134144,4.8,32,32,2,1,2,2,4,8,2,8,8,8,1,193,0,"build/shaders_ref","rows4=[wq_a.ksplit,wkv.ksplit,wo_a.ksplit,wo_b.ksplit] wave_on=[] wave_off=[]","sweep point (13.3/13.5)"
ks3_r2,sparse_attn_t.score,18.45,134144,7.3,32,32,2,1,2,2,4,8,2,8,8,8,1,193,0,"build/shaders_ref","rows4=[wq_a.ksplit,wkv.ksplit,wo_a.ksplit,wo_b.ksplit] wave_on=[] wave_off=[]","sweep point (13.3/13.5)"
ks3_r2,sparse_attn_t.pv,32.56,134144,4.1,32,32,2,1,2,2,4,8,2,8,8,8,1,193,0,"build/shaders_ref","rows4=[wq_a.ksplit,wkv.ksplit,wo_a.ksplit,wo_b.ksplit] wave_on=[] wave_off=[]","sweep point (13.3/13.5)"
ks3_r2,sparse_attn_t.finish,3.32,1048576,315.7,32,32,2,1,2,2,4,8,2,8,8,8,1,193,0,"build/shaders_ref","rows4=[wq_a.ksplit,wkv.ksplit,wo_a.ksplit,wo_b.ksplit] wave_on=[] wave_off=[]","sweep point (13.3/13.5)"
ks3_r2,wo_a,195.30,33587200,172.0,32,32,2,1,2,2,4,8,2,8,8,8,1,193,0,"build/shaders_ref","rows4=[wq_a.ksplit,wkv.ksplit,wo_a.ksplit,wo_b.ksplit] wave_on=[] wave_off=[]","sweep point (13.3/13.5)"
ks3_r2,wo_b,262.25,41984000,160.1,32,32,2,1,2,2,4,8,2,8,8,8,1,193,0,"build/shaders_ref","rows4=[wq_a.ksplit,wkv.ksplit,wo_a.ksplit,wo_b.ksplit] wave_on=[] wave_off=[]","sweep point (13.3/13.5)"
ks3_r2,wq_a.ksplit,54.03,6560000,121.4,32,32,2,1,2,2,4,8,2,8,8,8,1,193,0,"build/shaders_ref","rows4=[wq_a.ksplit,wkv.ksplit,wo_a.ksplit,wo_b.ksplit] wave_on=[] wave_off=[]","sweep point (13.3/13.5)"
ks3_r2,wq_a.kcombine,1.00,10240,10.2,32,32,2,1,2,2,4,8,2,8,8,8,1,193,0,"build/shaders_ref","rows4=[wq_a.ksplit,wkv.ksplit,wo_a.ksplit,wo_b.ksplit] wave_on=[] wave_off=[]","sweep point (13.3/13.5)"
ks3_r2,wo_a.ksplit,161.83,33587200,207.5,32,32,2,1,2,2,4,8,2,8,8,8,1,193,0,"build/shaders_ref","rows4=[wq_a.ksplit,wkv.ksplit,wo_a.ksplit,wo_b.ksplit] wave_on=[] wave_off=[]","sweep point (13.3/13.5)"
ks3_r2,wo_a.kcombine,1.30,131072,100.7,32,32,2,1,2,2,4,8,2,8,8,8,1,193,0,"build/shaders_ref","rows4=[wq_a.ksplit,wkv.ksplit,wo_a.ksplit,wo_b.ksplit] wave_on=[] wave_off=[]","sweep point (13.3/13.5)"
ks3_r2,wo_b.ksplit,210.11,41984000,199.8,32,32,2,1,2,2,4,8,2,8,8,8,1,193,0,"build/shaders_ref","rows4=[wq_a.ksplit,wkv.ksplit,wo_a.ksplit,wo_b.ksplit] wave_on=[] wave_off=[]","sweep point (13.3/13.5)"
ks3_r2,wo_b.kcombine,1.26,163840,129.8,32,32,2,1,2,2,4,8,2,8,8,8,1,193,0,"build/shaders_ref","rows4=[wq_a.ksplit,wkv.ksplit,wo_a.ksplit,wo_b.ksplit] wave_on=[] wave_off=[]","sweep point (13.3/13.5)"
ks3_r2,wkv.ksplit,7.49,2624000,350.1,32,32,2,1,2,2,4,8,2,8,8,8,1,193,0,"build/shaders_ref","rows4=[wq_a.ksplit,wkv.ksplit,wo_a.ksplit,wo_b.ksplit] wave_on=[] wave_off=[]","sweep point (13.3/13.5)"
ks3_r2,wkv.kfinish,8.38,4096,0.5,32,32,2,1,2,2,4,8,2,8,8,8,1,193,0,"build/shaders_ref","rows4=[wq_a.ksplit,wkv.ksplit,wo_a.ksplit,wo_b.ksplit] wave_on=[] wave_off=[]","sweep point (13.3/13.5)"
ks3_r2,gate.score,14.97,3932160,262.7,32,32,2,1,2,2,4,8,2,8,8,8,1,193,0,"build/shaders_ref","rows4=[wq_a.ksplit,wkv.ksplit,wo_a.ksplit,wo_b.ksplit] wave_on=[] wave_off=[]","sweep point (13.3/13.5)"
ks3_r2,gate.topk,11.64,3072,0.3,32,32,2,1,2,2,4,8,2,8,8,8,1,193,0,"build/shaders_ref","rows4=[wq_a.ksplit,wkv.ksplit,wo_a.ksplit,wo_b.ksplit] wave_on=[] wave_off=[]","sweep point (13.3/13.5)"
ks3_r2,head,5654.23,1323827200,234.1,32,32,2,1,2,2,4,8,2,8,8,8,1,193,0,"build/shaders_ref","rows4=[wq_a.ksplit,wkv.ksplit,wo_a.ksplit,wo_b.ksplit] wave_on=[] wave_off=[]","sweep point (13.3/13.5)"
ks3_r2,compressor.wkv,15.68,5242880,334.3,32,32,2,1,2,2,4,8,2,8,8,8,1,193,0,"build/shaders_ref","rows4=[wq_a.ksplit,wkv.ksplit,wo_a.ksplit,wo_b.ksplit] wave_on=[] wave_off=[]","sweep point (13.3/13.5)"
ks3_r2,compressor.wgate,15.56,5242880,336.9,32,32,2,1,2,2,4,8,2,8,8,8,1,193,0,"build/shaders_ref","rows4=[wq_a.ksplit,wkv.ksplit,wo_a.ksplit,wo_b.ksplit] wave_on=[] wave_off=[]","sweep point (13.3/13.5)"
ks3_r2,compressor.norm,3.79,8192,2.2,32,32,2,1,2,2,4,8,2,8,8,8,1,193,0,"build/shaders_ref","rows4=[wq_a.ksplit,wkv.ksplit,wo_a.ksplit,wo_b.ksplit] wave_on=[] wave_off=[]","sweep point (13.3/13.5)"
ks3_r2,compressor.store,7.44,3072,0.4,32,32,2,1,2,2,4,8,2,8,8,8,1,193,0,"build/shaders_ref","rows4=[wq_a.ksplit,wkv.ksplit,wo_a.ksplit,wo_b.ksplit] wave_on=[] wave_off=[]","sweep point (13.3/13.5)"
ks3_r2,indexer.wq_b,16.91,5248000,310.4,32,32,2,1,2,2,4,8,2,8,8,8,1,193,0,"build/shaders_ref","rows4=[wq_a.ksplit,wkv.ksplit,wo_a.ksplit,wo_b.ksplit] wave_on=[] wave_off=[]","sweep point (13.3/13.5)"
ks3_r2,indexer.q_finish,10.33,24576,2.4,32,32,2,1,2,2,4,8,2,8,8,8,1,193,0,"build/shaders_ref","rows4=[wq_a.ksplit,wkv.ksplit,wo_a.ksplit,wo_b.ksplit] wave_on=[] wave_off=[]","sweep point (13.3/13.5)"
ks3_r2,indexer.key,19.21,131072,6.8,32,32,2,1,2,2,4,8,2,8,8,8,1,193,0,"build/shaders_ref","rows4=[wq_a.ksplit,wkv.ksplit,wo_a.ksplit,wo_b.ksplit] wave_on=[] wave_off=[]","sweep point (13.3/13.5)"
ks3_r2,indexer.weights,22.62,327680,14.5,32,32,2,1,2,2,4,8,2,8,8,8,1,193,0,"build/shaders_ref","rows4=[wq_a.ksplit,wkv.ksplit,wo_a.ksplit,wo_b.ksplit] wave_on=[] wave_off=[]","sweep point (13.3/13.5)"
ks3_r2,indexer.score,16.69,16640,1.0,32,32,2,1,2,2,4,8,2,8,8,8,1,193,0,"build/shaders_ref","rows4=[wq_a.ksplit,wkv.ksplit,wo_a.ksplit,wo_b.ksplit] wave_on=[] wave_off=[]","sweep point (13.3/13.5)"
ks3_r2,indexer.topk,0.80,260,0.3,32,32,2,1,2,2,4,8,2,8,8,8,1,193,0,"build/shaders_ref","rows4=[wq_a.ksplit,wkv.ksplit,wo_a.ksplit,wo_b.ksplit] wave_on=[] wave_off=[]","sweep point (13.3/13.5)"
ks3_woa2,mega_mhc.post,2.34,163840,70.0,32,32,2,1,2,2,2,4,1,8,8,8,1,193,0,"build/shaders_ref","","sweep point (13.3/13.5)"
ks3_woa2,mega_mhc.mix,5.34,1966080,368.3,32,32,2,1,2,2,2,4,1,8,8,8,1,193,0,"build/shaders_ref","","sweep point (13.3/13.5)"
ks3_woa2,mega_mhc.final,3.25,40960,12.6,32,32,2,1,2,2,2,4,1,8,8,8,1,193,0,"build/shaders_ref","","sweep point (13.3/13.5)"
ks3_woa2,wq_a,37.65,6560000,174.3,32,32,2,1,2,2,2,4,1,8,8,8,1,193,0,"build/shaders_ref","","sweep point (13.3/13.5)"
ks3_woa2,wq_b,193.93,41984000,216.5,32,32,2,1,2,2,2,4,1,8,8,8,1,193,0,"build/shaders_ref","","sweep point (13.3/13.5)"
ks3_woa2,wkv.gemv,9.54,2624000,275.2,32,32,2,1,2,2,2,4,1,8,8,8,1,193,0,"build/shaders_ref","","sweep point (13.3/13.5)"
ks3_woa2,wkv.finish,9.83,2560,0.3,32,32,2,1,2,2,2,4,1,8,8,8,1,193,0,"build/shaders_ref","","sweep point (13.3/13.5)"
ks3_woa2,sparse_attn.score,26.07,134144,5.1,32,32,2,1,2,2,2,4,1,8,8,8,1,193,0,"build/shaders_ref","","sweep point (13.3/13.5)"
ks3_woa2,sparse_attn.combine,27.92,134144,4.8,32,32,2,1,2,2,2,4,1,8,8,8,1,193,0,"build/shaders_ref","","sweep point (13.3/13.5)"
ks3_woa2,sparse_attn_t.score,18.42,134144,7.3,32,32,2,1,2,2,2,4,1,8,8,8,1,193,0,"build/shaders_ref","","sweep point (13.3/13.5)"
ks3_woa2,sparse_attn_t.pv,32.58,134144,4.1,32,32,2,1,2,2,2,4,1,8,8,8,1,193,0,"build/shaders_ref","","sweep point (13.3/13.5)"
ks3_woa2,sparse_attn_t.finish,3.28,1048576,319.3,32,32,2,1,2,2,2,4,1,8,8,8,1,193,0,"build/shaders_ref","","sweep point (13.3/13.5)"
ks3_woa2,wo_a,194.83,33587200,172.4,32,32,2,1,2,2,2,4,1,8,8,8,1,193,0,"build/shaders_ref","","sweep point (13.3/13.5)"
ks3_woa2,wo_b,259.64,41984000,161.7,32,32,2,1,2,2,2,4,1,8,8,8,1,193,0,"build/shaders_ref","","sweep point (13.3/13.5)"
ks3_woa2,wq_a.ksplit,34.21,6560000,191.8,32,32,2,1,2,2,2,4,1,8,8,8,1,193,0,"build/shaders_ref","","sweep point (13.3/13.5)"
ks3_woa2,wq_a.kcombine,1.10,10240,9.3,32,32,2,1,2,2,2,4,1,8,8,8,1,193,0,"build/shaders_ref","","sweep point (13.3/13.5)"
ks3_woa2,wo_a.ksplit,171.43,33587200,195.9,32,32,2,1,2,2,2,4,1,8,8,8,1,193,0,"build/shaders_ref","","sweep point (13.3/13.5)"
ks3_woa2,wo_a.kcombine,1.19,65536,55.1,32,32,2,1,2,2,2,4,1,8,8,8,1,193,0,"build/shaders_ref","","sweep point (13.3/13.5)"
ks3_woa2,wo_b.ksplit,216.02,41984000,194.4,32,32,2,1,2,2,2,4,1,8,8,8,1,193,0,"build/shaders_ref","","sweep point (13.3/13.5)"
ks3_woa2,wo_b.kcombine,1.17,81920,69.8,32,32,2,1,2,2,2,4,1,8,8,8,1,193,0,"build/shaders_ref","","sweep point (13.3/13.5)"
ks3_woa2,wkv.ksplit,7.09,2624000,369.9,32,32,2,1,2,2,2,4,1,8,8,8,1,193,0,"build/shaders_ref","","sweep point (13.3/13.5)"
ks3_woa2,wkv.kfinish,8.65,4096,0.5,32,32,2,1,2,2,2,4,1,8,8,8,1,193,0,"build/shaders_ref","","sweep point (13.3/13.5)"
ks3_woa2,gate.score,15.14,3932160,259.7,32,32,2,1,2,2,2,4,1,8,8,8,1,193,0,"build/shaders_ref","","sweep point (13.3/13.5)"
ks3_woa2,gate.topk,11.58,3072,0.3,32,32,2,1,2,2,2,4,1,8,8,8,1,193,0,"build/shaders_ref","","sweep point (13.3/13.5)"
ks3_woa2,head,5652.67,1323827200,234.2,32,32,2,1,2,2,2,4,1,8,8,8,1,193,0,"build/shaders_ref","","sweep point (13.3/13.5)"
ks3_woa2,compressor.wkv,15.45,5242880,339.4,32,32,2,1,2,2,2,4,1,8,8,8,1,193,0,"build/shaders_ref","","sweep point (13.3/13.5)"
ks3_woa2,compressor.wgate,15.25,5242880,343.9,32,32,2,1,2,2,2,4,1,8,8,8,1,193,0,"build/shaders_ref","","sweep point (13.3/13.5)"
ks3_woa2,compressor.norm,3.48,8192,2.4,32,32,2,1,2,2,2,4,1,8,8,8,1,193,0,"build/shaders_ref","","sweep point (13.3/13.5)"
ks3_woa2,compressor.store,7.32,3072,0.4,32,32,2,1,2,2,2,4,1,8,8,8,1,193,0,"build/shaders_ref","","sweep point (13.3/13.5)"
ks3_woa2,indexer.wq_b,15.66,5248000,335.1,32,32,2,1,2,2,2,4,1,8,8,8,1,193,0,"build/shaders_ref","","sweep point (13.3/13.5)"
ks3_woa2,indexer.q_finish,10.22,24576,2.4,32,32,2,1,2,2,2,4,1,8,8,8,1,193,0,"build/shaders_ref","","sweep point (13.3/13.5)"
ks3_woa2,indexer.key,19.04,131072,6.9,32,32,2,1,2,2,2,4,1,8,8,8,1,193,0,"build/shaders_ref","","sweep point (13.3/13.5)"
ks3_woa2,indexer.weights,22.64,327680,14.5,32,32,2,1,2,2,2,4,1,8,8,8,1,193,0,"build/shaders_ref","","sweep point (13.3/13.5)"
ks3_woa2,indexer.score,16.56,16640,1.0,32,32,2,1,2,2,2,4,1,8,8,8,1,193,0,"build/shaders_ref","","sweep point (13.3/13.5)"
ks3_woa2,indexer.topk,0.81,260,0.3,32,32,2,1,2,2,2,4,1,8,8,8,1,193,0,"build/shaders_ref","","sweep point (13.3/13.5)"
ks3_wob16,mega_mhc.post,2.34,163840,70.0,32,32,2,1,4,4,8,16,1,8,8,8,1,193,0,"build/shaders_ref","","sweep point (13.3/13.5)"
ks3_wob16,mega_mhc.mix,5.33,1966080,368.9,32,32,2,1,4,4,8,16,1,8,8,8,1,193,0,"build/shaders_ref","","sweep point (13.3/13.5)"
ks3_wob16,mega_mhc.final,3.09,40960,13.3,32,32,2,1,4,4,8,16,1,8,8,8,1,193,0,"build/shaders_ref","","sweep point (13.3/13.5)"
ks3_wob16,wq_a,37.72,6560000,173.9,32,32,2,1,4,4,8,16,1,8,8,8,1,193,0,"build/shaders_ref","","sweep point (13.3/13.5)"
ks3_wob16,wq_b,194.47,41984000,215.9,32,32,2,1,4,4,8,16,1,8,8,8,1,193,0,"build/shaders_ref","","sweep point (13.3/13.5)"
ks3_wob16,wkv.gemv,9.63,2624000,272.6,32,32,2,1,4,4,8,16,1,8,8,8,1,193,0,"build/shaders_ref","","sweep point (13.3/13.5)"
ks3_wob16,wkv.finish,9.93,2560,0.3,32,32,2,1,4,4,8,16,1,8,8,8,1,193,0,"build/shaders_ref","","sweep point (13.3/13.5)"
ks3_wob16,sparse_attn.score,26.09,134144,5.1,32,32,2,1,4,4,8,16,1,8,8,8,1,193,0,"build/shaders_ref","","sweep point (13.3/13.5)"
ks3_wob16,sparse_attn.combine,27.24,134144,4.9,32,32,2,1,4,4,8,16,1,8,8,8,1,193,0,"build/shaders_ref","","sweep point (13.3/13.5)"
ks3_wob16,sparse_attn_t.score,18.32,134144,7.3,32,32,2,1,4,4,8,16,1,8,8,8,1,193,0,"build/shaders_ref","","sweep point (13.3/13.5)"
ks3_wob16,sparse_attn_t.pv,32.48,134144,4.1,32,32,2,1,4,4,8,16,1,8,8,8,1,193,0,"build/shaders_ref","","sweep point (13.3/13.5)"
ks3_wob16,sparse_attn_t.finish,3.28,1048576,320.1,32,32,2,1,4,4,8,16,1,8,8,8,1,193,0,"build/shaders_ref","","sweep point (13.3/13.5)"
ks3_wob16,wo_a,195.30,33587200,172.0,32,32,2,1,4,4,8,16,1,8,8,8,1,193,0,"build/shaders_ref","","sweep point (13.3/13.5)"
ks3_wob16,wo_b,263.04,41984000,159.6,32,32,2,1,4,4,8,16,1,8,8,8,1,193,0,"build/shaders_ref","","sweep point (13.3/13.5)"
ks3_wob16,wq_a.ksplit,36.05,6560000,182.0,32,32,2,1,4,4,8,16,1,8,8,8,1,193,0,"build/shaders_ref","","sweep point (13.3/13.5)"
ks3_wob16,wq_a.kcombine,1.22,20480,16.8,32,32,2,1,4,4,8,16,1,8,8,8,1,193,0,"build/shaders_ref","","sweep point (13.3/13.5)"
ks3_wob16,wo_a.ksplit,166.39,33587200,201.9,32,32,2,1,4,4,8,16,1,8,8,8,1,193,0,"build/shaders_ref","","sweep point (13.3/13.5)"
ks3_wob16,wo_a.kcombine,1.75,262144,149.5,32,32,2,1,4,4,8,16,1,8,8,8,1,193,0,"build/shaders_ref","","sweep point (13.3/13.5)"
ks3_wob16,wo_b.ksplit,220.31,41984000,190.6,32,32,2,1,4,4,8,16,1,8,8,8,1,193,0,"build/shaders_ref","","sweep point (13.3/13.5)"
ks3_wob16,wo_b.kcombine,1.71,327680,191.6,32,32,2,1,4,4,8,16,1,8,8,8,1,193,0,"build/shaders_ref","","sweep point (13.3/13.5)"
ks3_wob16,wkv.ksplit,10.70,2624000,245.2,32,32,2,1,4,4,8,16,1,8,8,8,1,193,0,"build/shaders_ref","","sweep point (13.3/13.5)"
ks3_wob16,wkv.kfinish,9.74,8192,0.8,32,32,2,1,4,4,8,16,1,8,8,8,1,193,0,"build/shaders_ref","","sweep point (13.3/13.5)"
ks3_wob16,gate.score,15.65,3932160,251.2,32,32,2,1,4,4,8,16,1,8,8,8,1,193,0,"build/shaders_ref","","sweep point (13.3/13.5)"
ks3_wob16,gate.topk,12.20,3072,0.3,32,32,2,1,4,4,8,16,1,8,8,8,1,193,0,"build/shaders_ref","","sweep point (13.3/13.5)"
ks3_wob16,head,5638.92,1323827200,234.8,32,32,2,1,4,4,8,16,1,8,8,8,1,193,0,"build/shaders_ref","","sweep point (13.3/13.5)"
ks3_wob16,compressor.wkv,15.28,5242880,343.2,32,32,2,1,4,4,8,16,1,8,8,8,1,193,0,"build/shaders_ref","","sweep point (13.3/13.5)"
ks3_wob16,compressor.wgate,15.17,5242880,345.6,32,32,2,1,4,4,8,16,1,8,8,8,1,193,0,"build/shaders_ref","","sweep point (13.3/13.5)"
ks3_wob16,compressor.norm,3.47,8192,2.4,32,32,2,1,4,4,8,16,1,8,8,8,1,193,0,"build/shaders_ref","","sweep point (13.3/13.5)"
ks3_wob16,compressor.store,7.21,3072,0.4,32,32,2,1,4,4,8,16,1,8,8,8,1,193,0,"build/shaders_ref","","sweep point (13.3/13.5)"
ks3_wob16,indexer.wq_b,15.64,5248000,335.5,32,32,2,1,4,4,8,16,1,8,8,8,1,193,0,"build/shaders_ref","","sweep point (13.3/13.5)"
ks3_wob16,indexer.q_finish,10.18,24576,2.4,32,32,2,1,4,4,8,16,1,8,8,8,1,193,0,"build/shaders_ref","","sweep point (13.3/13.5)"
ks3_wob16,indexer.key,18.91,131072,6.9,32,32,2,1,4,4,8,16,1,8,8,8,1,193,0,"build/shaders_ref","","sweep point (13.3/13.5)"
ks3_wob16,indexer.weights,22.40,327680,14.6,32,32,2,1,4,4,8,16,1,8,8,8,1,193,0,"build/shaders_ref","","sweep point (13.3/13.5)"
ks3_wob16,indexer.score,16.39,16640,1.0,32,32,2,1,4,4,8,16,1,8,8,8,1,193,0,"build/shaders_ref","","sweep point (13.3/13.5)"
ks3_wob16,indexer.topk,0.80,260,0.3,32,32,2,1,4,4,8,16,1,8,8,8,1,193,0,"build/shaders_ref","","sweep point (13.3/13.5)"
ks4r1_acc4fold,mega_mhc.post,2.34,163840,70.0,32,32,2,1,4,4,2,4,1,8,8,8,1,193,0,"build/shaders_acc4fold (-D DEEPMOE_GEMV_ACC=4 -D DEEPMOE_GEMV_FOLD_SCALE=1)","","sweep point (13.3/13.5)"
ks4r1_acc4fold,mega_mhc.mix,5.33,1966080,368.7,32,32,2,1,4,4,2,4,1,8,8,8,1,193,0,"build/shaders_acc4fold (-D DEEPMOE_GEMV_ACC=4 -D DEEPMOE_GEMV_FOLD_SCALE=1)","","sweep point (13.3/13.5)"
ks4r1_acc4fold,mega_mhc.final,3.13,40960,13.1,32,32,2,1,4,4,2,4,1,8,8,8,1,193,0,"build/shaders_acc4fold (-D DEEPMOE_GEMV_ACC=4 -D DEEPMOE_GEMV_FOLD_SCALE=1)","","sweep point (13.3/13.5)"
ks4r1_acc4fold,wq_a,37.91,6560000,173.0,32,32,2,1,4,4,2,4,1,8,8,8,1,193,0,"build/shaders_acc4fold (-D DEEPMOE_GEMV_ACC=4 -D DEEPMOE_GEMV_FOLD_SCALE=1)","","sweep point (13.3/13.5)"
ks4r1_acc4fold,wq_b,194.08,41984000,216.3,32,32,2,1,4,4,2,4,1,8,8,8,1,193,0,"build/shaders_acc4fold (-D DEEPMOE_GEMV_ACC=4 -D DEEPMOE_GEMV_FOLD_SCALE=1)","","sweep point (13.3/13.5)"
ks4r1_acc4fold,wkv.gemv,9.73,2624000,269.7,32,32,2,1,4,4,2,4,1,8,8,8,1,193,0,"build/shaders_acc4fold (-D DEEPMOE_GEMV_ACC=4 -D DEEPMOE_GEMV_FOLD_SCALE=1)","","sweep point (13.3/13.5)"
ks4r1_acc4fold,wkv.finish,10.18,2560,0.3,32,32,2,1,4,4,2,4,1,8,8,8,1,193,0,"build/shaders_acc4fold (-D DEEPMOE_GEMV_ACC=4 -D DEEPMOE_GEMV_FOLD_SCALE=1)","","sweep point (13.3/13.5)"
ks4r1_acc4fold,sparse_attn.score,27.30,134144,4.9,32,32,2,1,4,4,2,4,1,8,8,8,1,193,0,"build/shaders_acc4fold (-D DEEPMOE_GEMV_ACC=4 -D DEEPMOE_GEMV_FOLD_SCALE=1)","","sweep point (13.3/13.5)"
ks4r1_acc4fold,sparse_attn.combine,28.12,134144,4.8,32,32,2,1,4,4,2,4,1,8,8,8,1,193,0,"build/shaders_acc4fold (-D DEEPMOE_GEMV_ACC=4 -D DEEPMOE_GEMV_FOLD_SCALE=1)","","sweep point (13.3/13.5)"
ks4r1_acc4fold,sparse_attn_t.score,19.09,134144,7.0,32,32,2,1,4,4,2,4,1,8,8,8,1,193,0,"build/shaders_acc4fold (-D DEEPMOE_GEMV_ACC=4 -D DEEPMOE_GEMV_FOLD_SCALE=1)","","sweep point (13.3/13.5)"
ks4r1_acc4fold,sparse_attn_t.pv,33.24,134144,4.0,32,32,2,1,4,4,2,4,1,8,8,8,1,193,0,"build/shaders_acc4fold (-D DEEPMOE_GEMV_ACC=4 -D DEEPMOE_GEMV_FOLD_SCALE=1)","","sweep point (13.3/13.5)"
ks4r1_acc4fold,sparse_attn_t.finish,3.31,1048576,317.2,32,32,2,1,4,4,2,4,1,8,8,8,1,193,0,"build/shaders_acc4fold (-D DEEPMOE_GEMV_ACC=4 -D DEEPMOE_GEMV_FOLD_SCALE=1)","","sweep point (13.3/13.5)"
ks4r1_acc4fold,wo_a,197.58,33587200,170.0,32,32,2,1,4,4,2,4,1,8,8,8,1,193,0,"build/shaders_acc4fold (-D DEEPMOE_GEMV_ACC=4 -D DEEPMOE_GEMV_FOLD_SCALE=1)","","sweep point (13.3/13.5)"
ks4r1_acc4fold,wo_b,267.00,41984000,157.2,32,32,2,1,4,4,2,4,1,8,8,8,1,193,0,"build/shaders_acc4fold (-D DEEPMOE_GEMV_ACC=4 -D DEEPMOE_GEMV_FOLD_SCALE=1)","","sweep point (13.3/13.5)"
ks4r1_acc4fold,wq_a.ksplit,37.09,6560000,176.9,32,32,2,1,4,4,2,4,1,8,8,8,1,193,0,"build/shaders_acc4fold (-D DEEPMOE_GEMV_ACC=4 -D DEEPMOE_GEMV_FOLD_SCALE=1)","","sweep point (13.3/13.5)"
ks4r1_acc4fold,wq_a.kcombine,1.21,20480,16.9,32,32,2,1,4,4,2,4,1,8,8,8,1,193,0,"build/shaders_acc4fold (-D DEEPMOE_GEMV_ACC=4 -D DEEPMOE_GEMV_FOLD_SCALE=1)","","sweep point (13.3/13.5)"
ks4r1_acc4fold,wo_a.ksplit,171.35,33587200,196.0,32,32,2,1,4,4,2,4,1,8,8,8,1,193,0,"build/shaders_acc4fold (-D DEEPMOE_GEMV_ACC=4 -D DEEPMOE_GEMV_FOLD_SCALE=1)","","sweep point (13.3/13.5)"
ks4r1_acc4fold,wo_a.kcombine,1.19,65536,54.9,32,32,2,1,4,4,2,4,1,8,8,8,1,193,0,"build/shaders_acc4fold (-D DEEPMOE_GEMV_ACC=4 -D DEEPMOE_GEMV_FOLD_SCALE=1)","","sweep point (13.3/13.5)"
ks4r1_acc4fold,wo_b.ksplit,217.66,41984000,192.9,32,32,2,1,4,4,2,4,1,8,8,8,1,193,0,"build/shaders_acc4fold (-D DEEPMOE_GEMV_ACC=4 -D DEEPMOE_GEMV_FOLD_SCALE=1)","","sweep point (13.3/13.5)"
ks4r1_acc4fold,wo_b.kcombine,1.17,81920,70.0,32,32,2,1,4,4,2,4,1,8,8,8,1,193,0,"build/shaders_acc4fold (-D DEEPMOE_GEMV_ACC=4 -D DEEPMOE_GEMV_FOLD_SCALE=1)","","sweep point (13.3/13.5)"
ks4r1_acc4fold,wkv.ksplit,8.87,2624000,295.9,32,32,2,1,4,4,2,4,1,8,8,8,1,193,0,"build/shaders_acc4fold (-D DEEPMOE_GEMV_ACC=4 -D DEEPMOE_GEMV_FOLD_SCALE=1)","","sweep point (13.3/13.5)"
ks4r1_acc4fold,wkv.kfinish,8.50,8192,1.0,32,32,2,1,4,4,2,4,1,8,8,8,1,193,0,"build/shaders_acc4fold (-D DEEPMOE_GEMV_ACC=4 -D DEEPMOE_GEMV_FOLD_SCALE=1)","","sweep point (13.3/13.5)"
ks4r1_acc4fold,gate.score,15.04,3932160,261.4,32,32,2,1,4,4,2,4,1,8,8,8,1,193,0,"build/shaders_acc4fold (-D DEEPMOE_GEMV_ACC=4 -D DEEPMOE_GEMV_FOLD_SCALE=1)","","sweep point (13.3/13.5)"
ks4r1_acc4fold,gate.topk,11.66,3072,0.3,32,32,2,1,4,4,2,4,1,8,8,8,1,193,0,"build/shaders_acc4fold (-D DEEPMOE_GEMV_ACC=4 -D DEEPMOE_GEMV_FOLD_SCALE=1)","","sweep point (13.3/13.5)"
ks4r1_acc4fold,head,5694.14,1323827200,232.5,32,32,2,1,4,4,2,4,1,8,8,8,1,193,0,"build/shaders_acc4fold (-D DEEPMOE_GEMV_ACC=4 -D DEEPMOE_GEMV_FOLD_SCALE=1)","","sweep point (13.3/13.5)"
ks4r1_acc4fold,compressor.wkv,16.22,5242880,323.2,32,32,2,1,4,4,2,4,1,8,8,8,1,193,0,"build/shaders_acc4fold (-D DEEPMOE_GEMV_ACC=4 -D DEEPMOE_GEMV_FOLD_SCALE=1)","","sweep point (13.3/13.5)"
ks4r1_acc4fold,compressor.wgate,16.03,5242880,327.0,32,32,2,1,4,4,2,4,1,8,8,8,1,193,0,"build/shaders_acc4fold (-D DEEPMOE_GEMV_ACC=4 -D DEEPMOE_GEMV_FOLD_SCALE=1)","","sweep point (13.3/13.5)"
ks4r1_acc4fold,compressor.norm,3.66,8192,2.2,32,32,2,1,4,4,2,4,1,8,8,8,1,193,0,"build/shaders_acc4fold (-D DEEPMOE_GEMV_ACC=4 -D DEEPMOE_GEMV_FOLD_SCALE=1)","","sweep point (13.3/13.5)"
ks4r1_acc4fold,compressor.store,7.59,3072,0.4,32,32,2,1,4,4,2,4,1,8,8,8,1,193,0,"build/shaders_acc4fold (-D DEEPMOE_GEMV_ACC=4 -D DEEPMOE_GEMV_FOLD_SCALE=1)","","sweep point (13.3/13.5)"
ks4r1_acc4fold,indexer.wq_b,16.55,5248000,317.0,32,32,2,1,4,4,2,4,1,8,8,8,1,193,0,"build/shaders_acc4fold (-D DEEPMOE_GEMV_ACC=4 -D DEEPMOE_GEMV_FOLD_SCALE=1)","","sweep point (13.3/13.5)"
ks4r1_acc4fold,indexer.q_finish,10.53,24576,2.3,32,32,2,1,4,4,2,4,1,8,8,8,1,193,0,"build/shaders_acc4fold (-D DEEPMOE_GEMV_ACC=4 -D DEEPMOE_GEMV_FOLD_SCALE=1)","","sweep point (13.3/13.5)"
ks4r1_acc4fold,indexer.key,19.20,131072,6.8,32,32,2,1,4,4,2,4,1,8,8,8,1,193,0,"build/shaders_acc4fold (-D DEEPMOE_GEMV_ACC=4 -D DEEPMOE_GEMV_FOLD_SCALE=1)","","sweep point (13.3/13.5)"
ks4r1_acc4fold,indexer.weights,22.51,327680,14.6,32,32,2,1,4,4,2,4,1,8,8,8,1,193,0,"build/shaders_acc4fold (-D DEEPMOE_GEMV_ACC=4 -D DEEPMOE_GEMV_FOLD_SCALE=1)","","sweep point (13.3/13.5)"
ks4r1_acc4fold,indexer.score,16.36,16640,1.0,32,32,2,1,4,4,2,4,1,8,8,8,1,193,0,"build/shaders_acc4fold (-D DEEPMOE_GEMV_ACC=4 -D DEEPMOE_GEMV_FOLD_SCALE=1)","","sweep point (13.3/13.5)"
ks4r1_acc4fold,indexer.topk,0.80,260,0.3,32,32,2,1,4,4,2,4,1,8,8,8,1,193,0,"build/shaders_acc4fold (-D DEEPMOE_GEMV_ACC=4 -D DEEPMOE_GEMV_FOLD_SCALE=1)","","sweep point (13.3/13.5)"
ks4r1_ref,mega_mhc.post,2.34,163840,69.9,32,32,2,1,4,4,2,4,1,8,8,8,1,193,0,"build/shaders_ref","","sweep point (13.3/13.5)"
ks4r1_ref,mega_mhc.mix,5.37,1966080,366.2,32,32,2,1,4,4,2,4,1,8,8,8,1,193,0,"build/shaders_ref","","sweep point (13.3/13.5)"
ks4r1_ref,mega_mhc.final,3.11,40960,13.2,32,32,2,1,4,4,2,4,1,8,8,8,1,193,0,"build/shaders_ref","","sweep point (13.3/13.5)"
ks4r1_ref,wq_a,38.23,6560000,171.6,32,32,2,1,4,4,2,4,1,8,8,8,1,193,0,"build/shaders_ref","","sweep point (13.3/13.5)"
ks4r1_ref,wq_b,193.80,41984000,216.6,32,32,2,1,4,4,2,4,1,8,8,8,1,193,0,"build/shaders_ref","","sweep point (13.3/13.5)"
ks4r1_ref,wkv.gemv,9.68,2624000,271.1,32,32,2,1,4,4,2,4,1,8,8,8,1,193,0,"build/shaders_ref","","sweep point (13.3/13.5)"
ks4r1_ref,wkv.finish,10.03,2560,0.3,32,32,2,1,4,4,2,4,1,8,8,8,1,193,0,"build/shaders_ref","","sweep point (13.3/13.5)"
ks4r1_ref,sparse_attn.score,26.36,134144,5.1,32,32,2,1,4,4,2,4,1,8,8,8,1,193,0,"build/shaders_ref","","sweep point (13.3/13.5)"
ks4r1_ref,sparse_attn.combine,27.85,134144,4.8,32,32,2,1,4,4,2,4,1,8,8,8,1,193,0,"build/shaders_ref","","sweep point (13.3/13.5)"
ks4r1_ref,sparse_attn_t.score,18.12,134144,7.4,32,32,2,1,4,4,2,4,1,8,8,8,1,193,0,"build/shaders_ref","","sweep point (13.3/13.5)"
ks4r1_ref,sparse_attn_t.pv,32.22,134144,4.2,32,32,2,1,4,4,2,4,1,8,8,8,1,193,0,"build/shaders_ref","","sweep point (13.3/13.5)"
ks4r1_ref,sparse_attn_t.finish,3.29,1048576,318.5,32,32,2,1,4,4,2,4,1,8,8,8,1,193,0,"build/shaders_ref","","sweep point (13.3/13.5)"
ks4r1_ref,wo_a,195.18,33587200,172.1,32,32,2,1,4,4,2,4,1,8,8,8,1,193,0,"build/shaders_ref","","sweep point (13.3/13.5)"
ks4r1_ref,wo_b,262.95,41984000,159.7,32,32,2,1,4,4,2,4,1,8,8,8,1,193,0,"build/shaders_ref","","sweep point (13.3/13.5)"
ks4r1_ref,wq_a.ksplit,36.20,6560000,181.2,32,32,2,1,4,4,2,4,1,8,8,8,1,193,0,"build/shaders_ref","","sweep point (13.3/13.5)"
ks4r1_ref,wq_a.kcombine,1.25,20480,16.4,32,32,2,1,4,4,2,4,1,8,8,8,1,193,0,"build/shaders_ref","","sweep point (13.3/13.5)"
ks4r1_ref,wo_a.ksplit,173.10,33587200,194.0,32,32,2,1,4,4,2,4,1,8,8,8,1,193,0,"build/shaders_ref","","sweep point (13.3/13.5)"
ks4r1_ref,wo_a.kcombine,1.28,65536,51.1,32,32,2,1,4,4,2,4,1,8,8,8,1,193,0,"build/shaders_ref","","sweep point (13.3/13.5)"
ks4r1_ref,wo_b.ksplit,218.33,41984000,192.3,32,32,2,1,4,4,2,4,1,8,8,8,1,193,0,"build/shaders_ref","","sweep point (13.3/13.5)"
ks4r1_ref,wo_b.kcombine,1.26,81920,65.1,32,32,2,1,4,4,2,4,1,8,8,8,1,193,0,"build/shaders_ref","","sweep point (13.3/13.5)"
ks4r1_ref,wkv.ksplit,9.90,2624000,265.2,32,32,2,1,4,4,2,4,1,8,8,8,1,193,0,"build/shaders_ref","","sweep point (13.3/13.5)"
ks4r1_ref,wkv.kfinish,9.70,8192,0.8,32,32,2,1,4,4,2,4,1,8,8,8,1,193,0,"build/shaders_ref","","sweep point (13.3/13.5)"
ks4r1_ref,gate.score,15.66,3932160,251.0,32,32,2,1,4,4,2,4,1,8,8,8,1,193,0,"build/shaders_ref","","sweep point (13.3/13.5)"
ks4r1_ref,gate.topk,12.15,3072,0.3,32,32,2,1,4,4,2,4,1,8,8,8,1,193,0,"build/shaders_ref","","sweep point (13.3/13.5)"
ks4r1_ref,head,5661.90,1323827200,233.8,32,32,2,1,4,4,2,4,1,8,8,8,1,193,0,"build/shaders_ref","","sweep point (13.3/13.5)"
ks4r1_ref,compressor.wkv,16.11,5242880,325.4,32,32,2,1,4,4,2,4,1,8,8,8,1,193,0,"build/shaders_ref","","sweep point (13.3/13.5)"
ks4r1_ref,compressor.wgate,15.95,5242880,328.8,32,32,2,1,4,4,2,4,1,8,8,8,1,193,0,"build/shaders_ref","","sweep point (13.3/13.5)"
ks4r1_ref,compressor.norm,3.66,8192,2.2,32,32,2,1,4,4,2,4,1,8,8,8,1,193,0,"build/shaders_ref","","sweep point (13.3/13.5)"
ks4r1_ref,compressor.store,7.60,3072,0.4,32,32,2,1,4,4,2,4,1,8,8,8,1,193,0,"build/shaders_ref","","sweep point (13.3/13.5)"
ks4r1_ref,indexer.wq_b,17.08,5248000,307.2,32,32,2,1,4,4,2,4,1,8,8,8,1,193,0,"build/shaders_ref","","sweep point (13.3/13.5)"
ks4r1_ref,indexer.q_finish,10.54,24576,2.3,32,32,2,1,4,4,2,4,1,8,8,8,1,193,0,"build/shaders_ref","","sweep point (13.3/13.5)"
ks4r1_ref,indexer.key,19.24,131072,6.8,32,32,2,1,4,4,2,4,1,8,8,8,1,193,0,"build/shaders_ref","","sweep point (13.3/13.5)"
ks4r1_ref,indexer.weights,22.60,327680,14.5,32,32,2,1,4,4,2,4,1,8,8,8,1,193,0,"build/shaders_ref","","sweep point (13.3/13.5)"
ks4r1_ref,indexer.score,16.35,16640,1.0,32,32,2,1,4,4,2,4,1,8,8,8,1,193,0,"build/shaders_ref","","sweep point (13.3/13.5)"
ks4r1_ref,indexer.topk,0.79,260,0.3,32,32,2,1,4,4,2,4,1,8,8,8,1,193,0,"build/shaders_ref","","sweep point (13.3/13.5)"
ks8r1_acc4fold,mega_mhc.post,2.34,163840,70.1,32,32,2,1,8,16,8,8,1,8,8,8,1,193,0,"build/shaders_acc4fold (-D DEEPMOE_GEMV_ACC=4 -D DEEPMOE_GEMV_FOLD_SCALE=1)","","sweep point (13.3/13.5)"
ks8r1_acc4fold,mega_mhc.mix,5.33,1966080,369.1,32,32,2,1,8,16,8,8,1,8,8,8,1,193,0,"build/shaders_acc4fold (-D DEEPMOE_GEMV_ACC=4 -D DEEPMOE_GEMV_FOLD_SCALE=1)","","sweep point (13.3/13.5)"
ks8r1_acc4fold,mega_mhc.final,3.08,40960,13.3,32,32,2,1,8,16,8,8,1,8,8,8,1,193,0,"build/shaders_acc4fold (-D DEEPMOE_GEMV_ACC=4 -D DEEPMOE_GEMV_FOLD_SCALE=1)","","sweep point (13.3/13.5)"
ks8r1_acc4fold,wq_a,37.71,6560000,174.0,32,32,2,1,8,16,8,8,1,8,8,8,1,193,0,"build/shaders_acc4fold (-D DEEPMOE_GEMV_ACC=4 -D DEEPMOE_GEMV_FOLD_SCALE=1)","","sweep point (13.3/13.5)"
ks8r1_acc4fold,wq_b,192.97,41984000,217.6,32,32,2,1,8,16,8,8,1,8,8,8,1,193,0,"build/shaders_acc4fold (-D DEEPMOE_GEMV_ACC=4 -D DEEPMOE_GEMV_FOLD_SCALE=1)","","sweep point (13.3/13.5)"
ks8r1_acc4fold,wkv.gemv,9.38,2624000,279.7,32,32,2,1,8,16,8,8,1,8,8,8,1,193,0,"build/shaders_acc4fold (-D DEEPMOE_GEMV_ACC=4 -D DEEPMOE_GEMV_FOLD_SCALE=1)","","sweep point (13.3/13.5)"
ks8r1_acc4fold,wkv.finish,9.76,2560,0.3,32,32,2,1,8,16,8,8,1,8,8,8,1,193,0,"build/shaders_acc4fold (-D DEEPMOE_GEMV_ACC=4 -D DEEPMOE_GEMV_FOLD_SCALE=1)","","sweep point (13.3/13.5)"
ks8r1_acc4fold,sparse_attn.score,25.80,134144,5.2,32,32,2,1,8,16,8,8,1,8,8,8,1,193,0,"build/shaders_acc4fold (-D DEEPMOE_GEMV_ACC=4 -D DEEPMOE_GEMV_FOLD_SCALE=1)","","sweep point (13.3/13.5)"
ks8r1_acc4fold,sparse_attn.combine,27.65,134144,4.9,32,32,2,1,8,16,8,8,1,8,8,8,1,193,0,"build/shaders_acc4fold (-D DEEPMOE_GEMV_ACC=4 -D DEEPMOE_GEMV_FOLD_SCALE=1)","","sweep point (13.3/13.5)"
ks8r1_acc4fold,sparse_attn_t.score,18.35,134144,7.3,32,32,2,1,8,16,8,8,1,8,8,8,1,193,0,"build/shaders_acc4fold (-D DEEPMOE_GEMV_ACC=4 -D DEEPMOE_GEMV_FOLD_SCALE=1)","","sweep point (13.3/13.5)"
ks8r1_acc4fold,sparse_attn_t.pv,32.45,134144,4.1,32,32,2,1,8,16,8,8,1,8,8,8,1,193,0,"build/shaders_acc4fold (-D DEEPMOE_GEMV_ACC=4 -D DEEPMOE_GEMV_FOLD_SCALE=1)","","sweep point (13.3/13.5)"
ks8r1_acc4fold,sparse_attn_t.finish,3.30,1048576,318.1,32,32,2,1,8,16,8,8,1,8,8,8,1,193,0,"build/shaders_acc4fold (-D DEEPMOE_GEMV_ACC=4 -D DEEPMOE_GEMV_FOLD_SCALE=1)","","sweep point (13.3/13.5)"
ks8r1_acc4fold,wo_a,195.96,33587200,171.4,32,32,2,1,8,16,8,8,1,8,8,8,1,193,0,"build/shaders_acc4fold (-D DEEPMOE_GEMV_ACC=4 -D DEEPMOE_GEMV_FOLD_SCALE=1)","","sweep point (13.3/13.5)"
ks8r1_acc4fold,wo_b,267.98,41984000,156.7,32,32,2,1,8,16,8,8,1,8,8,8,1,193,0,"build/shaders_acc4fold (-D DEEPMOE_GEMV_ACC=4 -D DEEPMOE_GEMV_FOLD_SCALE=1)","","sweep point (13.3/13.5)"
ks8r1_acc4fold,wq_a.ksplit,36.47,6560000,179.9,32,32,2,1,8,16,8,8,1,8,8,8,1,193,0,"build/shaders_acc4fold (-D DEEPMOE_GEMV_ACC=4 -D DEEPMOE_GEMV_FOLD_SCALE=1)","","sweep point (13.3/13.5)"
ks8r1_acc4fold,wq_a.kcombine,1.29,40960,31.7,32,32,2,1,8,16,8,8,1,8,8,8,1,193,0,"build/shaders_acc4fold (-D DEEPMOE_GEMV_ACC=4 -D DEEPMOE_GEMV_FOLD_SCALE=1)","","sweep point (13.3/13.5)"
ks8r1_acc4fold,wo_a.ksplit,171.66,33587200,195.7,32,32,2,1,8,16,8,8,1,8,8,8,1,193,0,"build/shaders_acc4fold (-D DEEPMOE_GEMV_ACC=4 -D DEEPMOE_GEMV_FOLD_SCALE=1)","","sweep point (13.3/13.5)"
ks8r1_acc4fold,wo_a.kcombine,1.68,262144,156.2,32,32,2,1,8,16,8,8,1,8,8,8,1,193,0,"build/shaders_acc4fold (-D DEEPMOE_GEMV_ACC=4 -D DEEPMOE_GEMV_FOLD_SCALE=1)","","sweep point (13.3/13.5)"
ks8r1_acc4fold,wo_b.ksplit,203.83,41984000,206.0,32,32,2,1,8,16,8,8,1,8,8,8,1,193,0,"build/shaders_acc4fold (-D DEEPMOE_GEMV_ACC=4 -D DEEPMOE_GEMV_FOLD_SCALE=1)","","sweep point (13.3/13.5)"
ks8r1_acc4fold,wo_b.kcombine,1.39,163840,117.6,32,32,2,1,8,16,8,8,1,8,8,8,1,193,0,"build/shaders_acc4fold (-D DEEPMOE_GEMV_ACC=4 -D DEEPMOE_GEMV_FOLD_SCALE=1)","","sweep point (13.3/13.5)"
ks8r1_acc4fold,wkv.ksplit,17.22,2624000,152.4,32,32,2,1,8,16,8,8,1,8,8,8,1,193,0,"build/shaders_acc4fold (-D DEEPMOE_GEMV_ACC=4 -D DEEPMOE_GEMV_FOLD_SCALE=1)","","sweep point (13.3/13.5)"
ks8r1_acc4fold,wkv.kfinish,9.85,32768,3.3,32,32,2,1,8,16,8,8,1,8,8,8,1,193,0,"build/shaders_acc4fold (-D DEEPMOE_GEMV_ACC=4 -D DEEPMOE_GEMV_FOLD_SCALE=1)","","sweep point (13.3/13.5)"
ks8r1_acc4fold,gate.score,15.53,3932160,253.2,32,32,2,1,8,16,8,8,1,8,8,8,1,193,0,"build/shaders_acc4fold (-D DEEPMOE_GEMV_ACC=4 -D DEEPMOE_GEMV_FOLD_SCALE=1)","","sweep point (13.3/13.5)"
ks8r1_acc4fold,gate.topk,12.17,3072,0.3,32,32,2,1,8,16,8,8,1,8,8,8,1,193,0,"build/shaders_acc4fold (-D DEEPMOE_GEMV_ACC=4 -D DEEPMOE_GEMV_FOLD_SCALE=1)","","sweep point (13.3/13.5)"
ks8r1_acc4fold,head,5662.36,1323827200,233.8,32,32,2,1,8,16,8,8,1,8,8,8,1,193,0,"build/shaders_acc4fold (-D DEEPMOE_GEMV_ACC=4 -D DEEPMOE_GEMV_FOLD_SCALE=1)","","sweep point (13.3/13.5)"
ks8r1_acc4fold,compressor.wkv,16.14,5242880,324.8,32,32,2,1,8,16,8,8,1,8,8,8,1,193,0,"build/shaders_acc4fold (-D DEEPMOE_GEMV_ACC=4 -D DEEPMOE_GEMV_FOLD_SCALE=1)","","sweep point (13.3/13.5)"
ks8r1_acc4fold,compressor.wgate,15.99,5242880,327.9,32,32,2,1,8,16,8,8,1,8,8,8,1,193,0,"build/shaders_acc4fold (-D DEEPMOE_GEMV_ACC=4 -D DEEPMOE_GEMV_FOLD_SCALE=1)","","sweep point (13.3/13.5)"
ks8r1_acc4fold,compressor.norm,3.67,8192,2.2,32,32,2,1,8,16,8,8,1,8,8,8,1,193,0,"build/shaders_acc4fold (-D DEEPMOE_GEMV_ACC=4 -D DEEPMOE_GEMV_FOLD_SCALE=1)","","sweep point (13.3/13.5)"
ks8r1_acc4fold,compressor.store,7.56,3072,0.4,32,32,2,1,8,16,8,8,1,8,8,8,1,193,0,"build/shaders_acc4fold (-D DEEPMOE_GEMV_ACC=4 -D DEEPMOE_GEMV_FOLD_SCALE=1)","","sweep point (13.3/13.5)"
ks8r1_acc4fold,indexer.wq_b,16.33,5248000,321.4,32,32,2,1,8,16,8,8,1,8,8,8,1,193,0,"build/shaders_acc4fold (-D DEEPMOE_GEMV_ACC=4 -D DEEPMOE_GEMV_FOLD_SCALE=1)","","sweep point (13.3/13.5)"
ks8r1_acc4fold,indexer.q_finish,10.56,24576,2.3,32,32,2,1,8,16,8,8,1,8,8,8,1,193,0,"build/shaders_acc4fold (-D DEEPMOE_GEMV_ACC=4 -D DEEPMOE_GEMV_FOLD_SCALE=1)","","sweep point (13.3/13.5)"
ks8r1_acc4fold,indexer.key,19.43,131072,6.7,32,32,2,1,8,16,8,8,1,8,8,8,1,193,0,"build/shaders_acc4fold (-D DEEPMOE_GEMV_ACC=4 -D DEEPMOE_GEMV_FOLD_SCALE=1)","","sweep point (13.3/13.5)"
ks8r1_acc4fold,indexer.weights,22.61,327680,14.5,32,32,2,1,8,16,8,8,1,8,8,8,1,193,0,"build/shaders_acc4fold (-D DEEPMOE_GEMV_ACC=4 -D DEEPMOE_GEMV_FOLD_SCALE=1)","","sweep point (13.3/13.5)"
ks8r1_acc4fold,indexer.score,16.47,16640,1.0,32,32,2,1,8,16,8,8,1,8,8,8,1,193,0,"build/shaders_acc4fold (-D DEEPMOE_GEMV_ACC=4 -D DEEPMOE_GEMV_FOLD_SCALE=1)","","sweep point (13.3/13.5)"
ks8r1_acc4fold,indexer.topk,0.80,260,0.3,32,32,2,1,8,16,8,8,1,8,8,8,1,193,0,"build/shaders_acc4fold (-D DEEPMOE_GEMV_ACC=4 -D DEEPMOE_GEMV_FOLD_SCALE=1)","","sweep point (13.3/13.5)"
ks8r1_ref,mega_mhc.post,2.34,163840,70.0,32,32,2,1,8,16,8,8,1,8,8,8,1,193,0,"build/shaders_ref","","sweep point (13.3/13.5)"
ks8r1_ref,mega_mhc.mix,5.33,1966080,369.0,32,32,2,1,8,16,8,8,1,8,8,8,1,193,0,"build/shaders_ref","","sweep point (13.3/13.5)"
ks8r1_ref,mega_mhc.final,3.08,40960,13.3,32,32,2,1,8,16,8,8,1,8,8,8,1,193,0,"build/shaders_ref","","sweep point (13.3/13.5)"
ks8r1_ref,wq_a,37.81,6560000,173.5,32,32,2,1,8,16,8,8,1,8,8,8,1,193,0,"build/shaders_ref","","sweep point (13.3/13.5)"
ks8r1_ref,wq_b,194.25,41984000,216.1,32,32,2,1,8,16,8,8,1,8,8,8,1,193,0,"build/shaders_ref","","sweep point (13.3/13.5)"
ks8r1_ref,wkv.gemv,9.56,2624000,274.4,32,32,2,1,8,16,8,8,1,8,8,8,1,193,0,"build/shaders_ref","","sweep point (13.3/13.5)"
ks8r1_ref,wkv.finish,9.79,2560,0.3,32,32,2,1,8,16,8,8,1,8,8,8,1,193,0,"build/shaders_ref","","sweep point (13.3/13.5)"
ks8r1_ref,sparse_attn.score,26.04,134144,5.2,32,32,2,1,8,16,8,8,1,8,8,8,1,193,0,"build/shaders_ref","","sweep point (13.3/13.5)"
ks8r1_ref,sparse_attn.combine,27.19,134144,4.9,32,32,2,1,8,16,8,8,1,8,8,8,1,193,0,"build/shaders_ref","","sweep point (13.3/13.5)"
ks8r1_ref,sparse_attn_t.score,18.08,134144,7.4,32,32,2,1,8,16,8,8,1,8,8,8,1,193,0,"build/shaders_ref","","sweep point (13.3/13.5)"
ks8r1_ref,sparse_attn_t.pv,32.33,134144,4.1,32,32,2,1,8,16,8,8,1,8,8,8,1,193,0,"build/shaders_ref","","sweep point (13.3/13.5)"
ks8r1_ref,sparse_attn_t.finish,3.29,1048576,318.5,32,32,2,1,8,16,8,8,1,8,8,8,1,193,0,"build/shaders_ref","","sweep point (13.3/13.5)"
ks8r1_ref,wo_a,195.87,33587200,171.5,32,32,2,1,8,16,8,8,1,8,8,8,1,193,0,"build/shaders_ref","","sweep point (13.3/13.5)"
ks8r1_ref,wo_b,263.35,41984000,159.4,32,32,2,1,8,16,8,8,1,8,8,8,1,193,0,"build/shaders_ref","","sweep point (13.3/13.5)"
ks8r1_ref,wq_a.ksplit,36.29,6560000,180.8,32,32,2,1,8,16,8,8,1,8,8,8,1,193,0,"build/shaders_ref","","sweep point (13.3/13.5)"
ks8r1_ref,wq_a.kcombine,1.28,40960,32.0,32,32,2,1,8,16,8,8,1,8,8,8,1,193,0,"build/shaders_ref","","sweep point (13.3/13.5)"
ks8r1_ref,wo_a.ksplit,165.45,33587200,203.0,32,32,2,1,8,16,8,8,1,8,8,8,1,193,0,"build/shaders_ref","","sweep point (13.3/13.5)"
ks8r1_ref,wo_a.kcombine,1.76,262144,149.1,32,32,2,1,8,16,8,8,1,8,8,8,1,193,0,"build/shaders_ref","","sweep point (13.3/13.5)"
ks8r1_ref,wo_b.ksplit,204.80,41984000,205.0,32,32,2,1,8,16,8,8,1,8,8,8,1,193,0,"build/shaders_ref","","sweep point (13.3/13.5)"
ks8r1_ref,wo_b.kcombine,1.39,163840,117.9,32,32,2,1,8,16,8,8,1,8,8,8,1,193,0,"build/shaders_ref","","sweep point (13.3/13.5)"
ks8r1_ref,wkv.ksplit,17.19,2624000,152.6,32,32,2,1,8,16,8,8,1,8,8,8,1,193,0,"build/shaders_ref","","sweep point (13.3/13.5)"
ks8r1_ref,wkv.kfinish,9.63,32768,3.4,32,32,2,1,8,16,8,8,1,8,8,8,1,193,0,"build/shaders_ref","","sweep point (13.3/13.5)"
ks8r1_ref,gate.score,15.29,3932160,257.2,32,32,2,1,8,16,8,8,1,8,8,8,1,193,0,"build/shaders_ref","","sweep point (13.3/13.5)"
ks8r1_ref,gate.topk,12.10,3072,0.3,32,32,2,1,8,16,8,8,1,8,8,8,1,193,0,"build/shaders_ref","","sweep point (13.3/13.5)"
ks8r1_ref,head,5654.04,1323827200,234.1,32,32,2,1,8,16,8,8,1,8,8,8,1,193,0,"build/shaders_ref","","sweep point (13.3/13.5)"
ks8r1_ref,compressor.wkv,16.12,5242880,325.2,32,32,2,1,8,16,8,8,1,8,8,8,1,193,0,"build/shaders_ref","","sweep point (13.3/13.5)"
ks8r1_ref,compressor.wgate,15.94,5242880,328.9,32,32,2,1,8,16,8,8,1,8,8,8,1,193,0,"build/shaders_ref","","sweep point (13.3/13.5)"
ks8r1_ref,compressor.norm,3.65,8192,2.2,32,32,2,1,8,16,8,8,1,8,8,8,1,193,0,"build/shaders_ref","","sweep point (13.3/13.5)"
ks8r1_ref,compressor.store,7.54,3072,0.4,32,32,2,1,8,16,8,8,1,8,8,8,1,193,0,"build/shaders_ref","","sweep point (13.3/13.5)"
ks8r1_ref,indexer.wq_b,17.06,5248000,307.7,32,32,2,1,8,16,8,8,1,8,8,8,1,193,0,"build/shaders_ref","","sweep point (13.3/13.5)"
ks8r1_ref,indexer.q_finish,10.53,24576,2.3,32,32,2,1,8,16,8,8,1,8,8,8,1,193,0,"build/shaders_ref","","sweep point (13.3/13.5)"
ks8r1_ref,indexer.key,19.32,131072,6.8,32,32,2,1,8,16,8,8,1,8,8,8,1,193,0,"build/shaders_ref","","sweep point (13.3/13.5)"
ks8r1_ref,indexer.weights,22.37,327680,14.6,32,32,2,1,8,16,8,8,1,8,8,8,1,193,0,"build/shaders_ref","","sweep point (13.3/13.5)"
ks8r1_ref,indexer.score,16.25,16640,1.0,32,32,2,1,8,16,8,8,1,8,8,8,1,193,0,"build/shaders_ref","","sweep point (13.3/13.5)"
ks8r1_ref,indexer.topk,0.79,260,0.3,32,32,2,1,8,16,8,8,1,8,8,8,1,193,0,"build/shaders_ref","","sweep point (13.3/13.5)"
lc32768_t32,mega_mhc.post,2.34,163840,70.0,32,32,2,1,2,2,4,8,1,32,8,1,1,32768,0,"build/shaders_ref","","sweep point (13.3/13.5)"
lc32768_t32,mega_mhc.mix,5.33,1966080,368.6,32,32,2,1,2,2,4,8,1,32,8,1,1,32768,0,"build/shaders_ref","","sweep point (13.3/13.5)"
lc32768_t32,mega_mhc.final,3.11,40960,13.2,32,32,2,1,2,2,4,8,1,32,8,1,1,32768,0,"build/shaders_ref","","sweep point (13.3/13.5)"
lc32768_t32,wq_a,38.03,6560000,172.5,32,32,2,1,2,2,4,8,1,32,8,1,1,32768,0,"build/shaders_ref","","sweep point (13.3/13.5)"
lc32768_t32,wq_b,194.43,41984000,215.9,32,32,2,1,2,2,4,8,1,32,8,1,1,32768,0,"build/shaders_ref","","sweep point (13.3/13.5)"
lc32768_t32,wkv.gemv,9.64,2624000,272.3,32,32,2,1,2,2,4,8,1,32,8,1,1,32768,0,"build/shaders_ref","","sweep point (13.3/13.5)"
lc32768_t32,wkv.finish,9.88,2560,0.3,32,32,2,1,2,2,4,8,1,32,8,1,1,32768,0,"build/shaders_ref","","sweep point (13.3/13.5)"
lc32768_t32,sparse_attn_t.score,1786.38,33490944,18.7,32,32,2,1,2,2,4,8,1,32,8,1,1,32768,0,"build/shaders_ref","","sweep point (13.3/13.5)"
lc32768_t32,sparse_attn_t.pv,4273.57,33490944,7.8,32,32,2,1,2,2,4,8,1,32,8,1,1,32768,0,"build/shaders_ref","","sweep point (13.3/13.5)"
lc32768_t32,wo_a,195.73,33587200,171.6,32,32,2,1,2,2,4,8,1,32,8,1,1,32768,0,"build/shaders_ref","","sweep point (13.3/13.5)"
lc32768_t32,wo_b,261.51,41984000,160.5,32,32,2,1,2,2,4,8,1,32,8,1,1,32768,0,"build/shaders_ref","","sweep point (13.3/13.5)"
lc32768_t32,wq_a.ksplit,35.16,6560000,186.6,32,32,2,1,2,2,4,8,1,32,8,1,1,32768,0,"build/shaders_ref","","sweep point (13.3/13.5)"
lc32768_t32,wq_a.kcombine,1.22,10240,8.4,32,32,2,1,2,2,4,8,1,32,8,1,1,32768,0,"build/shaders_ref","","sweep point (13.3/13.5)"
lc32768_t32,wo_a.ksplit,161.45,33587200,208.0,32,32,2,1,2,2,4,8,1,32,8,1,1,32768,0,"build/shaders_ref","","sweep point (13.3/13.5)"
lc32768_t32,wo_a.kcombine,1.53,131072,85.6,32,32,2,1,2,2,4,8,1,32,8,1,1,32768,0,"build/shaders_ref","","sweep point (13.3/13.5)"
lc32768_t32,wo_b.ksplit,205.20,41984000,204.6,32,32,2,1,2,2,4,8,1,32,8,1,1,32768,0,"build/shaders_ref","","sweep point (13.3/13.5)"
lc32768_t32,wo_b.kcombine,1.64,163840,99.9,32,32,2,1,2,2,4,8,1,32,8,1,1,32768,0,"build/shaders_ref","","sweep point (13.3/13.5)"
lc32768_t32,wkv.ksplit,9.58,2624000,273.9,32,32,2,1,2,2,4,8,1,32,8,1,1,32768,0,"build/shaders_ref","","sweep point (13.3/13.5)"
lc32768_t32,wkv.kfinish,11.36,4096,0.4,32,32,2,1,2,2,4,8,1,32,8,1,1,32768,0,"build/shaders_ref","","sweep point (13.3/13.5)"
lc32768_t32,gate.score,18.52,3932160,212.3,32,32,2,1,2,2,4,8,1,32,8,1,1,32768,0,"build/shaders_ref","","sweep point (13.3/13.5)"
lc32768_t32,gate.topk,15.77,3072,0.2,32,32,2,1,2,2,4,8,1,32,8,1,1,32768,0,"build/shaders_ref","","sweep point (13.3/13.5)"
lc32768_t32,head,5670.13,1323827200,233.5,32,32,2,1,2,2,4,8,1,32,8,1,1,32768,0,"build/shaders_ref","","sweep point (13.3/13.5)"
lc32768_t32,compressor.wkv,14.44,5242880,363.1,32,32,2,1,2,2,4,8,1,32,8,1,1,32768,0,"build/shaders_ref","","sweep point (13.3/13.5)"
lc32768_t32,compressor.wgate,14.34,5242880,365.7,32,32,2,1,2,2,4,8,1,32,8,1,1,32768,0,"build/shaders_ref","","sweep point (13.3/13.5)"
lc32768_t32,compressor.norm,3.25,8192,2.5,32,32,2,1,2,2,4,8,1,32,8,1,1,32768,0,"build/shaders_ref","","sweep point (13.3/13.5)"
lc32768_t32,compressor.store,6.82,3072,0.5,32,32,2,1,2,2,4,8,1,32,8,1,1,32768,0,"build/shaders_ref","","sweep point (13.3/13.5)"
lc32768_t32,indexer.wq_b,15.54,5248000,337.6,32,32,2,1,2,2,4,8,1,32,8,1,1,32768,0,"build/shaders_ref","","sweep point (13.3/13.5)"
lc32768_t32,indexer.q_finish,9.53,24576,2.6,32,32,2,1,2,2,4,8,1,32,8,1,1,32768,0,"build/shaders_ref","","sweep point (13.3/13.5)"
lc32768_t32,indexer.key,17.88,131072,7.3,32,32,2,1,2,2,4,8,1,32,8,1,1,32768,0,"build/shaders_ref","","sweep point (13.3/13.5)"
lc32768_t32,indexer.weights,22.39,327680,14.6,32,32,2,1,2,2,4,8,1,32,8,1,1,32768,0,"build/shaders_ref","","sweep point (13.3/13.5)"
lc32768_t64,mega_mhc.post,2.34,163840,70.0,32,32,2,1,2,2,4,8,1,64,8,1,1,32768,0,"build/shaders_ref","","sweep point (13.3/13.5)"
lc32768_t64,mega_mhc.mix,5.33,1966080,368.7,32,32,2,1,2,2,4,8,1,64,8,1,1,32768,0,"build/shaders_ref","","sweep point (13.3/13.5)"
lc32768_t64,mega_mhc.final,3.11,40960,13.2,32,32,2,1,2,2,4,8,1,64,8,1,1,32768,0,"build/shaders_ref","","sweep point (13.3/13.5)"
lc32768_t64,wq_a,37.63,6560000,174.3,32,32,2,1,2,2,4,8,1,64,8,1,1,32768,0,"build/shaders_ref","","sweep point (13.3/13.5)"
lc32768_t64,wq_b,193.48,41984000,217.0,32,32,2,1,2,2,4,8,1,64,8,1,1,32768,0,"build/shaders_ref","","sweep point (13.3/13.5)"
lc32768_t64,wkv.gemv,9.71,2624000,270.3,32,32,2,1,2,2,4,8,1,64,8,1,1,32768,0,"build/shaders_ref","","sweep point (13.3/13.5)"
lc32768_t64,wkv.finish,9.96,2560,0.3,32,32,2,1,2,2,4,8,1,64,8,1,1,32768,0,"build/shaders_ref","","sweep point (13.3/13.5)"
lc32768_t64,sparse_attn_t.score,1549.58,33490944,21.6,32,32,2,1,2,2,4,8,1,64,8,1,1,32768,0,"build/shaders_ref","","sweep point (13.3/13.5)"
lc32768_t64,sparse_attn_t.pv,4236.98,33490944,7.9,32,32,2,1,2,2,4,8,1,64,8,1,1,32768,0,"build/shaders_ref","","sweep point (13.3/13.5)"
lc32768_t64,wo_a,195.81,33587200,171.5,32,32,2,1,2,2,4,8,1,64,8,1,1,32768,0,"build/shaders_ref","","sweep point (13.3/13.5)"
lc32768_t64,wo_b,266.17,41984000,157.7,32,32,2,1,2,2,4,8,1,64,8,1,1,32768,0,"build/shaders_ref","","sweep point (13.3/13.5)"
lc32768_t64,wq_a.ksplit,35.24,6560000,186.1,32,32,2,1,2,2,4,8,1,64,8,1,1,32768,0,"build/shaders_ref","","sweep point (13.3/13.5)"
lc32768_t64,wq_a.kcombine,1.23,10240,8.4,32,32,2,1,2,2,4,8,1,64,8,1,1,32768,0,"build/shaders_ref","","sweep point (13.3/13.5)"
lc32768_t64,wo_a.ksplit,162.14,33587200,207.2,32,32,2,1,2,2,4,8,1,64,8,1,1,32768,0,"build/shaders_ref","","sweep point (13.3/13.5)"
lc32768_t64,wo_a.kcombine,1.50,131072,87.6,32,32,2,1,2,2,4,8,1,64,8,1,1,32768,0,"build/shaders_ref","","sweep point (13.3/13.5)"
lc32768_t64,wo_b.ksplit,206.39,41984000,203.4,32,32,2,1,2,2,4,8,1,64,8,1,1,32768,0,"build/shaders_ref","","sweep point (13.3/13.5)"
lc32768_t64,wo_b.kcombine,1.64,163840,99.8,32,32,2,1,2,2,4,8,1,64,8,1,1,32768,0,"build/shaders_ref","","sweep point (13.3/13.5)"
lc32768_t64,wkv.ksplit,9.64,2624000,272.2,32,32,2,1,2,2,4,8,1,64,8,1,1,32768,0,"build/shaders_ref","","sweep point (13.3/13.5)"
lc32768_t64,wkv.kfinish,11.54,4096,0.4,32,32,2,1,2,2,4,8,1,64,8,1,1,32768,0,"build/shaders_ref","","sweep point (13.3/13.5)"
lc32768_t64,gate.score,18.60,3932160,211.4,32,32,2,1,2,2,4,8,1,64,8,1,1,32768,0,"build/shaders_ref","","sweep point (13.3/13.5)"
lc32768_t64,gate.topk,15.84,3072,0.2,32,32,2,1,2,2,4,8,1,64,8,1,1,32768,0,"build/shaders_ref","","sweep point (13.3/13.5)"
lc32768_t64,head,5667.57,1323827200,233.6,32,32,2,1,2,2,4,8,1,64,8,1,1,32768,0,"build/shaders_ref","","sweep point (13.3/13.5)"
lc32768_t64,compressor.wkv,15.27,5242880,343.3,32,32,2,1,2,2,4,8,1,64,8,1,1,32768,0,"build/shaders_ref","","sweep point (13.3/13.5)"
lc32768_t64,compressor.wgate,15.13,5242880,346.5,32,32,2,1,2,2,4,8,1,64,8,1,1,32768,0,"build/shaders_ref","","sweep point (13.3/13.5)"
lc32768_t64,compressor.norm,3.42,8192,2.4,32,32,2,1,2,2,4,8,1,64,8,1,1,32768,0,"build/shaders_ref","","sweep point (13.3/13.5)"
lc32768_t64,compressor.store,6.89,3072,0.4,32,32,2,1,2,2,4,8,1,64,8,1,1,32768,0,"build/shaders_ref","","sweep point (13.3/13.5)"
lc32768_t64,indexer.wq_b,15.63,5248000,335.7,32,32,2,1,2,2,4,8,1,64,8,1,1,32768,0,"build/shaders_ref","","sweep point (13.3/13.5)"
lc32768_t64,indexer.q_finish,9.65,24576,2.5,32,32,2,1,2,2,4,8,1,64,8,1,1,32768,0,"build/shaders_ref","","sweep point (13.3/13.5)"
lc32768_t64,indexer.key,18.16,131072,7.2,32,32,2,1,2,2,4,8,1,64,8,1,1,32768,0,"build/shaders_ref","","sweep point (13.3/13.5)"
lc32768_t64,indexer.weights,22.61,327680,14.5,32,32,2,1,2,2,4,8,1,64,8,1,1,32768,0,"build/shaders_ref","","sweep point (13.3/13.5)"
lc32768_t64p8,mega_mhc.post,2.34,163840,70.0,32,32,2,1,2,2,4,8,1,64,8,8,1,32768,0,"build/shaders_ref","","sweep point (13.3/13.5)"
lc32768_t64p8,mega_mhc.mix,5.33,1966080,368.9,32,32,2,1,2,2,4,8,1,64,8,8,1,32768,0,"build/shaders_ref","","sweep point (13.3/13.5)"
lc32768_t64p8,mega_mhc.final,3.11,40960,13.2,32,32,2,1,2,2,4,8,1,64,8,8,1,32768,0,"build/shaders_ref","","sweep point (13.3/13.5)"
lc32768_t64p8,wq_a,37.85,6560000,173.3,32,32,2,1,2,2,4,8,1,64,8,8,1,32768,0,"build/shaders_ref","","sweep point (13.3/13.5)"
lc32768_t64p8,wq_b,194.40,41984000,216.0,32,32,2,1,2,2,4,8,1,64,8,8,1,32768,0,"build/shaders_ref","","sweep point (13.3/13.5)"
lc32768_t64p8,wkv.gemv,9.72,2624000,269.9,32,32,2,1,2,2,4,8,1,64,8,8,1,32768,0,"build/shaders_ref","","sweep point (13.3/13.5)"
lc32768_t64p8,wkv.finish,9.85,2560,0.3,32,32,2,1,2,2,4,8,1,64,8,8,1,32768,0,"build/shaders_ref","","sweep point (13.3/13.5)"
lc32768_t64p8,sparse_attn_t.score,1571.13,33490944,21.3,32,32,2,1,2,2,4,8,1,64,8,8,1,32768,0,"build/shaders_ref","","sweep point (13.3/13.5)"
lc32768_t64p8,sparse_attn_t.pv,3251.22,33490944,10.3,32,32,2,1,2,2,4,8,1,64,8,8,1,32768,0,"build/shaders_ref","","sweep point (13.3/13.5)"
lc32768_t64p8,sparse_attn_t.finish,6.41,1048576,163.5,32,32,2,1,2,2,4,8,1,64,8,8,1,32768,0,"build/shaders_ref","","sweep point (13.3/13.5)"
lc32768_t64p8,wo_a,196.54,33587200,170.9,32,32,2,1,2,2,4,8,1,64,8,8,1,32768,0,"build/shaders_ref","","sweep point (13.3/13.5)"
lc32768_t64p8,wo_b,263.37,41984000,159.4,32,32,2,1,2,2,4,8,1,64,8,8,1,32768,0,"build/shaders_ref","","sweep point (13.3/13.5)"
lc32768_t64p8,wq_a.ksplit,35.16,6560000,186.6,32,32,2,1,2,2,4,8,1,64,8,8,1,32768,0,"build/shaders_ref","","sweep point (13.3/13.5)"
lc32768_t64p8,wq_a.kcombine,1.23,10240,8.4,32,32,2,1,2,2,4,8,1,64,8,8,1,32768,0,"build/shaders_ref","","sweep point (13.3/13.5)"
lc32768_t64p8,wo_a.ksplit,162.79,33587200,206.3,32,32,2,1,2,2,4,8,1,64,8,8,1,32768,0,"build/shaders_ref","","sweep point (13.3/13.5)"
lc32768_t64p8,wo_a.kcombine,1.49,131072,88.0,32,32,2,1,2,2,4,8,1,64,8,8,1,32768,0,"build/shaders_ref","","sweep point (13.3/13.5)"
lc32768_t64p8,wo_b.ksplit,205.43,41984000,204.4,32,32,2,1,2,2,4,8,1,64,8,8,1,32768,0,"build/shaders_ref","","sweep point (13.3/13.5)"
lc32768_t64p8,wo_b.kcombine,1.66,163840,98.8,32,32,2,1,2,2,4,8,1,64,8,8,1,32768,0,"build/shaders_ref","","sweep point (13.3/13.5)"
lc32768_t64p8,wkv.ksplit,9.93,2624000,264.3,32,32,2,1,2,2,4,8,1,64,8,8,1,32768,0,"build/shaders_ref","","sweep point (13.3/13.5)"
lc32768_t64p8,wkv.kfinish,11.93,4096,0.3,32,32,2,1,2,2,4,8,1,64,8,8,1,32768,0,"build/shaders_ref","","sweep point (13.3/13.5)"
lc32768_t64p8,gate.score,18.85,3932160,208.6,32,32,2,1,2,2,4,8,1,64,8,8,1,32768,0,"build/shaders_ref","","sweep point (13.3/13.5)"
lc32768_t64p8,gate.topk,16.50,3072,0.2,32,32,2,1,2,2,4,8,1,64,8,8,1,32768,0,"build/shaders_ref","","sweep point (13.3/13.5)"
lc32768_t64p8,head,5662.17,1323827200,233.8,32,32,2,1,2,2,4,8,1,64,8,8,1,32768,0,"build/shaders_ref","","sweep point (13.3/13.5)"
lc32768_t64p8,compressor.wkv,15.26,5242880,343.7,32,32,2,1,2,2,4,8,1,64,8,8,1,32768,0,"build/shaders_ref","","sweep point (13.3/13.5)"
lc32768_t64p8,compressor.wgate,14.53,5242880,360.7,32,32,2,1,2,2,4,8,1,64,8,8,1,32768,0,"build/shaders_ref","","sweep point (13.3/13.5)"
lc32768_t64p8,compressor.norm,3.34,8192,2.5,32,32,2,1,2,2,4,8,1,64,8,8,1,32768,0,"build/shaders_ref","","sweep point (13.3/13.5)"
lc32768_t64p8,compressor.store,6.90,3072,0.4,32,32,2,1,2,2,4,8,1,64,8,8,1,32768,0,"build/shaders_ref","","sweep point (13.3/13.5)"
lc32768_t64p8,indexer.wq_b,15.70,5248000,334.2,32,32,2,1,2,2,4,8,1,64,8,8,1,32768,0,"build/shaders_ref","","sweep point (13.3/13.5)"
lc32768_t64p8,indexer.q_finish,9.67,24576,2.5,32,32,2,1,2,2,4,8,1,64,8,8,1,32768,0,"build/shaders_ref","","sweep point (13.3/13.5)"
lc32768_t64p8,indexer.key,18.17,131072,7.2,32,32,2,1,2,2,4,8,1,64,8,8,1,32768,0,"build/shaders_ref","","sweep point (13.3/13.5)"
lc32768_t64p8,indexer.weights,22.63,327680,14.5,32,32,2,1,2,2,4,8,1,64,8,8,1,32768,0,"build/shaders_ref","","sweep point (13.3/13.5)"
lc32768_t8,mega_mhc.post,2.34,163840,70.0,32,32,2,1,2,2,4,8,1,8,8,1,1,32768,0,"build/shaders_ref","","sweep point (13.3/13.5)"
lc32768_t8,mega_mhc.mix,5.33,1966080,368.7,32,32,2,1,2,2,4,8,1,8,8,1,1,32768,0,"build/shaders_ref","","sweep point (13.3/13.5)"
lc32768_t8,mega_mhc.final,3.11,40960,13.2,32,32,2,1,2,2,4,8,1,8,8,1,1,32768,0,"build/shaders_ref","","sweep point (13.3/13.5)"
lc32768_t8,wq_a,37.79,6560000,173.6,32,32,2,1,2,2,4,8,1,8,8,1,1,32768,0,"build/shaders_ref","","sweep point (13.3/13.5)"
lc32768_t8,wq_b,194.62,41984000,215.7,32,32,2,1,2,2,4,8,1,8,8,1,1,32768,0,"build/shaders_ref","","sweep point (13.3/13.5)"
lc32768_t8,wkv.gemv,9.81,2624000,267.5,32,32,2,1,2,2,4,8,1,8,8,1,1,32768,0,"build/shaders_ref","","sweep point (13.3/13.5)"
lc32768_t8,wkv.finish,9.99,2560,0.3,32,32,2,1,2,2,4,8,1,8,8,1,1,32768,0,"build/shaders_ref","","sweep point (13.3/13.5)"
lc32768_t8,sparse_attn_t.score,2032.68,33490944,16.5,32,32,2,1,2,2,4,8,1,8,8,1,1,32768,0,"build/shaders_ref","","sweep point (13.3/13.5)"
lc32768_t8,sparse_attn_t.pv,4128.24,33490944,8.1,32,32,2,1,2,2,4,8,1,8,8,1,1,32768,0,"build/shaders_ref","","sweep point (13.3/13.5)"
lc32768_t8,wo_a,194.61,33587200,172.6,32,32,2,1,2,2,4,8,1,8,8,1,1,32768,0,"build/shaders_ref","","sweep point (13.3/13.5)"
lc32768_t8,wo_b,267.81,41984000,156.8,32,32,2,1,2,2,4,8,1,8,8,1,1,32768,0,"build/shaders_ref","","sweep point (13.3/13.5)"
lc32768_t8,wq_a.ksplit,35.11,6560000,186.9,32,32,2,1,2,2,4,8,1,8,8,1,1,32768,0,"build/shaders_ref","","sweep point (13.3/13.5)"
lc32768_t8,wq_a.kcombine,1.21,10240,8.5,32,32,2,1,2,2,4,8,1,8,8,1,1,32768,0,"build/shaders_ref","","sweep point (13.3/13.5)"
lc32768_t8,wo_a.ksplit,162.22,33587200,207.1,32,32,2,1,2,2,4,8,1,8,8,1,1,32768,0,"build/shaders_ref","","sweep point (13.3/13.5)"
lc32768_t8,wo_a.kcombine,1.48,131072,88.4,32,32,2,1,2,2,4,8,1,8,8,1,1,32768,0,"build/shaders_ref","","sweep point (13.3/13.5)"
lc32768_t8,wo_b.ksplit,205.43,41984000,204.4,32,32,2,1,2,2,4,8,1,8,8,1,1,32768,0,"build/shaders_ref","","sweep point (13.3/13.5)"
lc32768_t8,wo_b.kcombine,1.63,163840,100.7,32,32,2,1,2,2,4,8,1,8,8,1,1,32768,0,"build/shaders_ref","","sweep point (13.3/13.5)"
lc32768_t8,wkv.ksplit,9.45,2624000,277.6,32,32,2,1,2,2,4,8,1,8,8,1,1,32768,0,"build/shaders_ref","","sweep point (13.3/13.5)"
lc32768_t8,wkv.kfinish,11.26,4096,0.4,32,32,2,1,2,2,4,8,1,8,8,1,1,32768,0,"build/shaders_ref","","sweep point (13.3/13.5)"
lc32768_t8,gate.score,18.44,3932160,213.3,32,32,2,1,2,2,4,8,1,8,8,1,1,32768,0,"build/shaders_ref","","sweep point (13.3/13.5)"
lc32768_t8,gate.topk,15.65,3072,0.2,32,32,2,1,2,2,4,8,1,8,8,1,1,32768,0,"build/shaders_ref","","sweep point (13.3/13.5)"
lc32768_t8,head,5667.69,1323827200,233.6,32,32,2,1,2,2,4,8,1,8,8,1,1,32768,0,"build/shaders_ref","","sweep point (13.3/13.5)"
lc32768_t8,compressor.wkv,14.38,5242880,364.6,32,32,2,1,2,2,4,8,1,8,8,1,1,32768,0,"build/shaders_ref","","sweep point (13.3/13.5)"
lc32768_t8,compressor.wgate,14.43,5242880,363.2,32,32,2,1,2,2,4,8,1,8,8,1,1,32768,0,"build/shaders_ref","","sweep point (13.3/13.5)"
lc32768_t8,compressor.norm,3.31,8192,2.5,32,32,2,1,2,2,4,8,1,8,8,1,1,32768,0,"build/shaders_ref","","sweep point (13.3/13.5)"
lc32768_t8,compressor.store,6.84,3072,0.4,32,32,2,1,2,2,4,8,1,8,8,1,1,32768,0,"build/shaders_ref","","sweep point (13.3/13.5)"
lc32768_t8,indexer.wq_b,15.51,5248000,338.3,32,32,2,1,2,2,4,8,1,8,8,1,1,32768,0,"build/shaders_ref","","sweep point (13.3/13.5)"
lc32768_t8,indexer.q_finish,9.59,24576,2.6,32,32,2,1,2,2,4,8,1,8,8,1,1,32768,0,"build/shaders_ref","","sweep point (13.3/13.5)"
lc32768_t8,indexer.key,18.04,131072,7.3,32,32,2,1,2,2,4,8,1,8,8,1,1,32768,0,"build/shaders_ref","","sweep point (13.3/13.5)"
lc32768_t8,indexer.weights,22.49,327680,14.6,32,32,2,1,2,2,4,8,1,8,8,1,1,32768,0,"build/shaders_ref","","sweep point (13.3/13.5)"
lc4096_t32,mega_mhc.post,2.34,163840,70.0,32,32,2,1,2,2,4,8,1,32,8,1,1,4096,0,"build/shaders_ref","","sweep point (13.3/13.5)"
lc4096_t32,mega_mhc.mix,5.34,1966080,368.4,32,32,2,1,2,2,4,8,1,32,8,1,1,4096,0,"build/shaders_ref","","sweep point (13.3/13.5)"
lc4096_t32,mega_mhc.final,3.11,40960,13.2,32,32,2,1,2,2,4,8,1,32,8,1,1,4096,0,"build/shaders_ref","","sweep point (13.3/13.5)"
lc4096_t32,wq_a,37.88,6560000,173.2,32,32,2,1,2,2,4,8,1,32,8,1,1,4096,0,"build/shaders_ref","","sweep point (13.3/13.5)"
lc4096_t32,wq_b,193.18,41984000,217.3,32,32,2,1,2,2,4,8,1,32,8,1,1,4096,0,"build/shaders_ref","","sweep point (13.3/13.5)"
lc4096_t32,wkv.gemv,9.58,2624000,273.9,32,32,2,1,2,2,4,8,1,32,8,1,1,4096,0,"build/shaders_ref","","sweep point (13.3/13.5)"
lc4096_t32,wkv.finish,9.92,2560,0.3,32,32,2,1,2,2,4,8,1,32,8,1,1,4096,0,"build/shaders_ref","","sweep point (13.3/13.5)"
lc4096_t32,sparse_attn_t.score,217.05,4130816,19.0,32,32,2,1,2,2,4,8,1,32,8,1,1,4096,0,"build/shaders_ref","","sweep point (13.3/13.5)"
lc4096_t32,sparse_attn_t.pv,410.58,4130816,10.1,32,32,2,1,2,2,4,8,1,32,8,1,1,4096,0,"build/shaders_ref","","sweep point (13.3/13.5)"
lc4096_t32,wo_a,195.87,33587200,171.5,32,32,2,1,2,2,4,8,1,32,8,1,1,4096,0,"build/shaders_ref","","sweep point (13.3/13.5)"
lc4096_t32,wo_b,264.10,41984000,159.0,32,32,2,1,2,2,4,8,1,32,8,1,1,4096,0,"build/shaders_ref","","sweep point (13.3/13.5)"
lc4096_t32,wq_a.ksplit,34.93,6560000,187.8,32,32,2,1,2,2,4,8,1,32,8,1,1,4096,0,"build/shaders_ref","","sweep point (13.3/13.5)"
lc4096_t32,wq_a.kcombine,1.16,10240,8.9,32,32,2,1,2,2,4,8,1,32,8,1,1,4096,0,"build/shaders_ref","","sweep point (13.3/13.5)"
lc4096_t32,wo_a.ksplit,161.53,33587200,207.9,32,32,2,1,2,2,4,8,1,32,8,1,1,4096,0,"build/shaders_ref","","sweep point (13.3/13.5)"
lc4096_t32,wo_a.kcombine,1.37,131072,95.7,32,32,2,1,2,2,4,8,1,32,8,1,1,4096,0,"build/shaders_ref","","sweep point (13.3/13.5)"
lc4096_t32,wo_b.ksplit,204.37,41984000,205.4,32,32,2,1,2,2,4,8,1,32,8,1,1,4096,0,"build/shaders_ref","","sweep point (13.3/13.5)"
lc4096_t32,wo_b.kcombine,1.38,163840,118.4,32,32,2,1,2,2,4,8,1,32,8,1,1,4096,0,"build/shaders_ref","","sweep point (13.3/13.5)"
lc4096_t32,wkv.ksplit,7.74,2624000,338.9,32,32,2,1,2,2,4,8,1,32,8,1,1,4096,0,"build/shaders_ref","","sweep point (13.3/13.5)"
lc4096_t32,wkv.kfinish,9.04,4096,0.5,32,32,2,1,2,2,4,8,1,32,8,1,1,4096,0,"build/shaders_ref","","sweep point (13.3/13.5)"
lc4096_t32,gate.score,15.42,3932160,255.0,32,32,2,1,2,2,4,8,1,32,8,1,1,4096,0,"build/shaders_ref","","sweep point (13.3/13.5)"
lc4096_t32,gate.topk,11.66,3072,0.3,32,32,2,1,2,2,4,8,1,32,8,1,1,4096,0,"build/shaders_ref","","sweep point (13.3/13.5)"
lc4096_t32,head,5659.60,1323827200,233.9,32,32,2,1,2,2,4,8,1,32,8,1,1,4096,0,"build/shaders_ref","","sweep point (13.3/13.5)"
lc4096_t32,compressor.wkv,15.33,5242880,341.9,32,32,2,1,2,2,4,8,1,32,8,1,1,4096,0,"build/shaders_ref","","sweep point (13.3/13.5)"
lc4096_t32,compressor.wgate,15.20,5242880,344.9,32,32,2,1,2,2,4,8,1,32,8,1,1,4096,0,"build/shaders_ref","","sweep point (13.3/13.5)"
lc4096_t32,compressor.norm,3.44,8192,2.4,32,32,2,1,2,2,4,8,1,32,8,1,1,4096,0,"build/shaders_ref","","sweep point (13.3/13.5)"
lc4096_t32,compressor.store,7.04,3072,0.4,32,32,2,1,2,2,4,8,1,32,8,1,1,4096,0,"build/shaders_ref","","sweep point (13.3/13.5)"
lc4096_t32,indexer.wq_b,15.50,5248000,338.6,32,32,2,1,2,2,4,8,1,32,8,1,1,4096,0,"build/shaders_ref","","sweep point (13.3/13.5)"
lc4096_t32,indexer.q_finish,9.76,24576,2.5,32,32,2,1,2,2,4,8,1,32,8,1,1,4096,0,"build/shaders_ref","","sweep point (13.3/13.5)"
lc4096_t32,indexer.key,18.31,131072,7.2,32,32,2,1,2,2,4,8,1,32,8,1,1,4096,0,"build/shaders_ref","","sweep point (13.3/13.5)"
lc4096_t32,indexer.weights,22.50,327680,14.6,32,32,2,1,2,2,4,8,1,32,8,1,1,4096,0,"build/shaders_ref","","sweep point (13.3/13.5)"
lc4096_t64,mega_mhc.post,2.34,163840,70.0,32,32,2,1,2,2,4,8,1,64,8,1,1,4096,0,"build/shaders_ref","","sweep point (13.3/13.5)"
lc4096_t64,mega_mhc.mix,5.33,1966080,368.8,32,32,2,1,2,2,4,8,1,64,8,1,1,4096,0,"build/shaders_ref","","sweep point (13.3/13.5)"
lc4096_t64,mega_mhc.final,3.11,40960,13.2,32,32,2,1,2,2,4,8,1,64,8,1,1,4096,0,"build/shaders_ref","","sweep point (13.3/13.5)"
lc4096_t64,wq_a,38.19,6560000,171.8,32,32,2,1,2,2,4,8,1,64,8,1,1,4096,0,"build/shaders_ref","","sweep point (13.3/13.5)"
lc4096_t64,wq_b,193.36,41984000,217.1,32,32,2,1,2,2,4,8,1,64,8,1,1,4096,0,"build/shaders_ref","","sweep point (13.3/13.5)"
lc4096_t64,wkv.gemv,9.57,2624000,274.2,32,32,2,1,2,2,4,8,1,64,8,1,1,4096,0,"build/shaders_ref","","sweep point (13.3/13.5)"
lc4096_t64,wkv.finish,9.95,2560,0.3,32,32,2,1,2,2,4,8,1,64,8,1,1,4096,0,"build/shaders_ref","","sweep point (13.3/13.5)"
lc4096_t64,sparse_attn_t.score,197.78,4130816,20.9,32,32,2,1,2,2,4,8,1,64,8,1,1,4096,0,"build/shaders_ref","","sweep point (13.3/13.5)"
lc4096_t64,sparse_attn_t.pv,417.85,4130816,9.9,32,32,2,1,2,2,4,8,1,64,8,1,1,4096,0,"build/shaders_ref","","sweep point (13.3/13.5)"
lc4096_t64,wo_a,194.68,33587200,172.5,32,32,2,1,2,2,4,8,1,64,8,1,1,4096,0,"build/shaders_ref","","sweep point (13.3/13.5)"
lc4096_t64,wo_b,260.66,41984000,161.1,32,32,2,1,2,2,4,8,1,64,8,1,1,4096,0,"build/shaders_ref","","sweep point (13.3/13.5)"
lc4096_t64,wq_a.ksplit,34.46,6560000,190.3,32,32,2,1,2,2,4,8,1,64,8,1,1,4096,0,"build/shaders_ref","","sweep point (13.3/13.5)"
lc4096_t64,wq_a.kcombine,1.14,10240,9.0,32,32,2,1,2,2,4,8,1,64,8,1,1,4096,0,"build/shaders_ref","","sweep point (13.3/13.5)"
lc4096_t64,wo_a.ksplit,161.51,33587200,208.0,32,32,2,1,2,2,4,8,1,64,8,1,1,4096,0,"build/shaders_ref","","sweep point (13.3/13.5)"
lc4096_t64,wo_a.kcombine,1.36,131072,96.7,32,32,2,1,2,2,4,8,1,64,8,1,1,4096,0,"build/shaders_ref","","sweep point (13.3/13.5)"
lc4096_t64,wo_b.ksplit,204.48,41984000,205.3,32,32,2,1,2,2,4,8,1,64,8,1,1,4096,0,"build/shaders_ref","","sweep point (13.3/13.5)"
lc4096_t64,wo_b.kcombine,1.34,163840,122.4,32,32,2,1,2,2,4,8,1,64,8,1,1,4096,0,"build/shaders_ref","","sweep point (13.3/13.5)"
lc4096_t64,wkv.ksplit,7.63,2624000,344.0,32,32,2,1,2,2,4,8,1,64,8,1,1,4096,0,"build/shaders_ref","","sweep point (13.3/13.5)"
lc4096_t64,wkv.kfinish,8.70,4096,0.5,32,32,2,1,2,2,4,8,1,64,8,1,1,4096,0,"build/shaders_ref","","sweep point (13.3/13.5)"
lc4096_t64,gate.score,15.21,3932160,258.5,32,32,2,1,2,2,4,8,1,64,8,1,1,4096,0,"build/shaders_ref","","sweep point (13.3/13.5)"
lc4096_t64,gate.topk,11.62,3072,0.3,32,32,2,1,2,2,4,8,1,64,8,1,1,4096,0,"build/shaders_ref","","sweep point (13.3/13.5)"
lc4096_t64,head,5669.27,1323827200,233.5,32,32,2,1,2,2,4,8,1,64,8,1,1,4096,0,"build/shaders_ref","","sweep point (13.3/13.5)"
lc4096_t64,compressor.wkv,15.50,5242880,338.3,32,32,2,1,2,2,4,8,1,64,8,1,1,4096,0,"build/shaders_ref","","sweep point (13.3/13.5)"
lc4096_t64,compressor.wgate,15.26,5242880,343.6,32,32,2,1,2,2,4,8,1,64,8,1,1,4096,0,"build/shaders_ref","","sweep point (13.3/13.5)"
lc4096_t64,compressor.norm,3.46,8192,2.4,32,32,2,1,2,2,4,8,1,64,8,1,1,4096,0,"build/shaders_ref","","sweep point (13.3/13.5)"
lc4096_t64,compressor.store,6.92,3072,0.4,32,32,2,1,2,2,4,8,1,64,8,1,1,4096,0,"build/shaders_ref","","sweep point (13.3/13.5)"
lc4096_t64,indexer.wq_b,15.32,5248000,342.6,32,32,2,1,2,2,4,8,1,64,8,1,1,4096,0,"build/shaders_ref","","sweep point (13.3/13.5)"
lc4096_t64,indexer.q_finish,9.71,24576,2.5,32,32,2,1,2,2,4,8,1,64,8,1,1,4096,0,"build/shaders_ref","","sweep point (13.3/13.5)"
lc4096_t64,indexer.key,18.15,131072,7.2,32,32,2,1,2,2,4,8,1,64,8,1,1,4096,0,"build/shaders_ref","","sweep point (13.3/13.5)"
lc4096_t64,indexer.weights,22.60,327680,14.5,32,32,2,1,2,2,4,8,1,64,8,1,1,4096,0,"build/shaders_ref","","sweep point (13.3/13.5)"
lc4096_t64p8,mega_mhc.post,2.34,163840,70.0,32,32,2,1,2,2,4,8,1,64,8,8,1,4096,0,"build/shaders_ref","","sweep point (13.3/13.5)"
lc4096_t64p8,mega_mhc.mix,5.33,1966080,368.8,32,32,2,1,2,2,4,8,1,64,8,8,1,4096,0,"build/shaders_ref","","sweep point (13.3/13.5)"
lc4096_t64p8,mega_mhc.final,3.11,40960,13.2,32,32,2,1,2,2,4,8,1,64,8,8,1,4096,0,"build/shaders_ref","","sweep point (13.3/13.5)"
lc4096_t64p8,wq_a,37.93,6560000,172.9,32,32,2,1,2,2,4,8,1,64,8,8,1,4096,0,"build/shaders_ref","","sweep point (13.3/13.5)"
lc4096_t64p8,wq_b,193.37,41984000,217.1,32,32,2,1,2,2,4,8,1,64,8,8,1,4096,0,"build/shaders_ref","","sweep point (13.3/13.5)"
lc4096_t64p8,wkv.gemv,9.65,2624000,272.1,32,32,2,1,2,2,4,8,1,64,8,8,1,4096,0,"build/shaders_ref","","sweep point (13.3/13.5)"
lc4096_t64p8,wkv.finish,9.95,2560,0.3,32,32,2,1,2,2,4,8,1,64,8,8,1,4096,0,"build/shaders_ref","","sweep point (13.3/13.5)"
lc4096_t64p8,sparse_attn_t.score,198.34,4130816,20.8,32,32,2,1,2,2,4,8,1,64,8,8,1,4096,0,"build/shaders_ref","","sweep point (13.3/13.5)"
lc4096_t64p8,sparse_attn_t.pv,348.12,4130816,11.9,32,32,2,1,2,2,4,8,1,64,8,8,1,4096,0,"build/shaders_ref","","sweep point (13.3/13.5)"
lc4096_t64p8,sparse_attn_t.finish,6.01,1048576,174.4,32,32,2,1,2,2,4,8,1,64,8,8,1,4096,0,"build/shaders_ref","","sweep point (13.3/13.5)"
lc4096_t64p8,wo_a,194.24,33587200,172.9,32,32,2,1,2,2,4,8,1,64,8,8,1,4096,0,"build/shaders_ref","","sweep point (13.3/13.5)"
lc4096_t64p8,wo_b,264.06,41984000,159.0,32,32,2,1,2,2,4,8,1,64,8,8,1,4096,0,"build/shaders_ref","","sweep point (13.3/13.5)"
lc4096_t64p8,wq_a.ksplit,34.86,6560000,188.2,32,32,2,1,2,2,4,8,1,64,8,8,1,4096,0,"build/shaders_ref","","sweep point (13.3/13.5)"
lc4096_t64p8,wq_a.kcombine,1.16,10240,8.8,32,32,2,1,2,2,4,8,1,64,8,8,1,4096,0,"build/shaders_ref","","sweep point (13.3/13.5)"
lc4096_t64p8,wo_a.ksplit,161.74,33587200,207.7,32,32,2,1,2,2,4,8,1,64,8,8,1,4096,0,"build/shaders_ref","","sweep point (13.3/13.5)"
lc4096_t64p8,wo_a.kcombine,1.38,131072,95.2,32,32,2,1,2,2,4,8,1,64,8,8,1,4096,0,"build/shaders_ref","","sweep point (13.3/13.5)"
lc4096_t64p8,wo_b.ksplit,204.92,41984000,204.9,32,32,2,1,2,2,4,8,1,64,8,8,1,4096,0,"build/shaders_ref","","sweep point (13.3/13.5)"
lc4096_t64p8,wo_b.kcombine,1.41,163840,116.5,32,32,2,1,2,2,4,8,1,64,8,8,1,4096,0,"build/shaders_ref","","sweep point (13.3/13.5)"
lc4096_t64p8,wkv.ksplit,8.10,2624000,324.0,32,32,2,1,2,2,4,8,1,64,8,8,1,4096,0,"build/shaders_ref","","sweep point (13.3/13.5)"
lc4096_t64p8,wkv.kfinish,9.33,4096,0.4,32,32,2,1,2,2,4,8,1,64,8,8,1,4096,0,"build/shaders_ref","","sweep point (13.3/13.5)"
lc4096_t64p8,gate.score,15.82,3932160,248.5,32,32,2,1,2,2,4,8,1,64,8,8,1,4096,0,"build/shaders_ref","","sweep point (13.3/13.5)"
lc4096_t64p8,gate.topk,12.01,3072,0.3,32,32,2,1,2,2,4,8,1,64,8,8,1,4096,0,"build/shaders_ref","","sweep point (13.3/13.5)"
lc4096_t64p8,head,5662.56,1323827200,233.8,32,32,2,1,2,2,4,8,1,64,8,8,1,4096,0,"build/shaders_ref","","sweep point (13.3/13.5)"
lc4096_t64p8,compressor.wkv,15.59,5242880,336.2,32,32,2,1,2,2,4,8,1,64,8,8,1,4096,0,"build/shaders_ref","","sweep point (13.3/13.5)"
lc4096_t64p8,compressor.wgate,15.19,5242880,345.1,32,32,2,1,2,2,4,8,1,64,8,8,1,4096,0,"build/shaders_ref","","sweep point (13.3/13.5)"
lc4096_t64p8,compressor.norm,3.48,8192,2.4,32,32,2,1,2,2,4,8,1,64,8,8,1,4096,0,"build/shaders_ref","","sweep point (13.3/13.5)"
lc4096_t64p8,compressor.store,6.99,3072,0.4,32,32,2,1,2,2,4,8,1,64,8,8,1,4096,0,"build/shaders_ref","","sweep point (13.3/13.5)"
lc4096_t64p8,indexer.wq_b,15.67,5248000,334.8,32,32,2,1,2,2,4,8,1,64,8,8,1,4096,0,"build/shaders_ref","","sweep point (13.3/13.5)"
lc4096_t64p8,indexer.q_finish,9.74,24576,2.5,32,32,2,1,2,2,4,8,1,64,8,8,1,4096,0,"build/shaders_ref","","sweep point (13.3/13.5)"
lc4096_t64p8,indexer.key,18.31,131072,7.2,32,32,2,1,2,2,4,8,1,64,8,8,1,4096,0,"build/shaders_ref","","sweep point (13.3/13.5)"
lc4096_t64p8,indexer.weights,22.72,327680,14.4,32,32,2,1,2,2,4,8,1,64,8,8,1,4096,0,"build/shaders_ref","","sweep point (13.3/13.5)"
lc4096_t8,mega_mhc.post,2.35,163840,69.8,32,32,2,1,2,2,4,8,1,8,8,1,1,4096,0,"build/shaders_ref","","sweep point (13.3/13.5)"
lc4096_t8,mega_mhc.mix,5.35,1966080,367.3,32,32,2,1,2,2,4,8,1,8,8,1,1,4096,0,"build/shaders_ref","","sweep point (13.3/13.5)"
lc4096_t8,mega_mhc.final,3.11,40960,13.2,32,32,2,1,2,2,4,8,1,8,8,1,1,4096,0,"build/shaders_ref","","sweep point (13.3/13.5)"
lc4096_t8,wq_a,38.07,6560000,172.3,32,32,2,1,2,2,4,8,1,8,8,1,1,4096,0,"build/shaders_ref","","sweep point (13.3/13.5)"
lc4096_t8,wq_b,194.10,41984000,216.3,32,32,2,1,2,2,4,8,1,8,8,1,1,4096,0,"build/shaders_ref","","sweep point (13.3/13.5)"
lc4096_t8,wkv.gemv,9.77,2624000,268.5,32,32,2,1,2,2,4,8,1,8,8,1,1,4096,0,"build/shaders_ref","","sweep point (13.3/13.5)"
lc4096_t8,wkv.finish,9.94,2560,0.3,32,32,2,1,2,2,4,8,1,8,8,1,1,4096,0,"build/shaders_ref","","sweep point (13.3/13.5)"
lc4096_t8,sparse_attn_t.score,254.88,4130816,16.2,32,32,2,1,2,2,4,8,1,8,8,1,1,4096,0,"build/shaders_ref","","sweep point (13.3/13.5)"
lc4096_t8,sparse_attn_t.pv,407.87,4130816,10.1,32,32,2,1,2,2,4,8,1,8,8,1,1,4096,0,"build/shaders_ref","","sweep point (13.3/13.5)"
lc4096_t8,wo_a,193.90,33587200,173.2,32,32,2,1,2,2,4,8,1,8,8,1,1,4096,0,"build/shaders_ref","","sweep point (13.3/13.5)"
lc4096_t8,wo_b,261.74,41984000,160.4,32,32,2,1,2,2,4,8,1,8,8,1,1,4096,0,"build/shaders_ref","","sweep point (13.3/13.5)"
lc4096_t8,wq_a.ksplit,34.59,6560000,189.7,32,32,2,1,2,2,4,8,1,8,8,1,1,4096,0,"build/shaders_ref","","sweep point (13.3/13.5)"
lc4096_t8,wq_a.kcombine,1.13,10240,9.0,32,32,2,1,2,2,4,8,1,8,8,1,1,4096,0,"build/shaders_ref","","sweep point (13.3/13.5)"
lc4096_t8,wo_a.ksplit,162.18,33587200,207.1,32,32,2,1,2,2,4,8,1,8,8,1,1,4096,0,"build/shaders_ref","","sweep point (13.3/13.5)"
lc4096_t8,wo_a.kcombine,1.34,131072,97.8,32,32,2,1,2,2,4,8,1,8,8,1,1,4096,0,"build/shaders_ref","","sweep point (13.3/13.5)"
lc4096_t8,wo_b.ksplit,204.23,41984000,205.6,32,32,2,1,2,2,4,8,1,8,8,1,1,4096,0,"build/shaders_ref","","sweep point (13.3/13.5)"
lc4096_t8,wo_b.kcombine,1.30,163840,125.7,32,32,2,1,2,2,4,8,1,8,8,1,1,4096,0,"build/shaders_ref","","sweep point (13.3/13.5)"
lc4096_t8,wkv.ksplit,7.12,2624000,368.6,32,32,2,1,2,2,4,8,1,8,8,1,1,4096,0,"build/shaders_ref","","sweep point (13.3/13.5)"
lc4096_t8,wkv.kfinish,8.55,4096,0.5,32,32,2,1,2,2,4,8,1,8,8,1,1,4096,0,"build/shaders_ref","","sweep point (13.3/13.5)"
lc4096_t8,gate.score,15.00,3932160,262.2,32,32,2,1,2,2,4,8,1,8,8,1,1,4096,0,"build/shaders_ref","","sweep point (13.3/13.5)"
lc4096_t8,gate.topk,11.60,3072,0.3,32,32,2,1,2,2,4,8,1,8,8,1,1,4096,0,"build/shaders_ref","","sweep point (13.3/13.5)"
lc4096_t8,head,5653.61,1323827200,234.2,32,32,2,1,2,2,4,8,1,8,8,1,1,4096,0,"build/shaders_ref","","sweep point (13.3/13.5)"
lc4096_t8,compressor.wkv,15.34,5242880,341.7,32,32,2,1,2,2,4,8,1,8,8,1,1,4096,0,"build/shaders_ref","","sweep point (13.3/13.5)"
lc4096_t8,compressor.wgate,15.21,5242880,344.6,32,32,2,1,2,2,4,8,1,8,8,1,1,4096,0,"build/shaders_ref","","sweep point (13.3/13.5)"
lc4096_t8,compressor.norm,3.45,8192,2.4,32,32,2,1,2,2,4,8,1,8,8,1,1,4096,0,"build/shaders_ref","","sweep point (13.3/13.5)"
lc4096_t8,compressor.store,6.96,3072,0.4,32,32,2,1,2,2,4,8,1,8,8,1,1,4096,0,"build/shaders_ref","","sweep point (13.3/13.5)"
lc4096_t8,indexer.wq_b,15.60,5248000,336.5,32,32,2,1,2,2,4,8,1,8,8,1,1,4096,0,"build/shaders_ref","","sweep point (13.3/13.5)"
lc4096_t8,indexer.q_finish,9.82,24576,2.5,32,32,2,1,2,2,4,8,1,8,8,1,1,4096,0,"build/shaders_ref","","sweep point (13.3/13.5)"
lc4096_t8,indexer.key,18.29,131072,7.2,32,32,2,1,2,2,4,8,1,8,8,1,1,4096,0,"build/shaders_ref","","sweep point (13.3/13.5)"
lc4096_t8,indexer.weights,22.64,327680,14.5,32,32,2,1,2,2,4,8,1,8,8,1,1,4096,0,"build/shaders_ref","","sweep point (13.3/13.5)"
rm32_1,mega_mhc.post,2.39,163840,68.5,32,32,2,1,2,2,4,8,1,32,8,1,1,193,0,"build/shaders_rm (balanced tile-max reduction)","","sweep point (13.3/13.5)"
rm32_1,mega_mhc.mix,5.34,1966080,368.1,32,32,2,1,2,2,4,8,1,32,8,1,1,193,0,"build/shaders_rm (balanced tile-max reduction)","","sweep point (13.3/13.5)"
rm32_1,mega_mhc.final,3.23,40960,12.7,32,32,2,1,2,2,4,8,1,32,8,1,1,193,0,"build/shaders_rm (balanced tile-max reduction)","","sweep point (13.3/13.5)"
rm32_1,wq_a,38.38,6560000,170.9,32,32,2,1,2,2,4,8,1,32,8,1,1,193,0,"build/shaders_rm (balanced tile-max reduction)","","sweep point (13.3/13.5)"
rm32_1,wq_b,194.90,41984000,215.4,32,32,2,1,2,2,4,8,1,32,8,1,1,193,0,"build/shaders_rm (balanced tile-max reduction)","","sweep point (13.3/13.5)"
rm32_1,wkv.gemv,10.01,2624000,262.1,32,32,2,1,2,2,4,8,1,32,8,1,1,193,0,"build/shaders_rm (balanced tile-max reduction)","","sweep point (13.3/13.5)"
rm32_1,wkv.finish,10.33,2560,0.2,32,32,2,1,2,2,4,8,1,32,8,1,1,193,0,"build/shaders_rm (balanced tile-max reduction)","","sweep point (13.3/13.5)"
rm32_1,sparse_attn.score,28.36,134144,4.7,32,32,2,1,2,2,4,8,1,32,8,1,1,193,0,"build/shaders_rm (balanced tile-max reduction)","","sweep point (13.3/13.5)"
rm32_1,sparse_attn.combine,28.02,134144,4.8,32,32,2,1,2,2,4,8,1,32,8,1,1,193,0,"build/shaders_rm (balanced tile-max reduction)","","sweep point (13.3/13.5)"
rm32_1,sparse_attn_t.score,16.73,134144,8.0,32,32,2,1,2,2,4,8,1,32,8,1,1,193,0,"build/shaders_rm (balanced tile-max reduction)","","sweep point (13.3/13.5)"
rm32_1,sparse_attn_t.pv,27.38,134144,4.9,32,32,2,1,2,2,4,8,1,32,8,1,1,193,0,"build/shaders_rm (balanced tile-max reduction)","","sweep point (13.3/13.5)"
rm32_1,wo_a,197.14,33587200,170.4,32,32,2,1,2,2,4,8,1,32,8,1,1,193,0,"build/shaders_rm (balanced tile-max reduction)","","sweep point (13.3/13.5)"
rm32_1,wo_b,262.98,41984000,159.6,32,32,2,1,2,2,4,8,1,32,8,1,1,193,0,"build/shaders_rm (balanced tile-max reduction)","","sweep point (13.3/13.5)"
rm32_1,wq_a.ksplit,33.89,6560000,193.6,32,32,2,1,2,2,4,8,1,32,8,1,1,193,0,"build/shaders_rm (balanced tile-max reduction)","","sweep point (13.3/13.5)"
rm32_1,wq_a.kcombine,1.07,10240,9.5,32,32,2,1,2,2,4,8,1,32,8,1,1,193,0,"build/shaders_rm (balanced tile-max reduction)","","sweep point (13.3/13.5)"
rm32_1,wo_a.ksplit,162.61,33587200,206.6,32,32,2,1,2,2,4,8,1,32,8,1,1,193,0,"build/shaders_rm (balanced tile-max reduction)","","sweep point (13.3/13.5)"
rm32_1,wo_a.kcombine,1.27,131072,103.1,32,32,2,1,2,2,4,8,1,32,8,1,1,193,0,"build/shaders_rm (balanced tile-max reduction)","","sweep point (13.3/13.5)"
rm32_1,wo_b.ksplit,203.93,41984000,205.9,32,32,2,1,2,2,4,8,1,32,8,1,1,193,0,"build/shaders_rm (balanced tile-max reduction)","","sweep point (13.3/13.5)"
rm32_1,wo_b.kcombine,1.34,163840,122.4,32,32,2,1,2,2,4,8,1,32,8,1,1,193,0,"build/shaders_rm (balanced tile-max reduction)","","sweep point (13.3/13.5)"
rm32_1,wkv.ksplit,7.70,2624000,340.8,32,32,2,1,2,2,4,8,1,32,8,1,1,193,0,"build/shaders_rm (balanced tile-max reduction)","","sweep point (13.3/13.5)"
rm32_1,wkv.kfinish,8.43,4096,0.5,32,32,2,1,2,2,4,8,1,32,8,1,1,193,0,"build/shaders_rm (balanced tile-max reduction)","","sweep point (13.3/13.5)"
rm32_1,gate.score,15.22,3932160,258.4,32,32,2,1,2,2,4,8,1,32,8,1,1,193,0,"build/shaders_rm (balanced tile-max reduction)","","sweep point (13.3/13.5)"
rm32_1,gate.topk,11.77,3072,0.3,32,32,2,1,2,2,4,8,1,32,8,1,1,193,0,"build/shaders_rm (balanced tile-max reduction)","","sweep point (13.3/13.5)"
rm32_1,head,5663.94,1323827200,233.7,32,32,2,1,2,2,4,8,1,32,8,1,1,193,0,"build/shaders_rm (balanced tile-max reduction)","","sweep point (13.3/13.5)"
rm32_1,compressor.wkv,15.28,5242880,343.1,32,32,2,1,2,2,4,8,1,32,8,1,1,193,0,"build/shaders_rm (balanced tile-max reduction)","","sweep point (13.3/13.5)"
rm32_1,compressor.wgate,15.18,5242880,345.3,32,32,2,1,2,2,4,8,1,32,8,1,1,193,0,"build/shaders_rm (balanced tile-max reduction)","","sweep point (13.3/13.5)"
rm32_1,compressor.norm,3.46,8192,2.4,32,32,2,1,2,2,4,8,1,32,8,1,1,193,0,"build/shaders_rm (balanced tile-max reduction)","","sweep point (13.3/13.5)"
rm32_1,compressor.store,7.13,3072,0.4,32,32,2,1,2,2,4,8,1,32,8,1,1,193,0,"build/shaders_rm (balanced tile-max reduction)","","sweep point (13.3/13.5)"
rm32_1,indexer.wq_b,15.59,5248000,336.7,32,32,2,1,2,2,4,8,1,32,8,1,1,193,0,"build/shaders_rm (balanced tile-max reduction)","","sweep point (13.3/13.5)"
rm32_1,indexer.q_finish,9.77,24576,2.5,32,32,2,1,2,2,4,8,1,32,8,1,1,193,0,"build/shaders_rm (balanced tile-max reduction)","","sweep point (13.3/13.5)"
rm32_1,indexer.key,18.54,131072,7.1,32,32,2,1,2,2,4,8,1,32,8,1,1,193,0,"build/shaders_rm (balanced tile-max reduction)","","sweep point (13.3/13.5)"
rm32_1,indexer.weights,23.12,327680,14.2,32,32,2,1,2,2,4,8,1,32,8,1,1,193,0,"build/shaders_rm (balanced tile-max reduction)","","sweep point (13.3/13.5)"
rm32_1,indexer.score,16.34,16640,1.0,32,32,2,1,2,2,4,8,1,32,8,1,1,193,0,"build/shaders_rm (balanced tile-max reduction)","","sweep point (13.3/13.5)"
rm32_1,indexer.topk,0.79,260,0.3,32,32,2,1,2,2,4,8,1,32,8,1,1,193,0,"build/shaders_rm (balanced tile-max reduction)","","sweep point (13.3/13.5)"
rm32_2,mega_mhc.post,2.39,163840,68.6,32,32,2,1,2,2,4,8,1,32,8,1,1,193,0,"build/shaders_rm (balanced tile-max reduction)","","sweep point (13.3/13.5)"
rm32_2,mega_mhc.mix,5.33,1966080,368.9,32,32,2,1,2,2,4,8,1,32,8,1,1,193,0,"build/shaders_rm (balanced tile-max reduction)","","sweep point (13.3/13.5)"
rm32_2,mega_mhc.final,3.19,40960,12.8,32,32,2,1,2,2,4,8,1,32,8,1,1,193,0,"build/shaders_rm (balanced tile-max reduction)","","sweep point (13.3/13.5)"
rm32_2,wq_a,37.85,6560000,173.3,32,32,2,1,2,2,4,8,1,32,8,1,1,193,0,"build/shaders_rm (balanced tile-max reduction)","","sweep point (13.3/13.5)"
rm32_2,wq_b,195.36,41984000,214.9,32,32,2,1,2,2,4,8,1,32,8,1,1,193,0,"build/shaders_rm (balanced tile-max reduction)","","sweep point (13.3/13.5)"
rm32_2,wkv.gemv,9.94,2624000,264.0,32,32,2,1,2,2,4,8,1,32,8,1,1,193,0,"build/shaders_rm (balanced tile-max reduction)","","sweep point (13.3/13.5)"
rm32_2,wkv.finish,10.22,2560,0.3,32,32,2,1,2,2,4,8,1,32,8,1,1,193,0,"build/shaders_rm (balanced tile-max reduction)","","sweep point (13.3/13.5)"
rm32_2,sparse_attn.score,27.66,134144,4.8,32,32,2,1,2,2,4,8,1,32,8,1,1,193,0,"build/shaders_rm (balanced tile-max reduction)","","sweep point (13.3/13.5)"
rm32_2,sparse_attn.combine,27.92,134144,4.8,32,32,2,1,2,2,4,8,1,32,8,1,1,193,0,"build/shaders_rm (balanced tile-max reduction)","","sweep point (13.3/13.5)"
rm32_2,sparse_attn_t.score,17.14,134144,7.8,32,32,2,1,2,2,4,8,1,32,8,1,1,193,0,"build/shaders_rm (balanced tile-max reduction)","","sweep point (13.3/13.5)"
rm32_2,sparse_attn_t.pv,27.62,134144,4.9,32,32,2,1,2,2,4,8,1,32,8,1,1,193,0,"build/shaders_rm (balanced tile-max reduction)","","sweep point (13.3/13.5)"
rm32_2,wo_a,195.93,33587200,171.4,32,32,2,1,2,2,4,8,1,32,8,1,1,193,0,"build/shaders_rm (balanced tile-max reduction)","","sweep point (13.3/13.5)"
rm32_2,wo_b,261.03,41984000,160.8,32,32,2,1,2,2,4,8,1,32,8,1,1,193,0,"build/shaders_rm (balanced tile-max reduction)","","sweep point (13.3/13.5)"
rm32_2,wq_a.ksplit,34.17,6560000,192.0,32,32,2,1,2,2,4,8,1,32,8,1,1,193,0,"build/shaders_rm (balanced tile-max reduction)","","sweep point (13.3/13.5)"
rm32_2,wq_a.kcombine,1.11,10240,9.2,32,32,2,1,2,2,4,8,1,32,8,1,1,193,0,"build/shaders_rm (balanced tile-max reduction)","","sweep point (13.3/13.5)"
rm32_2,wo_a.ksplit,161.33,33587200,208.2,32,32,2,1,2,2,4,8,1,32,8,1,1,193,0,"build/shaders_rm (balanced tile-max reduction)","","sweep point (13.3/13.5)"
rm32_2,wo_a.kcombine,1.29,131072,101.9,32,32,2,1,2,2,4,8,1,32,8,1,1,193,0,"build/shaders_rm (balanced tile-max reduction)","","sweep point (13.3/13.5)"
rm32_2,wo_b.ksplit,203.57,41984000,206.2,32,32,2,1,2,2,4,8,1,32,8,1,1,193,0,"build/shaders_rm (balanced tile-max reduction)","","sweep point (13.3/13.5)"
rm32_2,wo_b.kcombine,1.34,163840,122.1,32,32,2,1,2,2,4,8,1,32,8,1,1,193,0,"build/shaders_rm (balanced tile-max reduction)","","sweep point (13.3/13.5)"
rm32_2,wkv.ksplit,7.80,2624000,336.5,32,32,2,1,2,2,4,8,1,32,8,1,1,193,0,"build/shaders_rm (balanced tile-max reduction)","","sweep point (13.3/13.5)"
rm32_2,wkv.kfinish,9.01,4096,0.5,32,32,2,1,2,2,4,8,1,32,8,1,1,193,0,"build/shaders_rm (balanced tile-max reduction)","","sweep point (13.3/13.5)"
rm32_2,gate.score,15.32,3932160,256.6,32,32,2,1,2,2,4,8,1,32,8,1,1,193,0,"build/shaders_rm (balanced tile-max reduction)","","sweep point (13.3/13.5)"
rm32_2,gate.topk,11.68,3072,0.3,32,32,2,1,2,2,4,8,1,32,8,1,1,193,0,"build/shaders_rm (balanced tile-max reduction)","","sweep point (13.3/13.5)"
rm32_2,head,5703.93,1323827200,232.1,32,32,2,1,2,2,4,8,1,32,8,1,1,193,0,"build/shaders_rm (balanced tile-max reduction)","","sweep point (13.3/13.5)"
rm32_2,compressor.wkv,15.60,5242880,336.1,32,32,2,1,2,2,4,8,1,32,8,1,1,193,0,"build/shaders_rm (balanced tile-max reduction)","","sweep point (13.3/13.5)"
rm32_2,compressor.wgate,15.43,5242880,339.8,32,32,2,1,2,2,4,8,1,32,8,1,1,193,0,"build/shaders_rm (balanced tile-max reduction)","","sweep point (13.3/13.5)"
rm32_2,compressor.norm,3.52,8192,2.3,32,32,2,1,2,2,4,8,1,32,8,1,1,193,0,"build/shaders_rm (balanced tile-max reduction)","","sweep point (13.3/13.5)"
rm32_2,compressor.store,7.32,3072,0.4,32,32,2,1,2,2,4,8,1,32,8,1,1,193,0,"build/shaders_rm (balanced tile-max reduction)","","sweep point (13.3/13.5)"
rm32_2,indexer.wq_b,16.03,5248000,327.5,32,32,2,1,2,2,4,8,1,32,8,1,1,193,0,"build/shaders_rm (balanced tile-max reduction)","","sweep point (13.3/13.5)"
rm32_2,indexer.q_finish,10.17,24576,2.4,32,32,2,1,2,2,4,8,1,32,8,1,1,193,0,"build/shaders_rm (balanced tile-max reduction)","","sweep point (13.3/13.5)"
rm32_2,indexer.key,18.88,131072,6.9,32,32,2,1,2,2,4,8,1,32,8,1,1,193,0,"build/shaders_rm (balanced tile-max reduction)","","sweep point (13.3/13.5)"
rm32_2,indexer.weights,23.44,327680,14.0,32,32,2,1,2,2,4,8,1,32,8,1,1,193,0,"build/shaders_rm (balanced tile-max reduction)","","sweep point (13.3/13.5)"
rm32_2,indexer.score,16.54,16640,1.0,32,32,2,1,2,2,4,8,1,32,8,1,1,193,0,"build/shaders_rm (balanced tile-max reduction)","","sweep point (13.3/13.5)"
rm32_2,indexer.topk,0.80,260,0.3,32,32,2,1,2,2,4,8,1,32,8,1,1,193,0,"build/shaders_rm (balanced tile-max reduction)","","sweep point (13.3/13.5)"
rmref32_1,mega_mhc.post,2.34,163840,69.9,32,32,2,1,2,2,4,8,1,32,8,1,1,193,0,"build/shaders_ref","","sweep point (13.3/13.5)"
rmref32_1,mega_mhc.mix,5.38,1966080,365.7,32,32,2,1,2,2,4,8,1,32,8,1,1,193,0,"build/shaders_ref","","sweep point (13.3/13.5)"
rmref32_1,mega_mhc.final,3.15,40960,13.0,32,32,2,1,2,2,4,8,1,32,8,1,1,193,0,"build/shaders_ref","","sweep point (13.3/13.5)"
rmref32_1,wq_a,39.23,6560000,167.2,32,32,2,1,2,2,4,8,1,32,8,1,1,193,0,"build/shaders_ref","","sweep point (13.3/13.5)"
rmref32_1,wq_b,200.97,41984000,208.9,32,32,2,1,2,2,4,8,1,32,8,1,1,193,0,"build/shaders_ref","","sweep point (13.3/13.5)"
rmref32_1,wkv.gemv,10.52,2624000,249.4,32,32,2,1,2,2,4,8,1,32,8,1,1,193,0,"build/shaders_ref","","sweep point (13.3/13.5)"
rmref32_1,wkv.finish,11.42,2560,0.2,32,32,2,1,2,2,4,8,1,32,8,1,1,193,0,"build/shaders_ref","","sweep point (13.3/13.5)"
rmref32_1,sparse_attn.score,32.75,134144,4.1,32,32,2,1,2,2,4,8,1,32,8,1,1,193,0,"build/shaders_ref","","sweep point (13.3/13.5)"
rmref32_1,sparse_attn.combine,31.33,134144,4.3,32,32,2,1,2,2,4,8,1,32,8,1,1,193,0,"build/shaders_ref","","sweep point (13.3/13.5)"
rmref32_1,sparse_attn_t.score,18.54,134144,7.2,32,32,2,1,2,2,4,8,1,32,8,1,1,193,0,"build/shaders_ref","","sweep point (13.3/13.5)"
rmref32_1,sparse_attn_t.pv,27.13,134144,4.9,32,32,2,1,2,2,4,8,1,32,8,1,1,193,0,"build/shaders_ref","","sweep point (13.3/13.5)"
rmref32_1,wo_a,196.27,33587200,171.1,32,32,2,1,2,2,4,8,1,32,8,1,1,193,0,"build/shaders_ref","","sweep point (13.3/13.5)"
rmref32_1,wo_b,263.07,41984000,159.6,32,32,2,1,2,2,4,8,1,32,8,1,1,193,0,"build/shaders_ref","","sweep point (13.3/13.5)"
rmref32_1,wq_a.ksplit,34.29,6560000,191.3,32,32,2,1,2,2,4,8,1,32,8,1,1,193,0,"build/shaders_ref","","sweep point (13.3/13.5)"
rmref32_1,wq_a.kcombine,1.08,10240,9.4,32,32,2,1,2,2,4,8,1,32,8,1,1,193,0,"build/shaders_ref","","sweep point (13.3/13.5)"
rmref32_1,wo_a.ksplit,162.01,33587200,207.3,32,32,2,1,2,2,4,8,1,32,8,1,1,193,0,"build/shaders_ref","","sweep point (13.3/13.5)"
rmref32_1,wo_a.kcombine,1.26,131072,104.4,32,32,2,1,2,2,4,8,1,32,8,1,1,193,0,"build/shaders_ref","","sweep point (13.3/13.5)"
rmref32_1,wo_b.ksplit,205.21,41984000,204.6,32,32,2,1,2,2,4,8,1,32,8,1,1,193,0,"build/shaders_ref","","sweep point (13.3/13.5)"
rmref32_1,wo_b.kcombine,1.39,163840,117.8,32,32,2,1,2,2,4,8,1,32,8,1,1,193,0,"build/shaders_ref","","sweep point (13.3/13.5)"
rmref32_1,wkv.ksplit,8.35,2624000,314.2,32,32,2,1,2,2,4,8,1,32,8,1,1,193,0,"build/shaders_ref","","sweep point (13.3/13.5)"
rmref32_1,wkv.kfinish,10.08,4096,0.4,32,32,2,1,2,2,4,8,1,32,8,1,1,193,0,"build/shaders_ref","","sweep point (13.3/13.5)"
rmref32_1,gate.score,17.29,3932160,227.4,32,32,2,1,2,2,4,8,1,32,8,1,1,193,0,"build/shaders_ref","","sweep point (13.3/13.5)"
rmref32_1,gate.topk,14.60,3072,0.2,32,32,2,1,2,2,4,8,1,32,8,1,1,193,0,"build/shaders_ref","","sweep point (13.3/13.5)"
rmref32_1,head,5679.64,1323827200,233.1,32,32,2,1,2,2,4,8,1,32,8,1,1,193,0,"build/shaders_ref","","sweep point (13.3/13.5)"
rmref32_1,compressor.wkv,15.32,5242880,342.2,32,32,2,1,2,2,4,8,1,32,8,1,1,193,0,"build/shaders_ref","","sweep point (13.3/13.5)"
rmref32_1,compressor.wgate,15.22,5242880,344.4,32,32,2,1,2,2,4,8,1,32,8,1,1,193,0,"build/shaders_ref","","sweep point (13.3/13.5)"
rmref32_1,compressor.norm,3.47,8192,2.4,32,32,2,1,2,2,4,8,1,32,8,1,1,193,0,"build/shaders_ref","","sweep point (13.3/13.5)"
rmref32_1,compressor.store,7.31,3072,0.4,32,32,2,1,2,2,4,8,1,32,8,1,1,193,0,"build/shaders_ref","","sweep point (13.3/13.5)"
rmref32_1,indexer.wq_b,15.74,5248000,333.4,32,32,2,1,2,2,4,8,1,32,8,1,1,193,0,"build/shaders_ref","","sweep point (13.3/13.5)"
rmref32_1,indexer.q_finish,10.19,24576,2.4,32,32,2,1,2,2,4,8,1,32,8,1,1,193,0,"build/shaders_ref","","sweep point (13.3/13.5)"
rmref32_1,indexer.key,18.79,131072,7.0,32,32,2,1,2,2,4,8,1,32,8,1,1,193,0,"build/shaders_ref","","sweep point (13.3/13.5)"
rmref32_1,indexer.weights,23.42,327680,14.0,32,32,2,1,2,2,4,8,1,32,8,1,1,193,0,"build/shaders_ref","","sweep point (13.3/13.5)"
rmref32_1,indexer.score,16.53,16640,1.0,32,32,2,1,2,2,4,8,1,32,8,1,1,193,0,"build/shaders_ref","","sweep point (13.3/13.5)"
rmref32_1,indexer.topk,0.80,260,0.3,32,32,2,1,2,2,4,8,1,32,8,1,1,193,0,"build/shaders_ref","","sweep point (13.3/13.5)"
rmref32_2,mega_mhc.post,2.34,163840,70.0,32,32,2,1,2,2,4,8,1,32,8,1,1,193,0,"build/shaders_ref","","sweep point (13.3/13.5)"
rmref32_2,mega_mhc.mix,5.35,1966080,367.6,32,32,2,1,2,2,4,8,1,32,8,1,1,193,0,"build/shaders_ref","","sweep point (13.3/13.5)"
rmref32_2,mega_mhc.final,3.19,40960,12.9,32,32,2,1,2,2,4,8,1,32,8,1,1,193,0,"build/shaders_ref","","sweep point (13.3/13.5)"
rmref32_2,wq_a,38.13,6560000,172.0,32,32,2,1,2,2,4,8,1,32,8,1,1,193,0,"build/shaders_ref","","sweep point (13.3/13.5)"
rmref32_2,wq_b,204.80,41984000,205.0,32,32,2,1,2,2,4,8,1,32,8,1,1,193,0,"build/shaders_ref","","sweep point (13.3/13.5)"
rmref32_2,wkv.gemv,11.12,2624000,236.1,32,32,2,1,2,2,4,8,1,32,8,1,1,193,0,"build/shaders_ref","","sweep point (13.3/13.5)"
rmref32_2,wkv.finish,12.08,2560,0.2,32,32,2,1,2,2,4,8,1,32,8,1,1,193,0,"build/shaders_ref","","sweep point (13.3/13.5)"
rmref32_2,sparse_attn.score,32.86,134144,4.1,32,32,2,1,2,2,4,8,1,32,8,1,1,193,0,"build/shaders_ref","","sweep point (13.3/13.5)"
rmref32_2,sparse_attn.combine,30.24,134144,4.4,32,32,2,1,2,2,4,8,1,32,8,1,1,193,0,"build/shaders_ref","","sweep point (13.3/13.5)"
rmref32_2,sparse_attn_t.score,17.73,134144,7.6,32,32,2,1,2,2,4,8,1,32,8,1,1,193,0,"build/shaders_ref","","sweep point (13.3/13.5)"
rmref32_2,sparse_attn_t.pv,26.23,134144,5.1,32,32,2,1,2,2,4,8,1,32,8,1,1,193,0,"build/shaders_ref","","sweep point (13.3/13.5)"
rmref32_2,wo_a,195.79,33587200,171.5,32,32,2,1,2,2,4,8,1,32,8,1,1,193,0,"build/shaders_ref","","sweep point (13.3/13.5)"
rmref32_2,wo_b,259.13,41984000,162.0,32,32,2,1,2,2,4,8,1,32,8,1,1,193,0,"build/shaders_ref","","sweep point (13.3/13.5)"
rmref32_2,wq_a.ksplit,34.09,6560000,192.4,32,32,2,1,2,2,4,8,1,32,8,1,1,193,0,"build/shaders_ref","","sweep point (13.3/13.5)"
rmref32_2,wq_a.kcombine,1.07,10240,9.5,32,32,2,1,2,2,4,8,1,32,8,1,1,193,0,"build/shaders_ref","","sweep point (13.3/13.5)"
rmref32_2,wo_a.ksplit,162.00,33587200,207.3,32,32,2,1,2,2,4,8,1,32,8,1,1,193,0,"build/shaders_ref","","sweep point (13.3/13.5)"
rmref32_2,wo_a.kcombine,1.36,131072,96.6,32,32,2,1,2,2,4,8,1,32,8,1,1,193,0,"build/shaders_ref","","sweep point (13.3/13.5)"
rmref32_2,wo_b.ksplit,205.39,41984000,204.4,32,32,2,1,2,2,4,8,1,32,8,1,1,193,0,"build/shaders_ref","","sweep point (13.3/13.5)"
rmref32_2,wo_b.kcombine,1.58,163840,103.9,32,32,2,1,2,2,4,8,1,32,8,1,1,193,0,"build/shaders_ref","","sweep point (13.3/13.5)"
rmref32_2,wkv.ksplit,9.41,2624000,278.8,32,32,2,1,2,2,4,8,1,32,8,1,1,193,0,"build/shaders_ref","","sweep point (13.3/13.5)"
rmref32_2,wkv.kfinish,11.42,4096,0.4,32,32,2,1,2,2,4,8,1,32,8,1,1,193,0,"build/shaders_ref","","sweep point (13.3/13.5)"
rmref32_2,gate.score,18.79,3932160,209.2,32,32,2,1,2,2,4,8,1,32,8,1,1,193,0,"build/shaders_ref","","sweep point (13.3/13.5)"
rmref32_2,gate.topk,16.48,3072,0.2,32,32,2,1,2,2,4,8,1,32,8,1,1,193,0,"build/shaders_ref","","sweep point (13.3/13.5)"
rmref32_2,head,5679.81,1323827200,233.1,32,32,2,1,2,2,4,8,1,32,8,1,1,193,0,"build/shaders_ref","","sweep point (13.3/13.5)"
rmref32_2,compressor.wkv,15.64,5242880,335.2,32,32,2,1,2,2,4,8,1,32,8,1,1,193,0,"build/shaders_ref","","sweep point (13.3/13.5)"
rmref32_2,compressor.wgate,15.54,5242880,337.4,32,32,2,1,2,2,4,8,1,32,8,1,1,193,0,"build/shaders_ref","","sweep point (13.3/13.5)"
rmref32_2,compressor.norm,3.55,8192,2.3,32,32,2,1,2,2,4,8,1,32,8,1,1,193,0,"build/shaders_ref","","sweep point (13.3/13.5)"
rmref32_2,compressor.store,7.41,3072,0.4,32,32,2,1,2,2,4,8,1,32,8,1,1,193,0,"build/shaders_ref","","sweep point (13.3/13.5)"
rmref32_2,indexer.wq_b,16.84,5248000,311.6,32,32,2,1,2,2,4,8,1,32,8,1,1,193,0,"build/shaders_ref","","sweep point (13.3/13.5)"
rmref32_2,indexer.q_finish,10.23,24576,2.4,32,32,2,1,2,2,4,8,1,32,8,1,1,193,0,"build/shaders_ref","","sweep point (13.3/13.5)"
rmref32_2,indexer.key,19.53,131072,6.7,32,32,2,1,2,2,4,8,1,32,8,1,1,193,0,"build/shaders_ref","","sweep point (13.3/13.5)"
rmref32_2,indexer.weights,23.66,327680,13.8,32,32,2,1,2,2,4,8,1,32,8,1,1,193,0,"build/shaders_ref","","sweep point (13.3/13.5)"
rmref32_2,indexer.score,16.72,16640,1.0,32,32,2,1,2,2,4,8,1,32,8,1,1,193,0,"build/shaders_ref","","sweep point (13.3/13.5)"
rmref32_2,indexer.topk,0.81,260,0.3,32,32,2,1,2,2,4,8,1,32,8,1,1,193,0,"build/shaders_ref","","sweep point (13.3/13.5)"
tt_16_p1_ref,mega_mhc.post,2.34,163840,70.0,32,32,2,1,2,2,4,8,1,16,8,1,1,193,0,"build/shaders_ref","","sweep point (13.3/13.5)"
tt_16_p1_ref,mega_mhc.mix,5.33,1966080,368.8,32,32,2,1,2,2,4,8,1,16,8,1,1,193,0,"build/shaders_ref","","sweep point (13.3/13.5)"
tt_16_p1_ref,mega_mhc.final,3.11,40960,13.2,32,32,2,1,2,2,4,8,1,16,8,1,1,193,0,"build/shaders_ref","","sweep point (13.3/13.5)"
tt_16_p1_ref,wq_a,37.76,6560000,173.7,32,32,2,1,2,2,4,8,1,16,8,1,1,193,0,"build/shaders_ref","","sweep point (13.3/13.5)"
tt_16_p1_ref,wq_b,193.54,41984000,216.9,32,32,2,1,2,2,4,8,1,16,8,1,1,193,0,"build/shaders_ref","","sweep point (13.3/13.5)"
tt_16_p1_ref,wkv.gemv,9.48,2624000,276.7,32,32,2,1,2,2,4,8,1,16,8,1,1,193,0,"build/shaders_ref","","sweep point (13.3/13.5)"
tt_16_p1_ref,wkv.finish,9.92,2560,0.3,32,32,2,1,2,2,4,8,1,16,8,1,1,193,0,"build/shaders_ref","","sweep point (13.3/13.5)"
tt_16_p1_ref,sparse_attn.score,25.75,134144,5.2,32,32,2,1,2,2,4,8,1,16,8,1,1,193,0,"build/shaders_ref","","sweep point (13.3/13.5)"
tt_16_p1_ref,sparse_attn.combine,27.12,134144,4.9,32,32,2,1,2,2,4,8,1,16,8,1,1,193,0,"build/shaders_ref","","sweep point (13.3/13.5)"
tt_16_p1_ref,sparse_attn_t.score,20.12,134144,6.7,32,32,2,1,2,2,4,8,1,16,8,1,1,193,0,"build/shaders_ref","","sweep point (13.3/13.5)"
tt_16_p1_ref,sparse_attn_t.pv,24.83,134144,5.4,32,32,2,1,2,2,4,8,1,16,8,1,1,193,0,"build/shaders_ref","","sweep point (13.3/13.5)"
tt_16_p1_ref,wo_a,193.88,33587200,173.2,32,32,2,1,2,2,4,8,1,16,8,1,1,193,0,"build/shaders_ref","","sweep point (13.3/13.5)"
tt_16_p1_ref,wo_b,261.23,41984000,160.7,32,32,2,1,2,2,4,8,1,16,8,1,1,193,0,"build/shaders_ref","","sweep point (13.3/13.5)"
tt_16_p1_ref,wq_a.ksplit,34.45,6560000,190.4,32,32,2,1,2,2,4,8,1,16,8,1,1,193,0,"build/shaders_ref","","sweep point (13.3/13.5)"
tt_16_p1_ref,wq_a.kcombine,1.11,10240,9.2,32,32,2,1,2,2,4,8,1,16,8,1,1,193,0,"build/shaders_ref","","sweep point (13.3/13.5)"
tt_16_p1_ref,wo_a.ksplit,161.20,33587200,208.4,32,32,2,1,2,2,4,8,1,16,8,1,1,193,0,"build/shaders_ref","","sweep point (13.3/13.5)"
tt_16_p1_ref,wo_a.kcombine,1.36,131072,96.5,32,32,2,1,2,2,4,8,1,16,8,1,1,193,0,"build/shaders_ref","","sweep point (13.3/13.5)"
tt_16_p1_ref,wo_b.ksplit,203.97,41984000,205.8,32,32,2,1,2,2,4,8,1,16,8,1,1,193,0,"build/shaders_ref","","sweep point (13.3/13.5)"
tt_16_p1_ref,wo_b.kcombine,1.37,163840,119.7,32,32,2,1,2,2,4,8,1,16,8,1,1,193,0,"build/shaders_ref","","sweep point (13.3/13.5)"
tt_16_p1_ref,wkv.ksplit,8.00,2624000,328.1,32,32,2,1,2,2,4,8,1,16,8,1,1,193,0,"build/shaders_ref","","sweep point (13.3/13.5)"
tt_16_p1_ref,wkv.kfinish,9.33,4096,0.4,32,32,2,1,2,2,4,8,1,16,8,1,1,193,0,"build/shaders_ref","","sweep point (13.3/13.5)"
tt_16_p1_ref,gate.score,15.49,3932160,253.8,32,32,2,1,2,2,4,8,1,16,8,1,1,193,0,"build/shaders_ref","","sweep point (13.3/13.5)"
tt_16_p1_ref,gate.topk,11.73,3072,0.3,32,32,2,1,2,2,4,8,1,16,8,1,1,193,0,"build/shaders_ref","","sweep point (13.3/13.5)"
tt_16_p1_ref,head,5640.23,1323827200,234.7,32,32,2,1,2,2,4,8,1,16,8,1,1,193,0,"build/shaders_ref","","sweep point (13.3/13.5)"
tt_16_p1_ref,compressor.wkv,14.36,5242880,365.2,32,32,2,1,2,2,4,8,1,16,8,1,1,193,0,"build/shaders_ref","","sweep point (13.3/13.5)"
tt_16_p1_ref,compressor.wgate,14.19,5242880,369.6,32,32,2,1,2,2,4,8,1,16,8,1,1,193,0,"build/shaders_ref","","sweep point (13.3/13.5)"
tt_16_p1_ref,compressor.norm,3.30,8192,2.5,32,32,2,1,2,2,4,8,1,16,8,1,1,193,0,"build/shaders_ref","","sweep point (13.3/13.5)"
tt_16_p1_ref,compressor.store,6.79,3072,0.5,32,32,2,1,2,2,4,8,1,16,8,1,1,193,0,"build/shaders_ref","","sweep point (13.3/13.5)"
tt_16_p1_ref,indexer.wq_b,15.26,5248000,343.9,32,32,2,1,2,2,4,8,1,16,8,1,1,193,0,"build/shaders_ref","","sweep point (13.3/13.5)"
tt_16_p1_ref,indexer.q_finish,9.55,24576,2.6,32,32,2,1,2,2,4,8,1,16,8,1,1,193,0,"build/shaders_ref","","sweep point (13.3/13.5)"
tt_16_p1_ref,indexer.key,18.26,131072,7.2,32,32,2,1,2,2,4,8,1,16,8,1,1,193,0,"build/shaders_ref","","sweep point (13.3/13.5)"
tt_16_p1_ref,indexer.weights,22.31,327680,14.7,32,32,2,1,2,2,4,8,1,16,8,1,1,193,0,"build/shaders_ref","","sweep point (13.3/13.5)"
tt_16_p1_ref,indexer.score,16.17,16640,1.0,32,32,2,1,2,2,4,8,1,16,8,1,1,193,0,"build/shaders_ref","","sweep point (13.3/13.5)"
tt_16_p1_ref,indexer.topk,0.79,260,0.3,32,32,2,1,2,2,4,8,1,16,8,1,1,193,0,"build/shaders_ref","","sweep point (13.3/13.5)"
tt_16_p1h8_ref,mega_mhc.post,2.34,163840,69.9,32,32,2,1,2,2,4,8,1,16,8,1,8,193,0,"build/shaders_ref","","sweep point (13.3/13.5)"
tt_16_p1h8_ref,mega_mhc.mix,5.33,1966080,368.6,32,32,2,1,2,2,4,8,1,16,8,1,8,193,0,"build/shaders_ref","","sweep point (13.3/13.5)"
tt_16_p1h8_ref,mega_mhc.final,3.11,40960,13.2,32,32,2,1,2,2,4,8,1,16,8,1,8,193,0,"build/shaders_ref","","sweep point (13.3/13.5)"
tt_16_p1h8_ref,wq_a,37.53,6560000,174.8,32,32,2,1,2,2,4,8,1,16,8,1,8,193,0,"build/shaders_ref","","sweep point (13.3/13.5)"
tt_16_p1h8_ref,wq_b,194.52,41984000,215.8,32,32,2,1,2,2,4,8,1,16,8,1,8,193,0,"build/shaders_ref","","sweep point (13.3/13.5)"
tt_16_p1h8_ref,wkv.gemv,9.72,2624000,269.8,32,32,2,1,2,2,4,8,1,16,8,1,8,193,0,"build/shaders_ref","","sweep point (13.3/13.5)"
tt_16_p1h8_ref,wkv.finish,9.98,2560,0.3,32,32,2,1,2,2,4,8,1,16,8,1,8,193,0,"build/shaders_ref","","sweep point (13.3/13.5)"
tt_16_p1h8_ref,sparse_attn.score,26.15,134144,5.1,32,32,2,1,2,2,4,8,1,16,8,1,8,193,0,"build/shaders_ref","","sweep point (13.3/13.5)"
tt_16_p1h8_ref,sparse_attn.combine,27.73,134144,4.8,32,32,2,1,2,2,4,8,1,16,8,1,8,193,0,"build/shaders_ref","","sweep point (13.3/13.5)"
tt_16_p1h8_ref,sparse_attn_t.score,20.43,134144,6.6,32,32,2,1,2,2,4,8,1,16,8,1,8,193,0,"build/shaders_ref","","sweep point (13.3/13.5)"
tt_16_p1h8_ref,sparse_attn_t.pv,120.41,134144,1.1,32,32,2,1,2,2,4,8,1,16,8,1,8,193,0,"build/shaders_ref","","sweep point (13.3/13.5)"
tt_16_p1h8_ref,wo_a,194.50,33587200,172.7,32,32,2,1,2,2,4,8,1,16,8,1,8,193,0,"build/shaders_ref","","sweep point (13.3/13.5)"
tt_16_p1h8_ref,wo_b,263.16,41984000,159.5,32,32,2,1,2,2,4,8,1,16,8,1,8,193,0,"build/shaders_ref","","sweep point (13.3/13.5)"
tt_16_p1h8_ref,wq_a.ksplit,34.68,6560000,189.1,32,32,2,1,2,2,4,8,1,16,8,1,8,193,0,"build/shaders_ref","","sweep point (13.3/13.5)"
tt_16_p1h8_ref,wq_a.kcombine,1.15,10240,8.9,32,32,2,1,2,2,4,8,1,16,8,1,8,193,0,"build/shaders_ref","","sweep point (13.3/13.5)"
tt_16_p1h8_ref,wo_a.ksplit,162.21,33587200,207.1,32,32,2,1,2,2,4,8,1,16,8,1,8,193,0,"build/shaders_ref","","sweep point (13.3/13.5)"
tt_16_p1h8_ref,wo_a.kcombine,1.38,131072,94.9,32,32,2,1,2,2,4,8,1,16,8,1,8,193,0,"build/shaders_ref","","sweep point (13.3/13.5)"
tt_16_p1h8_ref,wo_b.ksplit,204.73,41984000,205.1,32,32,2,1,2,2,4,8,1,16,8,1,8,193,0,"build/shaders_ref","","sweep point (13.3/13.5)"
tt_16_p1h8_ref,wo_b.kcombine,1.39,163840,117.8,32,32,2,1,2,2,4,8,1,16,8,1,8,193,0,"build/shaders_ref","","sweep point (13.3/13.5)"
tt_16_p1h8_ref,wkv.ksplit,8.20,2624000,320.0,32,32,2,1,2,2,4,8,1,16,8,1,8,193,0,"build/shaders_ref","","sweep point (13.3/13.5)"
tt_16_p1h8_ref,wkv.kfinish,9.40,4096,0.4,32,32,2,1,2,2,4,8,1,16,8,1,8,193,0,"build/shaders_ref","","sweep point (13.3/13.5)"
tt_16_p1h8_ref,gate.score,15.67,3932160,250.9,32,32,2,1,2,2,4,8,1,16,8,1,8,193,0,"build/shaders_ref","","sweep point (13.3/13.5)"
tt_16_p1h8_ref,gate.topk,12.13,3072,0.3,32,32,2,1,2,2,4,8,1,16,8,1,8,193,0,"build/shaders_ref","","sweep point (13.3/13.5)"
tt_16_p1h8_ref,head,5668.84,1323827200,233.5,32,32,2,1,2,2,4,8,1,16,8,1,8,193,0,"build/shaders_ref","","sweep point (13.3/13.5)"
tt_16_p1h8_ref,compressor.wkv,14.98,5242880,350.0,32,32,2,1,2,2,4,8,1,16,8,1,8,193,0,"build/shaders_ref","","sweep point (13.3/13.5)"
tt_16_p1h8_ref,compressor.wgate,14.40,5242880,364.2,32,32,2,1,2,2,4,8,1,16,8,1,8,193,0,"build/shaders_ref","","sweep point (13.3/13.5)"
tt_16_p1h8_ref,compressor.norm,3.35,8192,2.4,32,32,2,1,2,2,4,8,1,16,8,1,8,193,0,"build/shaders_ref","","sweep point (13.3/13.5)"
tt_16_p1h8_ref,compressor.store,6.89,3072,0.4,32,32,2,1,2,2,4,8,1,16,8,1,8,193,0,"build/shaders_ref","","sweep point (13.3/13.5)"
tt_16_p1h8_ref,indexer.wq_b,15.37,5248000,341.4,32,32,2,1,2,2,4,8,1,16,8,1,8,193,0,"build/shaders_ref","","sweep point (13.3/13.5)"
tt_16_p1h8_ref,indexer.q_finish,9.68,24576,2.5,32,32,2,1,2,2,4,8,1,16,8,1,8,193,0,"build/shaders_ref","","sweep point (13.3/13.5)"
tt_16_p1h8_ref,indexer.key,18.11,131072,7.2,32,32,2,1,2,2,4,8,1,16,8,1,8,193,0,"build/shaders_ref","","sweep point (13.3/13.5)"
tt_16_p1h8_ref,indexer.weights,22.44,327680,14.6,32,32,2,1,2,2,4,8,1,16,8,1,8,193,0,"build/shaders_ref","","sweep point (13.3/13.5)"
tt_16_p1h8_ref,indexer.score,16.19,16640,1.0,32,32,2,1,2,2,4,8,1,16,8,1,8,193,0,"build/shaders_ref","","sweep point (13.3/13.5)"
tt_16_p1h8_ref,indexer.topk,0.79,260,0.3,32,32,2,1,2,2,4,8,1,16,8,1,8,193,0,"build/shaders_ref","","sweep point (13.3/13.5)"
tt_16_p2_ref,mega_mhc.post,2.34,163840,69.9,32,32,2,1,2,2,4,8,1,16,8,2,1,193,0,"build/shaders_ref","","sweep point (13.3/13.5)"
tt_16_p2_ref,mega_mhc.mix,5.33,1966080,368.9,32,32,2,1,2,2,4,8,1,16,8,2,1,193,0,"build/shaders_ref","","sweep point (13.3/13.5)"
tt_16_p2_ref,mega_mhc.final,3.11,40960,13.2,32,32,2,1,2,2,4,8,1,16,8,2,1,193,0,"build/shaders_ref","","sweep point (13.3/13.5)"
tt_16_p2_ref,wq_a,37.72,6560000,173.9,32,32,2,1,2,2,4,8,1,16,8,2,1,193,0,"build/shaders_ref","","sweep point (13.3/13.5)"
tt_16_p2_ref,wq_b,193.35,41984000,217.1,32,32,2,1,2,2,4,8,1,16,8,2,1,193,0,"build/shaders_ref","","sweep point (13.3/13.5)"
tt_16_p2_ref,wkv.gemv,9.65,2624000,272.0,32,32,2,1,2,2,4,8,1,16,8,2,1,193,0,"build/shaders_ref","","sweep point (13.3/13.5)"
tt_16_p2_ref,wkv.finish,9.82,2560,0.3,32,32,2,1,2,2,4,8,1,16,8,2,1,193,0,"build/shaders_ref","","sweep point (13.3/13.5)"
tt_16_p2_ref,sparse_attn.score,25.94,134144,5.2,32,32,2,1,2,2,4,8,1,16,8,2,1,193,0,"build/shaders_ref","","sweep point (13.3/13.5)"
tt_16_p2_ref,sparse_attn.combine,27.59,134144,4.9,32,32,2,1,2,2,4,8,1,16,8,2,1,193,0,"build/shaders_ref","","sweep point (13.3/13.5)"
tt_16_p2_ref,sparse_attn_t.score,20.49,134144,6.5,32,32,2,1,2,2,4,8,1,16,8,2,1,193,0,"build/shaders_ref","","sweep point (13.3/13.5)"
tt_16_p2_ref,sparse_attn_t.pv,26.69,134144,5.0,32,32,2,1,2,2,4,8,1,16,8,2,1,193,0,"build/shaders_ref","","sweep point (13.3/13.5)"
tt_16_p2_ref,sparse_attn_t.finish,2.43,262144,107.7,32,32,2,1,2,2,4,8,1,16,8,2,1,193,0,"build/shaders_ref","","sweep point (13.3/13.5)"
tt_16_p2_ref,wo_a,195.09,33587200,172.2,32,32,2,1,2,2,4,8,1,16,8,2,1,193,0,"build/shaders_ref","","sweep point (13.3/13.5)"
tt_16_p2_ref,wo_b,261.90,41984000,160.3,32,32,2,1,2,2,4,8,1,16,8,2,1,193,0,"build/shaders_ref","","sweep point (13.3/13.5)"
tt_16_p2_ref,wq_a.ksplit,34.42,6560000,190.6,32,32,2,1,2,2,4,8,1,16,8,2,1,193,0,"build/shaders_ref","","sweep point (13.3/13.5)"
tt_16_p2_ref,wq_a.kcombine,1.13,10240,9.1,32,32,2,1,2,2,4,8,1,16,8,2,1,193,0,"build/shaders_ref","","sweep point (13.3/13.5)"
tt_16_p2_ref,wo_a.ksplit,161.79,33587200,207.6,32,32,2,1,2,2,4,8,1,16,8,2,1,193,0,"build/shaders_ref","","sweep point (13.3/13.5)"
tt_16_p2_ref,wo_a.kcombine,1.36,131072,96.3,32,32,2,1,2,2,4,8,1,16,8,2,1,193,0,"build/shaders_ref","","sweep point (13.3/13.5)"
tt_16_p2_ref,wo_b.ksplit,204.19,41984000,205.6,32,32,2,1,2,2,4,8,1,16,8,2,1,193,0,"build/shaders_ref","","sweep point (13.3/13.5)"
tt_16_p2_ref,wo_b.kcombine,1.37,163840,120.0,32,32,2,1,2,2,4,8,1,16,8,2,1,193,0,"build/shaders_ref","","sweep point (13.3/13.5)"
tt_16_p2_ref,wkv.ksplit,8.07,2624000,325.1,32,32,2,1,2,2,4,8,1,16,8,2,1,193,0,"build/shaders_ref","","sweep point (13.3/13.5)"
tt_16_p2_ref,wkv.kfinish,9.18,4096,0.4,32,32,2,1,2,2,4,8,1,16,8,2,1,193,0,"build/shaders_ref","","sweep point (13.3/13.5)"
tt_16_p2_ref,gate.score,15.40,3932160,255.3,32,32,2,1,2,2,4,8,1,16,8,2,1,193,0,"build/shaders_ref","","sweep point (13.3/13.5)"
tt_16_p2_ref,gate.topk,12.13,3072,0.3,32,32,2,1,2,2,4,8,1,16,8,2,1,193,0,"build/shaders_ref","","sweep point (13.3/13.5)"
tt_16_p2_ref,head,5644.08,1323827200,234.6,32,32,2,1,2,2,4,8,1,16,8,2,1,193,0,"build/shaders_ref","","sweep point (13.3/13.5)"
tt_16_p2_ref,compressor.wkv,15.00,5242880,349.4,32,32,2,1,2,2,4,8,1,16,8,2,1,193,0,"build/shaders_ref","","sweep point (13.3/13.5)"
tt_16_p2_ref,compressor.wgate,14.40,5242880,364.2,32,32,2,1,2,2,4,8,1,16,8,2,1,193,0,"build/shaders_ref","","sweep point (13.3/13.5)"
tt_16_p2_ref,compressor.norm,3.35,8192,2.4,32,32,2,1,2,2,4,8,1,16,8,2,1,193,0,"build/shaders_ref","","sweep point (13.3/13.5)"
tt_16_p2_ref,compressor.store,6.91,3072,0.4,32,32,2,1,2,2,4,8,1,16,8,2,1,193,0,"build/shaders_ref","","sweep point (13.3/13.5)"
tt_16_p2_ref,indexer.wq_b,15.35,5248000,341.9,32,32,2,1,2,2,4,8,1,16,8,2,1,193,0,"build/shaders_ref","","sweep point (13.3/13.5)"
tt_16_p2_ref,indexer.q_finish,9.70,24576,2.5,32,32,2,1,2,2,4,8,1,16,8,2,1,193,0,"build/shaders_ref","","sweep point (13.3/13.5)"
tt_16_p2_ref,indexer.key,18.05,131072,7.3,32,32,2,1,2,2,4,8,1,16,8,2,1,193,0,"build/shaders_ref","","sweep point (13.3/13.5)"
tt_16_p2_ref,indexer.weights,21.73,327680,15.1,32,32,2,1,2,2,4,8,1,16,8,2,1,193,0,"build/shaders_ref","","sweep point (13.3/13.5)"
tt_16_p2_ref,indexer.score,16.16,16640,1.0,32,32,2,1,2,2,4,8,1,16,8,2,1,193,0,"build/shaders_ref","","sweep point (13.3/13.5)"
tt_16_p2_ref,indexer.topk,0.79,260,0.3,32,32,2,1,2,2,4,8,1,16,8,2,1,193,0,"build/shaders_ref","","sweep point (13.3/13.5)"
tt_16_p4_ref,mega_mhc.post,2.34,163840,70.0,32,32,2,1,2,2,4,8,1,16,8,4,1,193,0,"build/shaders_ref","","sweep point (13.3/13.5)"
tt_16_p4_ref,mega_mhc.mix,5.36,1966080,367.1,32,32,2,1,2,2,4,8,1,16,8,4,1,193,0,"build/shaders_ref","","sweep point (13.3/13.5)"
tt_16_p4_ref,mega_mhc.final,3.11,40960,13.2,32,32,2,1,2,2,4,8,1,16,8,4,1,193,0,"build/shaders_ref","","sweep point (13.3/13.5)"
tt_16_p4_ref,wq_a,38.02,6560000,172.6,32,32,2,1,2,2,4,8,1,16,8,4,1,193,0,"build/shaders_ref","","sweep point (13.3/13.5)"
tt_16_p4_ref,wq_b,192.90,41984000,217.7,32,32,2,1,2,2,4,8,1,16,8,4,1,193,0,"build/shaders_ref","","sweep point (13.3/13.5)"
tt_16_p4_ref,wkv.gemv,9.50,2624000,276.2,32,32,2,1,2,2,4,8,1,16,8,4,1,193,0,"build/shaders_ref","","sweep point (13.3/13.5)"
tt_16_p4_ref,wkv.finish,9.72,2560,0.3,32,32,2,1,2,2,4,8,1,16,8,4,1,193,0,"build/shaders_ref","","sweep point (13.3/13.5)"
tt_16_p4_ref,sparse_attn.score,25.84,134144,5.2,32,32,2,1,2,2,4,8,1,16,8,4,1,193,0,"build/shaders_ref","","sweep point (13.3/13.5)"
tt_16_p4_ref,sparse_attn.combine,27.37,134144,4.9,32,32,2,1,2,2,4,8,1,16,8,4,1,193,0,"build/shaders_ref","","sweep point (13.3/13.5)"
tt_16_p4_ref,sparse_attn_t.score,20.22,134144,6.6,32,32,2,1,2,2,4,8,1,16,8,4,1,193,0,"build/shaders_ref","","sweep point (13.3/13.5)"
tt_16_p4_ref,sparse_attn_t.pv,26.42,134144,5.1,32,32,2,1,2,2,4,8,1,16,8,4,1,193,0,"build/shaders_ref","","sweep point (13.3/13.5)"
tt_16_p4_ref,sparse_attn_t.finish,2.86,524288,183.2,32,32,2,1,2,2,4,8,1,16,8,4,1,193,0,"build/shaders_ref","","sweep point (13.3/13.5)"
tt_16_p4_ref,wo_a,193.98,33587200,173.1,32,32,2,1,2,2,4,8,1,16,8,4,1,193,0,"build/shaders_ref","","sweep point (13.3/13.5)"
tt_16_p4_ref,wo_b,263.18,41984000,159.5,32,32,2,1,2,2,4,8,1,16,8,4,1,193,0,"build/shaders_ref","","sweep point (13.3/13.5)"
tt_16_p4_ref,wq_a.ksplit,34.44,6560000,190.5,32,32,2,1,2,2,4,8,1,16,8,4,1,193,0,"build/shaders_ref","","sweep point (13.3/13.5)"
tt_16_p4_ref,wq_a.kcombine,1.14,10240,9.0,32,32,2,1,2,2,4,8,1,16,8,4,1,193,0,"build/shaders_ref","","sweep point (13.3/13.5)"
tt_16_p4_ref,wo_a.ksplit,161.58,33587200,207.9,32,32,2,1,2,2,4,8,1,16,8,4,1,193,0,"build/shaders_ref","","sweep point (13.3/13.5)"
tt_16_p4_ref,wo_a.kcombine,1.36,131072,96.1,32,32,2,1,2,2,4,8,1,16,8,4,1,193,0,"build/shaders_ref","","sweep point (13.3/13.5)"
tt_16_p4_ref,wo_b.ksplit,204.32,41984000,205.5,32,32,2,1,2,2,4,8,1,16,8,4,1,193,0,"build/shaders_ref","","sweep point (13.3/13.5)"
tt_16_p4_ref,wo_b.kcombine,1.38,163840,119.0,32,32,2,1,2,2,4,8,1,16,8,4,1,193,0,"build/shaders_ref","","sweep point (13.3/13.5)"
tt_16_p4_ref,wkv.ksplit,8.05,2624000,325.9,32,32,2,1,2,2,4,8,1,16,8,4,1,193,0,"build/shaders_ref","","sweep point (13.3/13.5)"
tt_16_p4_ref,wkv.kfinish,9.35,4096,0.4,32,32,2,1,2,2,4,8,1,16,8,4,1,193,0,"build/shaders_ref","","sweep point (13.3/13.5)"
tt_16_p4_ref,gate.score,15.55,3932160,252.9,32,32,2,1,2,2,4,8,1,16,8,4,1,193,0,"build/shaders_ref","","sweep point (13.3/13.5)"
tt_16_p4_ref,gate.topk,12.21,3072,0.3,32,32,2,1,2,2,4,8,1,16,8,4,1,193,0,"build/shaders_ref","","sweep point (13.3/13.5)"
tt_16_p4_ref,head,5648.01,1323827200,234.4,32,32,2,1,2,2,4,8,1,16,8,4,1,193,0,"build/shaders_ref","","sweep point (13.3/13.5)"
tt_16_p4_ref,compressor.wkv,14.48,5242880,362.0,32,32,2,1,2,2,4,8,1,16,8,4,1,193,0,"build/shaders_ref","","sweep point (13.3/13.5)"
tt_16_p4_ref,compressor.wgate,14.36,5242880,365.1,32,32,2,1,2,2,4,8,1,16,8,4,1,193,0,"build/shaders_ref","","sweep point (13.3/13.5)"
tt_16_p4_ref,compressor.norm,3.35,8192,2.4,32,32,2,1,2,2,4,8,1,16,8,4,1,193,0,"build/shaders_ref","","sweep point (13.3/13.5)"
tt_16_p4_ref,compressor.store,6.90,3072,0.4,32,32,2,1,2,2,4,8,1,16,8,4,1,193,0,"build/shaders_ref","","sweep point (13.3/13.5)"
tt_16_p4_ref,indexer.wq_b,15.29,5248000,343.3,32,32,2,1,2,2,4,8,1,16,8,4,1,193,0,"build/shaders_ref","","sweep point (13.3/13.5)"
tt_16_p4_ref,indexer.q_finish,9.68,24576,2.5,32,32,2,1,2,2,4,8,1,16,8,4,1,193,0,"build/shaders_ref","","sweep point (13.3/13.5)"
tt_16_p4_ref,indexer.key,18.44,131072,7.1,32,32,2,1,2,2,4,8,1,16,8,4,1,193,0,"build/shaders_ref","","sweep point (13.3/13.5)"
tt_16_p4_ref,indexer.weights,21.76,327680,15.1,32,32,2,1,2,2,4,8,1,16,8,4,1,193,0,"build/shaders_ref","","sweep point (13.3/13.5)"
tt_16_p4_ref,indexer.score,16.16,16640,1.0,32,32,2,1,2,2,4,8,1,16,8,4,1,193,0,"build/shaders_ref","","sweep point (13.3/13.5)"
tt_16_p4_ref,indexer.topk,0.78,260,0.3,32,32,2,1,2,2,4,8,1,16,8,4,1,193,0,"build/shaders_ref","","sweep point (13.3/13.5)"
tt_32_p1_ref,mega_mhc.post,2.34,163840,70.0,32,32,2,1,2,2,4,8,1,32,8,1,1,193,0,"build/shaders_ref","","sweep point (13.3/13.5)"
tt_32_p1_ref,mega_mhc.mix,5.33,1966080,368.9,32,32,2,1,2,2,4,8,1,32,8,1,1,193,0,"build/shaders_ref","","sweep point (13.3/13.5)"
tt_32_p1_ref,mega_mhc.final,3.11,40960,13.2,32,32,2,1,2,2,4,8,1,32,8,1,1,193,0,"build/shaders_ref","","sweep point (13.3/13.5)"
tt_32_p1_ref,wq_a,37.58,6560000,174.6,32,32,2,1,2,2,4,8,1,32,8,1,1,193,0,"build/shaders_ref","","sweep point (13.3/13.5)"
tt_32_p1_ref,wq_b,193.10,41984000,217.4,32,32,2,1,2,2,4,8,1,32,8,1,1,193,0,"build/shaders_ref","","sweep point (13.3/13.5)"
tt_32_p1_ref,wkv.gemv,9.46,2624000,277.3,32,32,2,1,2,2,4,8,1,32,8,1,1,193,0,"build/shaders_ref","","sweep point (13.3/13.5)"
tt_32_p1_ref,wkv.finish,9.63,2560,0.3,32,32,2,1,2,2,4,8,1,32,8,1,1,193,0,"build/shaders_ref","","sweep point (13.3/13.5)"
tt_32_p1_ref,sparse_attn.score,25.88,134144,5.2,32,32,2,1,2,2,4,8,1,32,8,1,1,193,0,"build/shaders_ref","","sweep point (13.3/13.5)"
tt_32_p1_ref,sparse_attn.combine,27.04,134144,5.0,32,32,2,1,2,2,4,8,1,32,8,1,1,193,0,"build/shaders_ref","","sweep point (13.3/13.5)"
tt_32_p1_ref,sparse_attn_t.score,16.66,134144,8.1,32,32,2,1,2,2,4,8,1,32,8,1,1,193,0,"build/shaders_ref","","sweep point (13.3/13.5)"
tt_32_p1_ref,sparse_attn_t.pv,25.89,134144,5.2,32,32,2,1,2,2,4,8,1,32,8,1,1,193,0,"build/shaders_ref","","sweep point (13.3/13.5)"
tt_32_p1_ref,wo_a,195.15,33587200,172.1,32,32,2,1,2,2,4,8,1,32,8,1,1,193,0,"build/shaders_ref","","sweep point (13.3/13.5)"
tt_32_p1_ref,wo_b,261.23,41984000,160.7,32,32,2,1,2,2,4,8,1,32,8,1,1,193,0,"build/shaders_ref","","sweep point (13.3/13.5)"
tt_32_p1_ref,wq_a.ksplit,34.69,6560000,189.1,32,32,2,1,2,2,4,8,1,32,8,1,1,193,0,"build/shaders_ref","","sweep point (13.3/13.5)"
tt_32_p1_ref,wq_a.kcombine,1.15,10240,8.9,32,32,2,1,2,2,4,8,1,32,8,1,1,193,0,"build/shaders_ref","","sweep point (13.3/13.5)"
tt_32_p1_ref,wo_a.ksplit,161.14,33587200,208.4,32,32,2,1,2,2,4,8,1,32,8,1,1,193,0,"build/shaders_ref","","sweep point (13.3/13.5)"
tt_32_p1_ref,wo_a.kcombine,1.34,131072,98.1,32,32,2,1,2,2,4,8,1,32,8,1,1,193,0,"build/shaders_ref","","sweep point (13.3/13.5)"
tt_32_p1_ref,wo_b.ksplit,204.27,41984000,205.5,32,32,2,1,2,2,4,8,1,32,8,1,1,193,0,"build/shaders_ref","","sweep point (13.3/13.5)"
tt_32_p1_ref,wo_b.kcombine,1.37,163840,119.4,32,32,2,1,2,2,4,8,1,32,8,1,1,193,0,"build/shaders_ref","","sweep point (13.3/13.5)"
tt_32_p1_ref,wkv.ksplit,7.99,2624000,328.4,32,32,2,1,2,2,4,8,1,32,8,1,1,193,0,"build/shaders_ref","","sweep point (13.3/13.5)"
tt_32_p1_ref,wkv.kfinish,9.27,4096,0.4,32,32,2,1,2,2,4,8,1,32,8,1,1,193,0,"build/shaders_ref","","sweep point (13.3/13.5)"
tt_32_p1_ref,gate.score,15.58,3932160,252.5,32,32,2,1,2,2,4,8,1,32,8,1,1,193,0,"build/shaders_ref","","sweep point (13.3/13.5)"
tt_32_p1_ref,gate.topk,11.82,3072,0.3,32,32,2,1,2,2,4,8,1,32,8,1,1,193,0,"build/shaders_ref","","sweep point (13.3/13.5)"
tt_32_p1_ref,head,5652.41,1323827200,234.2,32,32,2,1,2,2,4,8,1,32,8,1,1,193,0,"build/shaders_ref","","sweep point (13.3/13.5)"
tt_32_p1_ref,compressor.wkv,14.99,5242880,349.7,32,32,2,1,2,2,4,8,1,32,8,1,1,193,0,"build/shaders_ref","","sweep point (13.3/13.5)"
tt_32_p1_ref,compressor.wgate,14.38,5242880,364.5,32,32,2,1,2,2,4,8,1,32,8,1,1,193,0,"build/shaders_ref","","sweep point (13.3/13.5)"
tt_32_p1_ref,compressor.norm,3.34,8192,2.5,32,32,2,1,2,2,4,8,1,32,8,1,1,193,0,"build/shaders_ref","","sweep point (13.3/13.5)"
tt_32_p1_ref,compressor.store,6.90,3072,0.4,32,32,2,1,2,2,4,8,1,32,8,1,1,193,0,"build/shaders_ref","","sweep point (13.3/13.5)"
tt_32_p1_ref,indexer.wq_b,15.44,5248000,339.8,32,32,2,1,2,2,4,8,1,32,8,1,1,193,0,"build/shaders_ref","","sweep point (13.3/13.5)"
tt_32_p1_ref,indexer.q_finish,9.76,24576,2.5,32,32,2,1,2,2,4,8,1,32,8,1,1,193,0,"build/shaders_ref","","sweep point (13.3/13.5)"
tt_32_p1_ref,indexer.key,18.08,131072,7.3,32,32,2,1,2,2,4,8,1,32,8,1,1,193,0,"build/shaders_ref","","sweep point (13.3/13.5)"
tt_32_p1_ref,indexer.weights,21.91,327680,15.0,32,32,2,1,2,2,4,8,1,32,8,1,1,193,0,"build/shaders_ref","","sweep point (13.3/13.5)"
tt_32_p1_ref,indexer.score,16.18,16640,1.0,32,32,2,1,2,2,4,8,1,32,8,1,1,193,0,"build/shaders_ref","","sweep point (13.3/13.5)"
tt_32_p1_ref,indexer.topk,0.79,260,0.3,32,32,2,1,2,2,4,8,1,32,8,1,1,193,0,"build/shaders_ref","","sweep point (13.3/13.5)"
tt_32_p1b,mega_mhc.post,2.34,163840,69.9,32,32,2,1,2,2,4,8,1,32,8,1,1,193,0,"build/shaders_ref","","sweep point (13.3/13.5)"
tt_32_p1b,mega_mhc.mix,5.34,1966080,368.2,32,32,2,1,2,2,4,8,1,32,8,1,1,193,0,"build/shaders_ref","","sweep point (13.3/13.5)"
tt_32_p1b,mega_mhc.final,3.17,40960,12.9,32,32,2,1,2,2,4,8,1,32,8,1,1,193,0,"build/shaders_ref","","sweep point (13.3/13.5)"
tt_32_p1b,wq_a,38.14,6560000,172.0,32,32,2,1,2,2,4,8,1,32,8,1,1,193,0,"build/shaders_ref","","sweep point (13.3/13.5)"
tt_32_p1b,wq_b,194.19,41984000,216.2,32,32,2,1,2,2,4,8,1,32,8,1,1,193,0,"build/shaders_ref","","sweep point (13.3/13.5)"
tt_32_p1b,wkv.gemv,9.60,2624000,273.2,32,32,2,1,2,2,4,8,1,32,8,1,1,193,0,"build/shaders_ref","","sweep point (13.3/13.5)"
tt_32_p1b,wkv.finish,9.96,2560,0.3,32,32,2,1,2,2,4,8,1,32,8,1,1,193,0,"build/shaders_ref","","sweep point (13.3/13.5)"
tt_32_p1b,sparse_attn.score,26.70,134144,5.0,32,32,2,1,2,2,4,8,1,32,8,1,1,193,0,"build/shaders_ref","","sweep point (13.3/13.5)"
tt_32_p1b,sparse_attn.combine,27.59,134144,4.9,32,32,2,1,2,2,4,8,1,32,8,1,1,193,0,"build/shaders_ref","","sweep point (13.3/13.5)"
tt_32_p1b,sparse_attn_t.score,16.58,134144,8.1,32,32,2,1,2,2,4,8,1,32,8,1,1,193,0,"build/shaders_ref","","sweep point (13.3/13.5)"
tt_32_p1b,sparse_attn_t.pv,26.22,134144,5.1,32,32,2,1,2,2,4,8,1,32,8,1,1,193,0,"build/shaders_ref","","sweep point (13.3/13.5)"
tt_32_p1b,wo_a,194.48,33587200,172.7,32,32,2,1,2,2,4,8,1,32,8,1,1,193,0,"build/shaders_ref","","sweep point (13.3/13.5)"
tt_32_p1b,wo_b,261.90,41984000,160.3,32,32,2,1,2,2,4,8,1,32,8,1,1,193,0,"build/shaders_ref","","sweep point (13.3/13.5)"
tt_32_p1b,wq_a.ksplit,34.66,6560000,189.3,32,32,2,1,2,2,4,8,1,32,8,1,1,193,0,"build/shaders_ref","","sweep point (13.3/13.5)"
tt_32_p1b,wq_a.kcombine,1.16,10240,8.9,32,32,2,1,2,2,4,8,1,32,8,1,1,193,0,"build/shaders_ref","","sweep point (13.3/13.5)"
tt_32_p1b,wo_a.ksplit,162.08,33587200,207.2,32,32,2,1,2,2,4,8,1,32,8,1,1,193,0,"build/shaders_ref","","sweep point (13.3/13.5)"
tt_32_p1b,wo_a.kcombine,1.36,131072,96.3,32,32,2,1,2,2,4,8,1,32,8,1,1,193,0,"build/shaders_ref","","sweep point (13.3/13.5)"
tt_32_p1b,wo_b.ksplit,204.59,41984000,205.2,32,32,2,1,2,2,4,8,1,32,8,1,1,193,0,"build/shaders_ref","","sweep point (13.3/13.5)"
tt_32_p1b,wo_b.kcombine,1.40,163840,116.9,32,32,2,1,2,2,4,8,1,32,8,1,1,193,0,"build/shaders_ref","","sweep point (13.3/13.5)"
tt_32_p1b,wkv.ksplit,8.09,2624000,324.2,32,32,2,1,2,2,4,8,1,32,8,1,1,193,0,"build/shaders_ref","","sweep point (13.3/13.5)"
tt_32_p1b,wkv.kfinish,9.44,4096,0.4,32,32,2,1,2,2,4,8,1,32,8,1,1,193,0,"build/shaders_ref","","sweep point (13.3/13.5)"
tt_32_p1b,gate.score,15.63,3932160,251.6,32,32,2,1,2,2,4,8,1,32,8,1,1,193,0,"build/shaders_ref","","sweep point (13.3/13.5)"
tt_32_p1b,gate.topk,12.23,3072,0.3,32,32,2,1,2,2,4,8,1,32,8,1,1,193,0,"build/shaders_ref","","sweep point (13.3/13.5)"
tt_32_p1b,head,5667.87,1323827200,233.6,32,32,2,1,2,2,4,8,1,32,8,1,1,193,0,"build/shaders_ref","","sweep point (13.3/13.5)"
tt_32_p1b,compressor.wkv,14.36,5242880,365.2,32,32,2,1,2,2,4,8,1,32,8,1,1,193,0,"build/shaders_ref","","sweep point (13.3/13.5)"
tt_32_p1b,compressor.wgate,14.33,5242880,365.8,32,32,2,1,2,2,4,8,1,32,8,1,1,193,0,"build/shaders_ref","","sweep point (13.3/13.5)"
tt_32_p1b,compressor.norm,3.33,8192,2.5,32,32,2,1,2,2,4,8,1,32,8,1,1,193,0,"build/shaders_ref","","sweep point (13.3/13.5)"
tt_32_p1b,compressor.store,6.91,3072,0.4,32,32,2,1,2,2,4,8,1,32,8,1,1,193,0,"build/shaders_ref","","sweep point (13.3/13.5)"
tt_32_p1b,indexer.wq_b,15.29,5248000,343.3,32,32,2,1,2,2,4,8,1,32,8,1,1,193,0,"build/shaders_ref","","sweep point (13.3/13.5)"
tt_32_p1b,indexer.q_finish,9.67,24576,2.5,32,32,2,1,2,2,4,8,1,32,8,1,1,193,0,"build/shaders_ref","","sweep point (13.3/13.5)"
tt_32_p1b,indexer.key,18.14,131072,7.2,32,32,2,1,2,2,4,8,1,32,8,1,1,193,0,"build/shaders_ref","","sweep point (13.3/13.5)"
tt_32_p1b,indexer.weights,22.47,327680,14.6,32,32,2,1,2,2,4,8,1,32,8,1,1,193,0,"build/shaders_ref","","sweep point (13.3/13.5)"
tt_32_p1b,indexer.score,16.18,16640,1.0,32,32,2,1,2,2,4,8,1,32,8,1,1,193,0,"build/shaders_ref","","sweep point (13.3/13.5)"
tt_32_p1b,indexer.topk,0.79,260,0.3,32,32,2,1,2,2,4,8,1,32,8,1,1,193,0,"build/shaders_ref","","sweep point (13.3/13.5)"
tt_32_p2_ref,mega_mhc.post,2.34,163840,70.0,32,32,2,1,2,2,4,8,1,32,8,2,1,193,0,"build/shaders_ref","","sweep point (13.3/13.5)"
tt_32_p2_ref,mega_mhc.mix,5.33,1966080,368.9,32,32,2,1,2,2,4,8,1,32,8,2,1,193,0,"build/shaders_ref","","sweep point (13.3/13.5)"
tt_32_p2_ref,mega_mhc.final,3.11,40960,13.2,32,32,2,1,2,2,4,8,1,32,8,2,1,193,0,"build/shaders_ref","","sweep point (13.3/13.5)"
tt_32_p2_ref,wq_a,37.71,6560000,173.9,32,32,2,1,2,2,4,8,1,32,8,2,1,193,0,"build/shaders_ref","","sweep point (13.3/13.5)"
tt_32_p2_ref,wq_b,192.74,41984000,217.8,32,32,2,1,2,2,4,8,1,32,8,2,1,193,0,"build/shaders_ref","","sweep point (13.3/13.5)"
tt_32_p2_ref,wkv.gemv,9.49,2624000,276.4,32,32,2,1,2,2,4,8,1,32,8,2,1,193,0,"build/shaders_ref","","sweep point (13.3/13.5)"
tt_32_p2_ref,wkv.finish,9.76,2560,0.3,32,32,2,1,2,2,4,8,1,32,8,2,1,193,0,"build/shaders_ref","","sweep point (13.3/13.5)"
tt_32_p2_ref,sparse_attn.score,25.86,134144,5.2,32,32,2,1,2,2,4,8,1,32,8,2,1,193,0,"build/shaders_ref","","sweep point (13.3/13.5)"
tt_32_p2_ref,sparse_attn.combine,27.41,134144,4.9,32,32,2,1,2,2,4,8,1,32,8,2,1,193,0,"build/shaders_ref","","sweep point (13.3/13.5)"
tt_32_p2_ref,sparse_attn_t.score,16.89,134144,7.9,32,32,2,1,2,2,4,8,1,32,8,2,1,193,0,"build/shaders_ref","","sweep point (13.3/13.5)"
tt_32_p2_ref,sparse_attn_t.pv,29.29,134144,4.6,32,32,2,1,2,2,4,8,1,32,8,2,1,193,0,"build/shaders_ref","","sweep point (13.3/13.5)"
tt_32_p2_ref,sparse_attn_t.finish,3.00,262144,87.3,32,32,2,1,2,2,4,8,1,32,8,2,1,193,0,"build/shaders_ref","","sweep point (13.3/13.5)"
tt_32_p2_ref,wo_a,193.84,33587200,173.3,32,32,2,1,2,2,4,8,1,32,8,2,1,193,0,"build/shaders_ref","","sweep point (13.3/13.5)"
tt_32_p2_ref,wo_b,261.15,41984000,160.8,32,32,2,1,2,2,4,8,1,32,8,2,1,193,0,"build/shaders_ref","","sweep point (13.3/13.5)"
tt_32_p2_ref,wq_a.ksplit,34.59,6560000,189.7,32,32,2,1,2,2,4,8,1,32,8,2,1,193,0,"build/shaders_ref","","sweep point (13.3/13.5)"
tt_32_p2_ref,wq_a.kcombine,1.16,10240,8.8,32,32,2,1,2,2,4,8,1,32,8,2,1,193,0,"build/shaders_ref","","sweep point (13.3/13.5)"
tt_32_p2_ref,wo_a.ksplit,161.25,33587200,208.3,32,32,2,1,2,2,4,8,1,32,8,2,1,193,0,"build/shaders_ref","","sweep point (13.3/13.5)"
tt_32_p2_ref,wo_a.kcombine,1.35,131072,97.4,32,32,2,1,2,2,4,8,1,32,8,2,1,193,0,"build/shaders_ref","","sweep point (13.3/13.5)"
tt_32_p2_ref,wo_b.ksplit,204.40,41984000,205.4,32,32,2,1,2,2,4,8,1,32,8,2,1,193,0,"build/shaders_ref","","sweep point (13.3/13.5)"
tt_32_p2_ref,wo_b.kcombine,1.39,163840,118.0,32,32,2,1,2,2,4,8,1,32,8,2,1,193,0,"build/shaders_ref","","sweep point (13.3/13.5)"
tt_32_p2_ref,wkv.ksplit,7.98,2624000,328.7,32,32,2,1,2,2,4,8,1,32,8,2,1,193,0,"build/shaders_ref","","sweep point (13.3/13.5)"
tt_32_p2_ref,wkv.kfinish,9.36,4096,0.4,32,32,2,1,2,2,4,8,1,32,8,2,1,193,0,"build/shaders_ref","","sweep point (13.3/13.5)"
tt_32_p2_ref,gate.score,15.57,3932160,252.5,32,32,2,1,2,2,4,8,1,32,8,2,1,193,0,"build/shaders_ref","","sweep point (13.3/13.5)"
tt_32_p2_ref,gate.topk,12.15,3072,0.3,32,32,2,1,2,2,4,8,1,32,8,2,1,193,0,"build/shaders_ref","","sweep point (13.3/13.5)"
tt_32_p2_ref,head,5665.77,1323827200,233.7,32,32,2,1,2,2,4,8,1,32,8,2,1,193,0,"build/shaders_ref","","sweep point (13.3/13.5)"
tt_32_p2_ref,compressor.wkv,15.11,5242880,347.1,32,32,2,1,2,2,4,8,1,32,8,2,1,193,0,"build/shaders_ref","","sweep point (13.3/13.5)"
tt_32_p2_ref,compressor.wgate,14.67,5242880,357.3,32,32,2,1,2,2,4,8,1,32,8,2,1,193,0,"build/shaders_ref","","sweep point (13.3/13.5)"
tt_32_p2_ref,compressor.norm,3.34,8192,2.5,32,32,2,1,2,2,4,8,1,32,8,2,1,193,0,"build/shaders_ref","","sweep point (13.3/13.5)"
tt_32_p2_ref,compressor.store,7.01,3072,0.4,32,32,2,1,2,2,4,8,1,32,8,2,1,193,0,"build/shaders_ref","","sweep point (13.3/13.5)"
tt_32_p2_ref,indexer.wq_b,15.44,5248000,340.0,32,32,2,1,2,2,4,8,1,32,8,2,1,193,0,"build/shaders_ref","","sweep point (13.3/13.5)"
tt_32_p2_ref,indexer.q_finish,9.64,24576,2.6,32,32,2,1,2,2,4,8,1,32,8,2,1,193,0,"build/shaders_ref","","sweep point (13.3/13.5)"
tt_32_p2_ref,indexer.key,18.31,131072,7.2,32,32,2,1,2,2,4,8,1,32,8,2,1,193,0,"build/shaders_ref","","sweep point (13.3/13.5)"
tt_32_p2_ref,indexer.weights,21.74,327680,15.1,32,32,2,1,2,2,4,8,1,32,8,2,1,193,0,"build/shaders_ref","","sweep point (13.3/13.5)"
tt_32_p2_ref,indexer.score,16.19,16640,1.0,32,32,2,1,2,2,4,8,1,32,8,2,1,193,0,"build/shaders_ref","","sweep point (13.3/13.5)"
tt_32_p2_ref,indexer.topk,0.79,260,0.3,32,32,2,1,2,2,4,8,1,32,8,2,1,193,0,"build/shaders_ref","","sweep point (13.3/13.5)"
tt_32_p4_ref,mega_mhc.post,2.34,163840,69.9,32,32,2,1,2,2,4,8,1,32,8,4,1,193,0,"build/shaders_ref","","sweep point (13.3/13.5)"
tt_32_p4_ref,mega_mhc.mix,5.33,1966080,368.5,32,32,2,1,2,2,4,8,1,32,8,4,1,193,0,"build/shaders_ref","","sweep point (13.3/13.5)"
tt_32_p4_ref,mega_mhc.final,3.11,40960,13.2,32,32,2,1,2,2,4,8,1,32,8,4,1,193,0,"build/shaders_ref","","sweep point (13.3/13.5)"
tt_32_p4_ref,wq_a,37.89,6560000,173.1,32,32,2,1,2,2,4,8,1,32,8,4,1,193,0,"build/shaders_ref","","sweep point (13.3/13.5)"
tt_32_p4_ref,wq_b,193.27,41984000,217.2,32,32,2,1,2,2,4,8,1,32,8,4,1,193,0,"build/shaders_ref","","sweep point (13.3/13.5)"
tt_32_p4_ref,wkv.gemv,9.41,2624000,278.8,32,32,2,1,2,2,4,8,1,32,8,4,1,193,0,"build/shaders_ref","","sweep point (13.3/13.5)"
tt_32_p4_ref,wkv.finish,10.09,2560,0.3,32,32,2,1,2,2,4,8,1,32,8,4,1,193,0,"build/shaders_ref","","sweep point (13.3/13.5)"
tt_32_p4_ref,sparse_attn.score,25.68,134144,5.2,32,32,2,1,2,2,4,8,1,32,8,4,1,193,0,"build/shaders_ref","","sweep point (13.3/13.5)"
tt_32_p4_ref,sparse_attn.combine,27.62,134144,4.9,32,32,2,1,2,2,4,8,1,32,8,4,1,193,0,"build/shaders_ref","","sweep point (13.3/13.5)"
tt_32_p4_ref,sparse_attn_t.score,16.80,134144,8.0,32,32,2,1,2,2,4,8,1,32,8,4,1,193,0,"build/shaders_ref","","sweep point (13.3/13.5)"
tt_32_p4_ref,sparse_attn_t.pv,29.52,134144,4.5,32,32,2,1,2,2,4,8,1,32,8,4,1,193,0,"build/shaders_ref","","sweep point (13.3/13.5)"
tt_32_p4_ref,sparse_attn_t.finish,3.56,524288,147.1,32,32,2,1,2,2,4,8,1,32,8,4,1,193,0,"build/shaders_ref","","sweep point (13.3/13.5)"
tt_32_p4_ref,wo_a,196.53,33587200,170.9,32,32,2,1,2,2,4,8,1,32,8,4,1,193,0,"build/shaders_ref","","sweep point (13.3/13.5)"
tt_32_p4_ref,wo_b,262.47,41984000,160.0,32,32,2,1,2,2,4,8,1,32,8,4,1,193,0,"build/shaders_ref","","sweep point (13.3/13.5)"
tt_32_p4_ref,wq_a.ksplit,34.44,6560000,190.5,32,32,2,1,2,2,4,8,1,32,8,4,1,193,0,"build/shaders_ref","","sweep point (13.3/13.5)"
tt_32_p4_ref,wq_a.kcombine,1.15,10240,8.9,32,32,2,1,2,2,4,8,1,32,8,4,1,193,0,"build/shaders_ref","","sweep point (13.3/13.5)"
tt_32_p4_ref,wo_a.ksplit,161.89,33587200,207.5,32,32,2,1,2,2,4,8,1,32,8,4,1,193,0,"build/shaders_ref","","sweep point (13.3/13.5)"
tt_32_p4_ref,wo_a.kcombine,1.37,131072,95.9,32,32,2,1,2,2,4,8,1,32,8,4,1,193,0,"build/shaders_ref","","sweep point (13.3/13.5)"
tt_32_p4_ref,wo_b.ksplit,204.81,41984000,205.0,32,32,2,1,2,2,4,8,1,32,8,4,1,193,0,"build/shaders_ref","","sweep point (13.3/13.5)"
tt_32_p4_ref,wo_b.kcombine,1.39,163840,117.8,32,32,2,1,2,2,4,8,1,32,8,4,1,193,0,"build/shaders_ref","","sweep point (13.3/13.5)"
tt_32_p4_ref,wkv.ksplit,8.13,2624000,322.8,32,32,2,1,2,2,4,8,1,32,8,4,1,193,0,"build/shaders_ref","","sweep point (13.3/13.5)"
tt_32_p4_ref,wkv.kfinish,9.26,4096,0.4,32,32,2,1,2,2,4,8,1,32,8,4,1,193,0,"build/shaders_ref","","sweep point (13.3/13.5)"
tt_32_p4_ref,gate.score,15.53,3932160,253.3,32,32,2,1,2,2,4,8,1,32,8,4,1,193,0,"build/shaders_ref","","sweep point (13.3/13.5)"
tt_32_p4_ref,gate.topk,11.98,3072,0.3,32,32,2,1,2,2,4,8,1,32,8,4,1,193,0,"build/shaders_ref","","sweep point (13.3/13.5)"
tt_32_p4_ref,head,5664.33,1323827200,233.7,32,32,2,1,2,2,4,8,1,32,8,4,1,193,0,"build/shaders_ref","","sweep point (13.3/13.5)"
tt_32_p4_ref,compressor.wkv,15.18,5242880,345.3,32,32,2,1,2,2,4,8,1,32,8,4,1,193,0,"build/shaders_ref","","sweep point (13.3/13.5)"
tt_32_p4_ref,compressor.wgate,15.10,5242880,347.2,32,32,2,1,2,2,4,8,1,32,8,4,1,193,0,"build/shaders_ref","","sweep point (13.3/13.5)"
tt_32_p4_ref,compressor.norm,3.41,8192,2.4,32,32,2,1,2,2,4,8,1,32,8,4,1,193,0,"build/shaders_ref","","sweep point (13.3/13.5)"
tt_32_p4_ref,compressor.store,6.90,3072,0.4,32,32,2,1,2,2,4,8,1,32,8,4,1,193,0,"build/shaders_ref","","sweep point (13.3/13.5)"
tt_32_p4_ref,indexer.wq_b,15.41,5248000,340.4,32,32,2,1,2,2,4,8,1,32,8,4,1,193,0,"build/shaders_ref","","sweep point (13.3/13.5)"
tt_32_p4_ref,indexer.q_finish,9.79,24576,2.5,32,32,2,1,2,2,4,8,1,32,8,4,1,193,0,"build/shaders_ref","","sweep point (13.3/13.5)"
tt_32_p4_ref,indexer.key,18.24,131072,7.2,32,32,2,1,2,2,4,8,1,32,8,4,1,193,0,"build/shaders_ref","","sweep point (13.3/13.5)"
tt_32_p4_ref,indexer.weights,21.72,327680,15.1,32,32,2,1,2,2,4,8,1,32,8,4,1,193,0,"build/shaders_ref","","sweep point (13.3/13.5)"
tt_32_p4_ref,indexer.score,16.18,16640,1.0,32,32,2,1,2,2,4,8,1,32,8,4,1,193,0,"build/shaders_ref","","sweep point (13.3/13.5)"
tt_32_p4_ref,indexer.topk,0.79,260,0.3,32,32,2,1,2,2,4,8,1,32,8,4,1,193,0,"build/shaders_ref","","sweep point (13.3/13.5)"
tt_4_p1,mega_mhc.post,2.34,163840,70.0,32,32,2,1,2,2,4,8,1,4,8,1,1,193,0,"build/shaders_ref","","sweep point (13.3/13.5)"
tt_4_p1,mega_mhc.mix,5.33,1966080,368.9,32,32,2,1,2,2,4,8,1,4,8,1,1,193,0,"build/shaders_ref","","sweep point (13.3/13.5)"
tt_4_p1,mega_mhc.final,3.11,40960,13.2,32,32,2,1,2,2,4,8,1,4,8,1,1,193,0,"build/shaders_ref","","sweep point (13.3/13.5)"
tt_4_p1,wq_a,37.87,6560000,173.2,32,32,2,1,2,2,4,8,1,4,8,1,1,193,0,"build/shaders_ref","","sweep point (13.3/13.5)"
tt_4_p1,wq_b,194.21,41984000,216.2,32,32,2,1,2,2,4,8,1,4,8,1,1,193,0,"build/shaders_ref","","sweep point (13.3/13.5)"
tt_4_p1,wkv.gemv,9.56,2624000,274.6,32,32,2,1,2,2,4,8,1,4,8,1,1,193,0,"build/shaders_ref","","sweep point (13.3/13.5)"
tt_4_p1,wkv.finish,9.78,2560,0.3,32,32,2,1,2,2,4,8,1,4,8,1,1,193,0,"build/shaders_ref","","sweep point (13.3/13.5)"
tt_4_p1,sparse_attn.score,27.10,134144,5.0,32,32,2,1,2,2,4,8,1,4,8,1,1,193,0,"build/shaders_ref","","sweep point (13.3/13.5)"
tt_4_p1,sparse_attn.combine,27.83,134144,4.8,32,32,2,1,2,2,4,8,1,4,8,1,1,193,0,"build/shaders_ref","","sweep point (13.3/13.5)"
tt_4_p1,sparse_attn_t.score,28.00,134144,4.8,32,32,2,1,2,2,4,8,1,4,8,1,1,193,0,"build/shaders_ref","","sweep point (13.3/13.5)"
tt_4_p1,sparse_attn_t.pv,23.17,134144,5.8,32,32,2,1,2,2,4,8,1,4,8,1,1,193,0,"build/shaders_ref","","sweep point (13.3/13.5)"
tt_4_p1,wo_a,194.75,33587200,172.5,32,32,2,1,2,2,4,8,1,4,8,1,1,193,0,"build/shaders_ref","","sweep point (13.3/13.5)"
tt_4_p1,wo_b,262.78,41984000,159.8,32,32,2,1,2,2,4,8,1,4,8,1,1,193,0,"build/shaders_ref","","sweep point (13.3/13.5)"
tt_4_p1,wq_a.ksplit,34.66,6560000,189.3,32,32,2,1,2,2,4,8,1,4,8,1,1,193,0,"build/shaders_ref","","sweep point (13.3/13.5)"
tt_4_p1,wq_a.kcombine,1.14,10240,9.0,32,32,2,1,2,2,4,8,1,4,8,1,1,193,0,"build/shaders_ref","","sweep point (13.3/13.5)"
tt_4_p1,wo_a.ksplit,161.71,33587200,207.7,32,32,2,1,2,2,4,8,1,4,8,1,1,193,0,"build/shaders_ref","","sweep point (13.3/13.5)"
tt_4_p1,wo_a.kcombine,1.35,131072,97.0,32,32,2,1,2,2,4,8,1,4,8,1,1,193,0,"build/shaders_ref","","sweep point (13.3/13.5)"
tt_4_p1,wo_b.ksplit,204.76,41984000,205.0,32,32,2,1,2,2,4,8,1,4,8,1,1,193,0,"build/shaders_ref","","sweep point (13.3/13.5)"
tt_4_p1,wo_b.kcombine,1.41,163840,115.8,32,32,2,1,2,2,4,8,1,4,8,1,1,193,0,"build/shaders_ref","","sweep point (13.3/13.5)"
tt_4_p1,wkv.ksplit,8.14,2624000,322.3,32,32,2,1,2,2,4,8,1,4,8,1,1,193,0,"build/shaders_ref","","sweep point (13.3/13.5)"
tt_4_p1,wkv.kfinish,9.74,4096,0.4,32,32,2,1,2,2,4,8,1,4,8,1,1,193,0,"build/shaders_ref","","sweep point (13.3/13.5)"
tt_4_p1,gate.score,15.75,3932160,249.7,32,32,2,1,2,2,4,8,1,4,8,1,1,193,0,"build/shaders_ref","","sweep point (13.3/13.5)"
tt_4_p1,gate.topk,12.03,3072,0.3,32,32,2,1,2,2,4,8,1,4,8,1,1,193,0,"build/shaders_ref","","sweep point (13.3/13.5)"
tt_4_p1,head,5661.42,1323827200,233.8,32,32,2,1,2,2,4,8,1,4,8,1,1,193,0,"build/shaders_ref","","sweep point (13.3/13.5)"
tt_4_p1,compressor.wkv,14.26,5242880,367.7,32,32,2,1,2,2,4,8,1,4,8,1,1,193,0,"build/shaders_ref","","sweep point (13.3/13.5)"
tt_4_p1,compressor.wgate,14.20,5242880,369.3,32,32,2,1,2,2,4,8,1,4,8,1,1,193,0,"build/shaders_ref","","sweep point (13.3/13.5)"
tt_4_p1,compressor.norm,3.29,8192,2.5,32,32,2,1,2,2,4,8,1,4,8,1,1,193,0,"build/shaders_ref","","sweep point (13.3/13.5)"
tt_4_p1,compressor.store,6.84,3072,0.4,32,32,2,1,2,2,4,8,1,4,8,1,1,193,0,"build/shaders_ref","","sweep point (13.3/13.5)"
tt_4_p1,indexer.wq_b,15.37,5248000,341.4,32,32,2,1,2,2,4,8,1,4,8,1,1,193,0,"build/shaders_ref","","sweep point (13.3/13.5)"
tt_4_p1,indexer.q_finish,9.62,24576,2.6,32,32,2,1,2,2,4,8,1,4,8,1,1,193,0,"build/shaders_ref","","sweep point (13.3/13.5)"
tt_4_p1,indexer.key,17.97,131072,7.3,32,32,2,1,2,2,4,8,1,4,8,1,1,193,0,"build/shaders_ref","","sweep point (13.3/13.5)"
tt_4_p1,indexer.weights,22.33,327680,14.7,32,32,2,1,2,2,4,8,1,4,8,1,1,193,0,"build/shaders_ref","","sweep point (13.3/13.5)"
tt_4_p1,indexer.score,16.16,16640,1.0,32,32,2,1,2,2,4,8,1,4,8,1,1,193,0,"build/shaders_ref","","sweep point (13.3/13.5)"
tt_4_p1,indexer.topk,0.79,260,0.3,32,32,2,1,2,2,4,8,1,4,8,1,1,193,0,"build/shaders_ref","","sweep point (13.3/13.5)"
tt_64_p1,mega_mhc.post,2.34,163840,69.9,32,32,2,1,2,2,4,8,1,64,8,1,1,193,0,"build/shaders_ref","","sweep point (13.3/13.5)"
tt_64_p1,mega_mhc.mix,5.36,1966080,366.8,32,32,2,1,2,2,4,8,1,64,8,1,1,193,0,"build/shaders_ref","","sweep point (13.3/13.5)"
tt_64_p1,mega_mhc.final,3.11,40960,13.2,32,32,2,1,2,2,4,8,1,64,8,1,1,193,0,"build/shaders_ref","","sweep point (13.3/13.5)"
tt_64_p1,wq_a,37.82,6560000,173.5,32,32,2,1,2,2,4,8,1,64,8,1,1,193,0,"build/shaders_ref","","sweep point (13.3/13.5)"
tt_64_p1,wq_b,193.71,41984000,216.7,32,32,2,1,2,2,4,8,1,64,8,1,1,193,0,"build/shaders_ref","","sweep point (13.3/13.5)"
tt_64_p1,wkv.gemv,9.51,2624000,275.8,32,32,2,1,2,2,4,8,1,64,8,1,1,193,0,"build/shaders_ref","","sweep point (13.3/13.5)"
tt_64_p1,wkv.finish,9.82,2560,0.3,32,32,2,1,2,2,4,8,1,64,8,1,1,193,0,"build/shaders_ref","","sweep point (13.3/13.5)"
tt_64_p1,sparse_attn.score,26.35,134144,5.1,32,32,2,1,2,2,4,8,1,64,8,1,1,193,0,"build/shaders_ref","","sweep point (13.3/13.5)"
tt_64_p1,sparse_attn.combine,27.68,134144,4.8,32,32,2,1,2,2,4,8,1,64,8,1,1,193,0,"build/shaders_ref","","sweep point (13.3/13.5)"
tt_64_p1,sparse_attn_t.score,29.35,134144,4.6,32,32,2,1,2,2,4,8,1,64,8,1,1,193,0,"build/shaders_ref","","sweep point (13.3/13.5)"
tt_64_p1,sparse_attn_t.pv,26.71,134144,5.0,32,32,2,1,2,2,4,8,1,64,8,1,1,193,0,"build/shaders_ref","","sweep point (13.3/13.5)"
tt_64_p1,wo_a,195.49,33587200,171.8,32,32,2,1,2,2,4,8,1,64,8,1,1,193,0,"build/shaders_ref","","sweep point (13.3/13.5)"
tt_64_p1,wo_b,263.49,41984000,159.3,32,32,2,1,2,2,4,8,1,64,8,1,1,193,0,"build/shaders_ref","","sweep point (13.3/13.5)"
tt_64_p1,wq_a.ksplit,34.58,6560000,189.7,32,32,2,1,2,2,4,8,1,64,8,1,1,193,0,"build/shaders_ref","","sweep point (13.3/13.5)"
tt_64_p1,wq_a.kcombine,1.13,10240,9.0,32,32,2,1,2,2,4,8,1,64,8,1,1,193,0,"build/shaders_ref","","sweep point (13.3/13.5)"
tt_64_p1,wo_a.ksplit,161.92,33587200,207.4,32,32,2,1,2,2,4,8,1,64,8,1,1,193,0,"build/shaders_ref","","sweep point (13.3/13.5)"
tt_64_p1,wo_a.kcombine,1.37,131072,95.4,32,32,2,1,2,2,4,8,1,64,8,1,1,193,0,"build/shaders_ref","","sweep point (13.3/13.5)"
tt_64_p1,wo_b.ksplit,204.82,41984000,205.0,32,32,2,1,2,2,4,8,1,64,8,1,1,193,0,"build/shaders_ref","","sweep point (13.3/13.5)"
tt_64_p1,wo_b.kcombine,1.43,163840,114.6,32,32,2,1,2,2,4,8,1,64,8,1,1,193,0,"build/shaders_ref","","sweep point (13.3/13.5)"
tt_64_p1,wkv.ksplit,8.05,2624000,325.8,32,32,2,1,2,2,4,8,1,64,8,1,1,193,0,"build/shaders_ref","","sweep point (13.3/13.5)"
tt_64_p1,wkv.kfinish,9.45,4096,0.4,32,32,2,1,2,2,4,8,1,64,8,1,1,193,0,"build/shaders_ref","","sweep point (13.3/13.5)"
tt_64_p1,gate.score,15.79,3932160,248.9,32,32,2,1,2,2,4,8,1,64,8,1,1,193,0,"build/shaders_ref","","sweep point (13.3/13.5)"
tt_64_p1,gate.topk,12.11,3072,0.3,32,32,2,1,2,2,4,8,1,64,8,1,1,193,0,"build/shaders_ref","","sweep point (13.3/13.5)"
tt_64_p1,head,5652.93,1323827200,234.2,32,32,2,1,2,2,4,8,1,64,8,1,1,193,0,"build/shaders_ref","","sweep point (13.3/13.5)"
tt_64_p1,compressor.wkv,14.36,5242880,365.1,32,32,2,1,2,2,4,8,1,64,8,1,1,193,0,"build/shaders_ref","","sweep point (13.3/13.5)"
tt_64_p1,compressor.wgate,14.27,5242880,367.5,32,32,2,1,2,2,4,8,1,64,8,1,1,193,0,"build/shaders_ref","","sweep point (13.3/13.5)"
tt_64_p1,compressor.norm,3.31,8192,2.5,32,32,2,1,2,2,4,8,1,64,8,1,1,193,0,"build/shaders_ref","","sweep point (13.3/13.5)"
tt_64_p1,compressor.store,6.81,3072,0.5,32,32,2,1,2,2,4,8,1,64,8,1,1,193,0,"build/shaders_ref","","sweep point (13.3/13.5)"
tt_64_p1,indexer.wq_b,15.16,5248000,346.2,32,32,2,1,2,2,4,8,1,64,8,1,1,193,0,"build/shaders_ref","","sweep point (13.3/13.5)"
tt_64_p1,indexer.q_finish,9.63,24576,2.6,32,32,2,1,2,2,4,8,1,64,8,1,1,193,0,"build/shaders_ref","","sweep point (13.3/13.5)"
tt_64_p1,indexer.key,18.06,131072,7.3,32,32,2,1,2,2,4,8,1,64,8,1,1,193,0,"build/shaders_ref","","sweep point (13.3/13.5)"
tt_64_p1,indexer.weights,22.37,327680,14.6,32,32,2,1,2,2,4,8,1,64,8,1,1,193,0,"build/shaders_ref","","sweep point (13.3/13.5)"
tt_64_p1,indexer.score,16.17,16640,1.0,32,32,2,1,2,2,4,8,1,64,8,1,1,193,0,"build/shaders_ref","","sweep point (13.3/13.5)"
tt_64_p1,indexer.topk,0.79,260,0.3,32,32,2,1,2,2,4,8,1,64,8,1,1,193,0,"build/shaders_ref","","sweep point (13.3/13.5)"
tt_8_p1_ref,mega_mhc.post,2.27,163840,72.2,32,32,2,1,2,2,4,8,1,8,8,1,1,193,0,"build/shaders_ref","","sweep point (13.3/13.5)"
tt_8_p1_ref,mega_mhc.mix,5.14,1966080,382.6,32,32,2,1,2,2,4,8,1,8,8,1,1,193,0,"build/shaders_ref","","sweep point (13.3/13.5)"
tt_8_p1_ref,mega_mhc.final,3.08,40960,13.3,32,32,2,1,2,2,4,8,1,8,8,1,1,193,0,"build/shaders_ref","","sweep point (13.3/13.5)"
tt_8_p1_ref,wq_a,37.95,6560000,172.9,32,32,2,1,2,2,4,8,1,8,8,1,1,193,0,"build/shaders_ref","","sweep point (13.3/13.5)"
tt_8_p1_ref,wq_b,198.58,41984000,211.4,32,32,2,1,2,2,4,8,1,8,8,1,1,193,0,"build/shaders_ref","","sweep point (13.3/13.5)"
tt_8_p1_ref,wkv.gemv,10.04,2624000,261.3,32,32,2,1,2,2,4,8,1,8,8,1,1,193,0,"build/shaders_ref","","sweep point (13.3/13.5)"
tt_8_p1_ref,wkv.finish,10.38,2560,0.2,32,32,2,1,2,2,4,8,1,8,8,1,1,193,0,"build/shaders_ref","","sweep point (13.3/13.5)"
tt_8_p1_ref,sparse_attn.score,27.20,134144,4.9,32,32,2,1,2,2,4,8,1,8,8,1,1,193,0,"build/shaders_ref","","sweep point (13.3/13.5)"
tt_8_p1_ref,sparse_attn.combine,27.43,134144,4.9,32,32,2,1,2,2,4,8,1,8,8,1,1,193,0,"build/shaders_ref","","sweep point (13.3/13.5)"
tt_8_p1_ref,sparse_attn_t.score,18.60,134144,7.2,32,32,2,1,2,2,4,8,1,8,8,1,1,193,0,"build/shaders_ref","","sweep point (13.3/13.5)"
tt_8_p1_ref,sparse_attn_t.pv,25.10,134144,5.3,32,32,2,1,2,2,4,8,1,8,8,1,1,193,0,"build/shaders_ref","","sweep point (13.3/13.5)"
tt_8_p1_ref,wo_a,196.44,33587200,171.0,32,32,2,1,2,2,4,8,1,8,8,1,1,193,0,"build/shaders_ref","","sweep point (13.3/13.5)"
tt_8_p1_ref,wo_b,263.71,41984000,159.2,32,32,2,1,2,2,4,8,1,8,8,1,1,193,0,"build/shaders_ref","","sweep point (13.3/13.5)"
tt_8_p1_ref,wq_a.ksplit,34.91,6560000,187.9,32,32,2,1,2,2,4,8,1,8,8,1,1,193,0,"build/shaders_ref","","sweep point (13.3/13.5)"
tt_8_p1_ref,wq_a.kcombine,1.19,10240,8.6,32,32,2,1,2,2,4,8,1,8,8,1,1,193,0,"build/shaders_ref","","sweep point (13.3/13.5)"
tt_8_p1_ref,wo_a.ksplit,161.73,33587200,207.7,32,32,2,1,2,2,4,8,1,8,8,1,1,193,0,"build/shaders_ref","","sweep point (13.3/13.5)"
tt_8_p1_ref,wo_a.kcombine,1.46,131072,89.7,32,32,2,1,2,2,4,8,1,8,8,1,1,193,0,"build/shaders_ref","","sweep point (13.3/13.5)"
tt_8_p1_ref,wo_b.ksplit,204.63,41984000,205.2,32,32,2,1,2,2,4,8,1,8,8,1,1,193,0,"build/shaders_ref","","sweep point (13.3/13.5)"
tt_8_p1_ref,wo_b.kcombine,1.47,163840,111.7,32,32,2,1,2,2,4,8,1,8,8,1,1,193,0,"build/shaders_ref","","sweep point (13.3/13.5)"
tt_8_p1_ref,wkv.ksplit,8.44,2624000,310.8,32,32,2,1,2,2,4,8,1,8,8,1,1,193,0,"build/shaders_ref","","sweep point (13.3/13.5)"
tt_8_p1_ref,wkv.kfinish,9.85,4096,0.4,32,32,2,1,2,2,4,8,1,8,8,1,1,193,0,"build/shaders_ref","","sweep point (13.3/13.5)"
tt_8_p1_ref,gate.score,15.92,3932160,247.1,32,32,2,1,2,2,4,8,1,8,8,1,1,193,0,"build/shaders_ref","","sweep point (13.3/13.5)"
tt_8_p1_ref,gate.topk,12.48,3072,0.2,32,32,2,1,2,2,4,8,1,8,8,1,1,193,0,"build/shaders_ref","","sweep point (13.3/13.5)"
tt_8_p1_ref,head,5670.25,1323827200,233.5,32,32,2,1,2,2,4,8,1,8,8,1,1,193,0,"build/shaders_ref","","sweep point (13.3/13.5)"
tt_8_p1_ref,compressor.wkv,14.26,5242880,367.7,32,32,2,1,2,2,4,8,1,8,8,1,1,193,0,"build/shaders_ref","","sweep point (13.3/13.5)"
tt_8_p1_ref,compressor.wgate,14.22,5242880,368.8,32,32,2,1,2,2,4,8,1,8,8,1,1,193,0,"build/shaders_ref","","sweep point (13.3/13.5)"
tt_8_p1_ref,compressor.norm,3.30,8192,2.5,32,32,2,1,2,2,4,8,1,8,8,1,1,193,0,"build/shaders_ref","","sweep point (13.3/13.5)"
tt_8_p1_ref,compressor.store,6.90,3072,0.4,32,32,2,1,2,2,4,8,1,8,8,1,1,193,0,"build/shaders_ref","","sweep point (13.3/13.5)"
tt_8_p1_ref,indexer.wq_b,15.25,5248000,344.0,32,32,2,1,2,2,4,8,1,8,8,1,1,193,0,"build/shaders_ref","","sweep point (13.3/13.5)"
tt_8_p1_ref,indexer.q_finish,10.44,24576,2.4,32,32,2,1,2,2,4,8,1,8,8,1,1,193,0,"build/shaders_ref","","sweep point (13.3/13.5)"
tt_8_p1_ref,indexer.key,17.98,131072,7.3,32,32,2,1,2,2,4,8,1,8,8,1,1,193,0,"build/shaders_ref","","sweep point (13.3/13.5)"
tt_8_p1_ref,indexer.weights,22.30,327680,14.7,32,32,2,1,2,2,4,8,1,8,8,1,1,193,0,"build/shaders_ref","","sweep point (13.3/13.5)"
tt_8_p1_ref,indexer.score,16.18,16640,1.0,32,32,2,1,2,2,4,8,1,8,8,1,1,193,0,"build/shaders_ref","","sweep point (13.3/13.5)"
tt_8_p1_ref,indexer.topk,0.79,260,0.3,32,32,2,1,2,2,4,8,1,8,8,1,1,193,0,"build/shaders_ref","","sweep point (13.3/13.5)"
tt_8_p2_ref,mega_mhc.post,2.34,163840,70.0,32,32,2,1,2,2,4,8,1,8,8,2,1,193,0,"build/shaders_ref","","sweep point (13.3/13.5)"
tt_8_p2_ref,mega_mhc.mix,5.33,1966080,368.8,32,32,2,1,2,2,4,8,1,8,8,2,1,193,0,"build/shaders_ref","","sweep point (13.3/13.5)"
tt_8_p2_ref,mega_mhc.final,3.11,40960,13.2,32,32,2,1,2,2,4,8,1,8,8,2,1,193,0,"build/shaders_ref","","sweep point (13.3/13.5)"
tt_8_p2_ref,wq_a,37.94,6560000,172.9,32,32,2,1,2,2,4,8,1,8,8,2,1,193,0,"build/shaders_ref","","sweep point (13.3/13.5)"
tt_8_p2_ref,wq_b,194.72,41984000,215.6,32,32,2,1,2,2,4,8,1,8,8,2,1,193,0,"build/shaders_ref","","sweep point (13.3/13.5)"
tt_8_p2_ref,wkv.gemv,9.76,2624000,269.0,32,32,2,1,2,2,4,8,1,8,8,2,1,193,0,"build/shaders_ref","","sweep point (13.3/13.5)"
tt_8_p2_ref,wkv.finish,9.87,2560,0.3,32,32,2,1,2,2,4,8,1,8,8,2,1,193,0,"build/shaders_ref","","sweep point (13.3/13.5)"
tt_8_p2_ref,sparse_attn.score,26.21,134144,5.1,32,32,2,1,2,2,4,8,1,8,8,2,1,193,0,"build/shaders_ref","","sweep point (13.3/13.5)"
tt_8_p2_ref,sparse_attn.combine,27.48,134144,4.9,32,32,2,1,2,2,4,8,1,8,8,2,1,193,0,"build/shaders_ref","","sweep point (13.3/13.5)"
tt_8_p2_ref,sparse_attn_t.score,18.04,134144,7.4,32,32,2,1,2,2,4,8,1,8,8,2,1,193,0,"build/shaders_ref","","sweep point (13.3/13.5)"
tt_8_p2_ref,sparse_attn_t.pv,26.09,134144,5.1,32,32,2,1,2,2,4,8,1,8,8,2,1,193,0,"build/shaders_ref","","sweep point (13.3/13.5)"
tt_8_p2_ref,sparse_attn_t.finish,2.15,262144,122.0,32,32,2,1,2,2,4,8,1,8,8,2,1,193,0,"build/shaders_ref","","sweep point (13.3/13.5)"
tt_8_p2_ref,wo_a,195.13,33587200,172.1,32,32,2,1,2,2,4,8,1,8,8,2,1,193,0,"build/shaders_ref","","sweep point (13.3/13.5)"
tt_8_p2_ref,wo_b,263.44,41984000,159.4,32,32,2,1,2,2,4,8,1,8,8,2,1,193,0,"build/shaders_ref","","sweep point (13.3/13.5)"
tt_8_p2_ref,wq_a.ksplit,34.34,6560000,191.0,32,32,2,1,2,2,4,8,1,8,8,2,1,193,0,"build/shaders_ref","","sweep point (13.3/13.5)"
tt_8_p2_ref,wq_a.kcombine,1.14,10240,9.0,32,32,2,1,2,2,4,8,1,8,8,2,1,193,0,"build/shaders_ref","","sweep point (13.3/13.5)"
tt_8_p2_ref,wo_a.ksplit,161.92,33587200,207.4,32,32,2,1,2,2,4,8,1,8,8,2,1,193,0,"build/shaders_ref","","sweep point (13.3/13.5)"
tt_8_p2_ref,wo_a.kcombine,1.40,131072,93.9,32,32,2,1,2,2,4,8,1,8,8,2,1,193,0,"build/shaders_ref","","sweep point (13.3/13.5)"
tt_8_p2_ref,wo_b.ksplit,204.82,41984000,205.0,32,32,2,1,2,2,4,8,1,8,8,2,1,193,0,"build/shaders_ref","","sweep point (13.3/13.5)"
tt_8_p2_ref,wo_b.kcombine,1.38,163840,119.0,32,32,2,1,2,2,4,8,1,8,8,2,1,193,0,"build/shaders_ref","","sweep point (13.3/13.5)"
tt_8_p2_ref,wkv.ksplit,8.01,2624000,327.7,32,32,2,1,2,2,4,8,1,8,8,2,1,193,0,"build/shaders_ref","","sweep point (13.3/13.5)"
tt_8_p2_ref,wkv.kfinish,9.15,4096,0.4,32,32,2,1,2,2,4,8,1,8,8,2,1,193,0,"build/shaders_ref","","sweep point (13.3/13.5)"
tt_8_p2_ref,gate.score,15.49,3932160,253.9,32,32,2,1,2,2,4,8,1,8,8,2,1,193,0,"build/shaders_ref","","sweep point (13.3/13.5)"
tt_8_p2_ref,gate.topk,11.79,3072,0.3,32,32,2,1,2,2,4,8,1,8,8,2,1,193,0,"build/shaders_ref","","sweep point (13.3/13.5)"
tt_8_p2_ref,head,5641.17,1323827200,234.7,32,32,2,1,2,2,4,8,1,8,8,2,1,193,0,"build/shaders_ref","","sweep point (13.3/13.5)"
tt_8_p2_ref,compressor.wkv,14.31,5242880,366.4,32,32,2,1,2,2,4,8,1,8,8,2,1,193,0,"build/shaders_ref","","sweep point (13.3/13.5)"
tt_8_p2_ref,compressor.wgate,14.19,5242880,369.4,32,32,2,1,2,2,4,8,1,8,8,2,1,193,0,"build/shaders_ref","","sweep point (13.3/13.5)"
tt_8_p2_ref,compressor.norm,3.31,8192,2.5,32,32,2,1,2,2,4,8,1,8,8,2,1,193,0,"build/shaders_ref","","sweep point (13.3/13.5)"
tt_8_p2_ref,compressor.store,6.78,3072,0.5,32,32,2,1,2,2,4,8,1,8,8,2,1,193,0,"build/shaders_ref","","sweep point (13.3/13.5)"
tt_8_p2_ref,indexer.wq_b,15.11,5248000,347.4,32,32,2,1,2,2,4,8,1,8,8,2,1,193,0,"build/shaders_ref","","sweep point (13.3/13.5)"
tt_8_p2_ref,indexer.q_finish,9.55,24576,2.6,32,32,2,1,2,2,4,8,1,8,8,2,1,193,0,"build/shaders_ref","","sweep point (13.3/13.5)"
tt_8_p2_ref,indexer.key,17.87,131072,7.3,32,32,2,1,2,2,4,8,1,8,8,2,1,193,0,"build/shaders_ref","","sweep point (13.3/13.5)"
tt_8_p2_ref,indexer.weights,21.70,327680,15.1,32,32,2,1,2,2,4,8,1,8,8,2,1,193,0,"build/shaders_ref","","sweep point (13.3/13.5)"
tt_8_p2_ref,indexer.score,16.15,16640,1.0,32,32,2,1,2,2,4,8,1,8,8,2,1,193,0,"build/shaders_ref","","sweep point (13.3/13.5)"
tt_8_p2_ref,indexer.topk,0.79,260,0.3,32,32,2,1,2,2,4,8,1,8,8,2,1,193,0,"build/shaders_ref","","sweep point (13.3/13.5)"
tt_8_p4_ref,mega_mhc.post,2.34,163840,70.0,32,32,2,1,2,2,4,8,1,8,8,4,1,193,0,"build/shaders_ref","","sweep point (13.3/13.5)"
tt_8_p4_ref,mega_mhc.mix,5.33,1966080,368.7,32,32,2,1,2,2,4,8,1,8,8,4,1,193,0,"build/shaders_ref","","sweep point (13.3/13.5)"
tt_8_p4_ref,mega_mhc.final,3.11,40960,13.2,32,32,2,1,2,2,4,8,1,8,8,4,1,193,0,"build/shaders_ref","","sweep point (13.3/13.5)"
tt_8_p4_ref,wq_a,38.04,6560000,172.5,32,32,2,1,2,2,4,8,1,8,8,4,1,193,0,"build/shaders_ref","","sweep point (13.3/13.5)"
tt_8_p4_ref,wq_b,194.43,41984000,215.9,32,32,2,1,2,2,4,8,1,8,8,4,1,193,0,"build/shaders_ref","","sweep point (13.3/13.5)"
tt_8_p4_ref,wkv.gemv,9.77,2624000,268.7,32,32,2,1,2,2,4,8,1,8,8,4,1,193,0,"build/shaders_ref","","sweep point (13.3/13.5)"
tt_8_p4_ref,wkv.finish,10.04,2560,0.3,32,32,2,1,2,2,4,8,1,8,8,4,1,193,0,"build/shaders_ref","","sweep point (13.3/13.5)"
tt_8_p4_ref,sparse_attn.score,26.60,134144,5.0,32,32,2,1,2,2,4,8,1,8,8,4,1,193,0,"build/shaders_ref","","sweep point (13.3/13.5)"
tt_8_p4_ref,sparse_attn.combine,27.27,134144,4.9,32,32,2,1,2,2,4,8,1,8,8,4,1,193,0,"build/shaders_ref","","sweep point (13.3/13.5)"
tt_8_p4_ref,sparse_attn_t.score,18.20,134144,7.4,32,32,2,1,2,2,4,8,1,8,8,4,1,193,0,"build/shaders_ref","","sweep point (13.3/13.5)"
tt_8_p4_ref,sparse_attn_t.pv,25.32,134144,5.3,32,32,2,1,2,2,4,8,1,8,8,4,1,193,0,"build/shaders_ref","","sweep point (13.3/13.5)"
tt_8_p4_ref,sparse_attn_t.finish,2.56,524288,204.6,32,32,2,1,2,2,4,8,1,8,8,4,1,193,0,"build/shaders_ref","","sweep point (13.3/13.5)"
tt_8_p4_ref,wo_a,194.82,33587200,172.4,32,32,2,1,2,2,4,8,1,8,8,4,1,193,0,"build/shaders_ref","","sweep point (13.3/13.5)"
tt_8_p4_ref,wo_b,261.20,41984000,160.7,32,32,2,1,2,2,4,8,1,8,8,4,1,193,0,"build/shaders_ref","","sweep point (13.3/13.5)"
tt_8_p4_ref,wq_a.ksplit,34.71,6560000,189.0,32,32,2,1,2,2,4,8,1,8,8,4,1,193,0,"build/shaders_ref","","sweep point (13.3/13.5)"
tt_8_p4_ref,wq_a.kcombine,1.12,10240,9.1,32,32,2,1,2,2,4,8,1,8,8,4,1,193,0,"build/shaders_ref","","sweep point (13.3/13.5)"
tt_8_p4_ref,wo_a.ksplit,161.98,33587200,207.4,32,32,2,1,2,2,4,8,1,8,8,4,1,193,0,"build/shaders_ref","","sweep point (13.3/13.5)"
tt_8_p4_ref,wo_a.kcombine,1.37,131072,95.8,32,32,2,1,2,2,4,8,1,8,8,4,1,193,0,"build/shaders_ref","","sweep point (13.3/13.5)"
tt_8_p4_ref,wo_b.ksplit,203.89,41984000,205.9,32,32,2,1,2,2,4,8,1,8,8,4,1,193,0,"build/shaders_ref","","sweep point (13.3/13.5)"
tt_8_p4_ref,wo_b.kcombine,1.42,163840,115.0,32,32,2,1,2,2,4,8,1,8,8,4,1,193,0,"build/shaders_ref","","sweep point (13.3/13.5)"
tt_8_p4_ref,wkv.ksplit,8.18,2624000,320.8,32,32,2,1,2,2,4,8,1,8,8,4,1,193,0,"build/shaders_ref","","sweep point (13.3/13.5)"
tt_8_p4_ref,wkv.kfinish,9.43,4096,0.4,32,32,2,1,2,2,4,8,1,8,8,4,1,193,0,"build/shaders_ref","","sweep point (13.3/13.5)"
tt_8_p4_ref,gate.score,15.58,3932160,252.4,32,32,2,1,2,2,4,8,1,8,8,4,1,193,0,"build/shaders_ref","","sweep point (13.3/13.5)"
tt_8_p4_ref,gate.topk,11.88,3072,0.3,32,32,2,1,2,2,4,8,1,8,8,4,1,193,0,"build/shaders_ref","","sweep point (13.3/13.5)"
tt_8_p4_ref,head,5638.18,1323827200,234.8,32,32,2,1,2,2,4,8,1,8,8,4,1,193,0,"build/shaders_ref","","sweep point (13.3/13.5)"
tt_8_p4_ref,compressor.wkv,14.93,5242880,351.1,32,32,2,1,2,2,4,8,1,8,8,4,1,193,0,"build/shaders_ref","","sweep point (13.3/13.5)"
tt_8_p4_ref,compressor.wgate,14.36,5242880,365.2,32,32,2,1,2,2,4,8,1,8,8,4,1,193,0,"build/shaders_ref","","sweep point (13.3/13.5)"
tt_8_p4_ref,compressor.norm,3.34,8192,2.5,32,32,2,1,2,2,4,8,1,8,8,4,1,193,0,"build/shaders_ref","","sweep point (13.3/13.5)"
tt_8_p4_ref,compressor.store,6.88,3072,0.4,32,32,2,1,2,2,4,8,1,8,8,4,1,193,0,"build/shaders_ref","","sweep point (13.3/13.5)"
tt_8_p4_ref,indexer.wq_b,15.24,5248000,344.3,32,32,2,1,2,2,4,8,1,8,8,4,1,193,0,"build/shaders_ref","","sweep point (13.3/13.5)"
tt_8_p4_ref,indexer.q_finish,9.77,24576,2.5,32,32,2,1,2,2,4,8,1,8,8,4,1,193,0,"build/shaders_ref","","sweep point (13.3/13.5)"
tt_8_p4_ref,indexer.key,18.05,131072,7.3,32,32,2,1,2,2,4,8,1,8,8,4,1,193,0,"build/shaders_ref","","sweep point (13.3/13.5)"
tt_8_p4_ref,indexer.weights,21.72,327680,15.1,32,32,2,1,2,2,4,8,1,8,8,4,1,193,0,"build/shaders_ref","","sweep point (13.3/13.5)"
tt_8_p4_ref,indexer.score,16.17,16640,1.0,32,32,2,1,2,2,4,8,1,8,8,4,1,193,0,"build/shaders_ref","","sweep point (13.3/13.5)"
tt_8_p4_ref,indexer.topk,0.79,260,0.3,32,32,2,1,2,2,4,8,1,8,8,4,1,193,0,"build/shaders_ref","","sweep point (13.3/13.5)"
var_acc4_r1,mega_mhc.post,2.34,163840,69.9,32,32,2,1,2,4,1,2,2,8,8,8,1,193,0,"build/shaders_acc4 (-D DEEPMOE_GEMV_ACC=4)","","sweep point (13.3/13.5)"
var_acc4_r1,mega_mhc.mix,5.34,1966080,368.4,32,32,2,1,2,4,1,2,2,8,8,8,1,193,0,"build/shaders_acc4 (-D DEEPMOE_GEMV_ACC=4)","","sweep point (13.3/13.5)"
var_acc4_r1,mega_mhc.final,3.25,40960,12.6,32,32,2,1,2,4,1,2,2,8,8,8,1,193,0,"build/shaders_acc4 (-D DEEPMOE_GEMV_ACC=4)","","sweep point (13.3/13.5)"
var_acc4_r1,wq_a,37.41,6560000,175.3,32,32,2,1,2,4,1,2,2,8,8,8,1,193,0,"build/shaders_acc4 (-D DEEPMOE_GEMV_ACC=4)","","sweep point (13.3/13.5)"
var_acc4_r1,wq_b,185.59,41984000,226.2,32,32,2,1,2,4,1,2,2,8,8,8,1,193,0,"build/shaders_acc4 (-D DEEPMOE_GEMV_ACC=4)","","sweep point (13.3/13.5)"
var_acc4_r1,wkv.gemv,9.15,2624000,286.8,32,32,2,1,2,4,1,2,2,8,8,8,1,193,0,"build/shaders_acc4 (-D DEEPMOE_GEMV_ACC=4)","","sweep point (13.3/13.5)"
var_acc4_r1,wkv.finish,9.52,2560,0.3,32,32,2,1,2,4,1,2,2,8,8,8,1,193,0,"build/shaders_acc4 (-D DEEPMOE_GEMV_ACC=4)","","sweep point (13.3/13.5)"
var_acc4_r1,sparse_attn.score,25.44,134144,5.3,32,32,2,1,2,4,1,2,2,8,8,8,1,193,0,"build/shaders_acc4 (-D DEEPMOE_GEMV_ACC=4)","","sweep point (13.3/13.5)"
var_acc4_r1,sparse_attn.combine,26.64,134144,5.0,32,32,2,1,2,4,1,2,2,8,8,8,1,193,0,"build/shaders_acc4 (-D DEEPMOE_GEMV_ACC=4)","","sweep point (13.3/13.5)"
var_acc4_r1,sparse_attn_t.score,18.08,134144,7.4,32,32,2,1,2,4,1,2,2,8,8,8,1,193,0,"build/shaders_acc4 (-D DEEPMOE_GEMV_ACC=4)","","sweep point (13.3/13.5)"
var_acc4_r1,sparse_attn_t.pv,31.50,134144,4.3,32,32,2,1,2,4,1,2,2,8,8,8,1,193,0,"build/shaders_acc4 (-D DEEPMOE_GEMV_ACC=4)","","sweep point (13.3/13.5)"
var_acc4_r1,sparse_attn_t.finish,3.21,1048576,326.2,32,32,2,1,2,4,1,2,2,8,8,8,1,193,0,"build/shaders_acc4 (-D DEEPMOE_GEMV_ACC=4)","","sweep point (13.3/13.5)"
var_acc4_r1,wo_a,195.11,33587200,172.1,32,32,2,1,2,4,1,2,2,8,8,8,1,193,0,"build/shaders_acc4 (-D DEEPMOE_GEMV_ACC=4)","","sweep point (13.3/13.5)"
var_acc4_r1,wo_b,260.02,41984000,161.5,32,32,2,1,2,4,1,2,2,8,8,8,1,193,0,"build/shaders_acc4 (-D DEEPMOE_GEMV_ACC=4)","","sweep point (13.3/13.5)"
var_acc4_r1,wq_a.ksplit,56.70,6560000,115.7,32,32,2,1,2,4,1,2,2,8,8,8,1,193,0,"build/shaders_acc4 (-D DEEPMOE_GEMV_ACC=4)","","sweep point (13.3/13.5)"
var_acc4_r1,wq_a.kcombine,1.00,10240,10.2,32,32,2,1,2,4,1,2,2,8,8,8,1,193,0,"build/shaders_acc4 (-D DEEPMOE_GEMV_ACC=4)","","sweep point (13.3/13.5)"
var_acc4_r1,wo_a.ksplit,331.40,33587200,101.3,32,32,2,1,2,4,1,2,2,8,8,8,1,193,0,"build/shaders_acc4 (-D DEEPMOE_GEMV_ACC=4)","","sweep point (13.3/13.5)"
var_acc4_r1,wo_a.kcombine,1.02,32768,32.1,32,32,2,1,2,4,1,2,2,8,8,8,1,193,0,"build/shaders_acc4 (-D DEEPMOE_GEMV_ACC=4)","","sweep point (13.3/13.5)"
var_acc4_r1,wo_b.ksplit,302.41,41984000,138.8,32,32,2,1,2,4,1,2,2,8,8,8,1,193,0,"build/shaders_acc4 (-D DEEPMOE_GEMV_ACC=4)","","sweep point (13.3/13.5)"
var_acc4_r1,wo_b.kcombine,1.03,40960,40.0,32,32,2,1,2,4,1,2,2,8,8,8,1,193,0,"build/shaders_acc4 (-D DEEPMOE_GEMV_ACC=4)","","sweep point (13.3/13.5)"
var_acc4_r1,wkv.ksplit,8.98,2624000,292.1,32,32,2,1,2,4,1,2,2,8,8,8,1,193,0,"build/shaders_acc4 (-D DEEPMOE_GEMV_ACC=4)","","sweep point (13.3/13.5)"
var_acc4_r1,wkv.kfinish,8.56,8192,1.0,32,32,2,1,2,4,1,2,2,8,8,8,1,193,0,"build/shaders_acc4 (-D DEEPMOE_GEMV_ACC=4)","","sweep point (13.3/13.5)"
var_acc4_r1,gate.score,15.48,3932160,254.0,32,32,2,1,2,4,1,2,2,8,8,8,1,193,0,"build/shaders_acc4 (-D DEEPMOE_GEMV_ACC=4)","","sweep point (13.3/13.5)"
var_acc4_r1,gate.topk,11.61,3072,0.3,32,32,2,1,2,4,1,2,2,8,8,8,1,193,0,"build/shaders_acc4 (-D DEEPMOE_GEMV_ACC=4)","","sweep point (13.3/13.5)"
var_acc4_r1,head,5647.18,1323827200,234.4,32,32,2,1,2,4,1,2,2,8,8,8,1,193,0,"build/shaders_acc4 (-D DEEPMOE_GEMV_ACC=4)","","sweep point (13.3/13.5)"
var_acc4_r1,compressor.wkv,15.00,5242880,349.6,32,32,2,1,2,4,1,2,2,8,8,8,1,193,0,"build/shaders_acc4 (-D DEEPMOE_GEMV_ACC=4)","","sweep point (13.3/13.5)"
var_acc4_r1,compressor.wgate,14.34,5242880,365.5,32,32,2,1,2,4,1,2,2,8,8,8,1,193,0,"build/shaders_acc4 (-D DEEPMOE_GEMV_ACC=4)","","sweep point (13.3/13.5)"
var_acc4_r1,compressor.norm,3.33,8192,2.5,32,32,2,1,2,4,1,2,2,8,8,8,1,193,0,"build/shaders_acc4 (-D DEEPMOE_GEMV_ACC=4)","","sweep point (13.3/13.5)"
var_acc4_r1,compressor.store,6.83,3072,0.4,32,32,2,1,2,4,1,2,2,8,8,8,1,193,0,"build/shaders_acc4 (-D DEEPMOE_GEMV_ACC=4)","","sweep point (13.3/13.5)"
var_acc4_r1,indexer.wq_b,14.76,5248000,355.5,32,32,2,1,2,4,1,2,2,8,8,8,1,193,0,"build/shaders_acc4 (-D DEEPMOE_GEMV_ACC=4)","","sweep point (13.3/13.5)"
var_acc4_r1,indexer.q_finish,9.47,24576,2.6,32,32,2,1,2,4,1,2,2,8,8,8,1,193,0,"build/shaders_acc4 (-D DEEPMOE_GEMV_ACC=4)","","sweep point (13.3/13.5)"
var_acc4_r1,indexer.key,17.78,131072,7.4,32,32,2,1,2,4,1,2,2,8,8,8,1,193,0,"build/shaders_acc4 (-D DEEPMOE_GEMV_ACC=4)","","sweep point (13.3/13.5)"
var_acc4_r1,indexer.weights,21.71,327680,15.1,32,32,2,1,2,4,1,2,2,8,8,8,1,193,0,"build/shaders_acc4 (-D DEEPMOE_GEMV_ACC=4)","","sweep point (13.3/13.5)"
var_acc4_r1,indexer.score,16.15,16640,1.0,32,32,2,1,2,4,1,2,2,8,8,8,1,193,0,"build/shaders_acc4 (-D DEEPMOE_GEMV_ACC=4)","","sweep point (13.3/13.5)"
var_acc4_r1,indexer.topk,0.79,260,0.3,32,32,2,1,2,4,1,2,2,8,8,8,1,193,0,"build/shaders_acc4 (-D DEEPMOE_GEMV_ACC=4)","","sweep point (13.3/13.5)"
var_acc4_r2,mega_mhc.post,2.27,163840,72.2,32,32,2,1,2,4,1,2,2,8,8,8,1,193,0,"build/shaders_acc4 (-D DEEPMOE_GEMV_ACC=4)","","sweep point (13.3/13.5)"
var_acc4_r2,mega_mhc.mix,5.11,1966080,384.5,32,32,2,1,2,4,1,2,2,8,8,8,1,193,0,"build/shaders_acc4 (-D DEEPMOE_GEMV_ACC=4)","","sweep point (13.3/13.5)"
var_acc4_r2,mega_mhc.final,3.16,40960,13.0,32,32,2,1,2,4,1,2,2,8,8,8,1,193,0,"build/shaders_acc4 (-D DEEPMOE_GEMV_ACC=4)","","sweep point (13.3/13.5)"
var_acc4_r2,wq_a,38.92,6560000,168.5,32,32,2,1,2,4,1,2,2,8,8,8,1,193,0,"build/shaders_acc4 (-D DEEPMOE_GEMV_ACC=4)","","sweep point (13.3/13.5)"
var_acc4_r2,wq_b,190.63,41984000,220.2,32,32,2,1,2,4,1,2,2,8,8,8,1,193,0,"build/shaders_acc4 (-D DEEPMOE_GEMV_ACC=4)","","sweep point (13.3/13.5)"
var_acc4_r2,wkv.gemv,9.98,2624000,263.0,32,32,2,1,2,4,1,2,2,8,8,8,1,193,0,"build/shaders_acc4 (-D DEEPMOE_GEMV_ACC=4)","","sweep point (13.3/13.5)"
var_acc4_r2,wkv.finish,10.00,2560,0.3,32,32,2,1,2,4,1,2,2,8,8,8,1,193,0,"build/shaders_acc4 (-D DEEPMOE_GEMV_ACC=4)","","sweep point (13.3/13.5)"
var_acc4_r2,sparse_attn.score,27.23,134144,4.9,32,32,2,1,2,4,1,2,2,8,8,8,1,193,0,"build/shaders_acc4 (-D DEEPMOE_GEMV_ACC=4)","","sweep point (13.3/13.5)"
var_acc4_r2,sparse_attn.combine,27.79,134144,4.8,32,32,2,1,2,4,1,2,2,8,8,8,1,193,0,"build/shaders_acc4 (-D DEEPMOE_GEMV_ACC=4)","","sweep point (13.3/13.5)"
var_acc4_r2,sparse_attn_t.score,18.62,134144,7.2,32,32,2,1,2,4,1,2,2,8,8,8,1,193,0,"build/shaders_acc4 (-D DEEPMOE_GEMV_ACC=4)","","sweep point (13.3/13.5)"
var_acc4_r2,sparse_attn_t.pv,33.08,134144,4.1,32,32,2,1,2,4,1,2,2,8,8,8,1,193,0,"build/shaders_acc4 (-D DEEPMOE_GEMV_ACC=4)","","sweep point (13.3/13.5)"
var_acc4_r2,sparse_attn_t.finish,3.40,1048576,308.2,32,32,2,1,2,4,1,2,2,8,8,8,1,193,0,"build/shaders_acc4 (-D DEEPMOE_GEMV_ACC=4)","","sweep point (13.3/13.5)"
var_acc4_r2,wo_a,196.34,33587200,171.1,32,32,2,1,2,4,1,2,2,8,8,8,1,193,0,"build/shaders_acc4 (-D DEEPMOE_GEMV_ACC=4)","","sweep point (13.3/13.5)"
var_acc4_r2,wo_b,259.18,41984000,162.0,32,32,2,1,2,4,1,2,2,8,8,8,1,193,0,"build/shaders_acc4 (-D DEEPMOE_GEMV_ACC=4)","","sweep point (13.3/13.5)"
var_acc4_r2,wq_a.ksplit,56.75,6560000,115.6,32,32,2,1,2,4,1,2,2,8,8,8,1,193,0,"build/shaders_acc4 (-D DEEPMOE_GEMV_ACC=4)","","sweep point (13.3/13.5)"
var_acc4_r2,wq_a.kcombine,0.96,10240,10.6,32,32,2,1,2,4,1,2,2,8,8,8,1,193,0,"build/shaders_acc4 (-D DEEPMOE_GEMV_ACC=4)","","sweep point (13.3/13.5)"
var_acc4_r2,wo_a.ksplit,337.24,33587200,99.6,32,32,2,1,2,4,1,2,2,8,8,8,1,193,0,"build/shaders_acc4 (-D DEEPMOE_GEMV_ACC=4)","","sweep point (13.3/13.5)"
var_acc4_r2,wo_a.kcombine,1.12,32768,29.3,32,32,2,1,2,4,1,2,2,8,8,8,1,193,0,"build/shaders_acc4 (-D DEEPMOE_GEMV_ACC=4)","","sweep point (13.3/13.5)"
var_acc4_r2,wo_b.ksplit,302.88,41984000,138.6,32,32,2,1,2,4,1,2,2,8,8,8,1,193,0,"build/shaders_acc4 (-D DEEPMOE_GEMV_ACC=4)","","sweep point (13.3/13.5)"
var_acc4_r2,wo_b.kcombine,1.16,40960,35.3,32,32,2,1,2,4,1,2,2,8,8,8,1,193,0,"build/shaders_acc4 (-D DEEPMOE_GEMV_ACC=4)","","sweep point (13.3/13.5)"
var_acc4_r2,wkv.ksplit,10.08,2624000,260.4,32,32,2,1,2,4,1,2,2,8,8,8,1,193,0,"build/shaders_acc4 (-D DEEPMOE_GEMV_ACC=4)","","sweep point (13.3/13.5)"
var_acc4_r2,wkv.kfinish,9.63,8192,0.9,32,32,2,1,2,4,1,2,2,8,8,8,1,193,0,"build/shaders_acc4 (-D DEEPMOE_GEMV_ACC=4)","","sweep point (13.3/13.5)"
var_acc4_r2,gate.score,16.65,3932160,236.1,32,32,2,1,2,4,1,2,2,8,8,8,1,193,0,"build/shaders_acc4 (-D DEEPMOE_GEMV_ACC=4)","","sweep point (13.3/13.5)"
var_acc4_r2,gate.topk,14.03,3072,0.2,32,32,2,1,2,4,1,2,2,8,8,8,1,193,0,"build/shaders_acc4 (-D DEEPMOE_GEMV_ACC=4)","","sweep point (13.3/13.5)"
var_acc4_r2,head,5705.58,1323827200,232.0,32,32,2,1,2,4,1,2,2,8,8,8,1,193,0,"build/shaders_acc4 (-D DEEPMOE_GEMV_ACC=4)","","sweep point (13.3/13.5)"
var_acc4_r2,compressor.wkv,16.21,5242880,323.4,32,32,2,1,2,4,1,2,2,8,8,8,1,193,0,"build/shaders_acc4 (-D DEEPMOE_GEMV_ACC=4)","","sweep point (13.3/13.5)"
var_acc4_r2,compressor.wgate,15.87,5242880,330.4,32,32,2,1,2,4,1,2,2,8,8,8,1,193,0,"build/shaders_acc4 (-D DEEPMOE_GEMV_ACC=4)","","sweep point (13.3/13.5)"
var_acc4_r2,compressor.norm,3.65,8192,2.2,32,32,2,1,2,4,1,2,2,8,8,8,1,193,0,"build/shaders_acc4 (-D DEEPMOE_GEMV_ACC=4)","","sweep point (13.3/13.5)"
var_acc4_r2,compressor.store,7.49,3072,0.4,32,32,2,1,2,4,1,2,2,8,8,8,1,193,0,"build/shaders_acc4 (-D DEEPMOE_GEMV_ACC=4)","","sweep point (13.3/13.5)"
var_acc4_r2,indexer.wq_b,16.23,5248000,323.4,32,32,2,1,2,4,1,2,2,8,8,8,1,193,0,"build/shaders_acc4 (-D DEEPMOE_GEMV_ACC=4)","","sweep point (13.3/13.5)"
var_acc4_r2,indexer.q_finish,10.31,24576,2.4,32,32,2,1,2,4,1,2,2,8,8,8,1,193,0,"build/shaders_acc4 (-D DEEPMOE_GEMV_ACC=4)","","sweep point (13.3/13.5)"
var_acc4_r2,indexer.key,18.83,131072,7.0,32,32,2,1,2,4,1,2,2,8,8,8,1,193,0,"build/shaders_acc4 (-D DEEPMOE_GEMV_ACC=4)","","sweep point (13.3/13.5)"
var_acc4_r2,indexer.weights,22.13,327680,14.8,32,32,2,1,2,4,1,2,2,8,8,8,1,193,0,"build/shaders_acc4 (-D DEEPMOE_GEMV_ACC=4)","","sweep point (13.3/13.5)"
var_acc4_r2,indexer.score,16.17,16640,1.0,32,32,2,1,2,4,1,2,2,8,8,8,1,193,0,"build/shaders_acc4 (-D DEEPMOE_GEMV_ACC=4)","","sweep point (13.3/13.5)"
var_acc4_r2,indexer.topk,0.79,260,0.3,32,32,2,1,2,4,1,2,2,8,8,8,1,193,0,"build/shaders_acc4 (-D DEEPMOE_GEMV_ACC=4)","","sweep point (13.3/13.5)"
var_acc4fold_r1,mega_mhc.post,2.34,163840,70.0,32,32,2,1,2,4,1,2,2,8,8,8,1,193,0,"build/shaders_acc4fold (-D DEEPMOE_GEMV_ACC=4 -D DEEPMOE_GEMV_FOLD_SCALE=1)","","sweep point (13.3/13.5)"
var_acc4fold_r1,mega_mhc.mix,5.33,1966080,368.9,32,32,2,1,2,4,1,2,2,8,8,8,1,193,0,"build/shaders_acc4fold (-D DEEPMOE_GEMV_ACC=4 -D DEEPMOE_GEMV_FOLD_SCALE=1)","","sweep point (13.3/13.5)"
var_acc4fold_r1,mega_mhc.final,3.26,40960,12.6,32,32,2,1,2,4,1,2,2,8,8,8,1,193,0,"build/shaders_acc4fold (-D DEEPMOE_GEMV_ACC=4 -D DEEPMOE_GEMV_FOLD_SCALE=1)","","sweep point (13.3/13.5)"
var_acc4fold_r1,wq_a,37.92,6560000,173.0,32,32,2,1,2,4,1,2,2,8,8,8,1,193,0,"build/shaders_acc4fold (-D DEEPMOE_GEMV_ACC=4 -D DEEPMOE_GEMV_FOLD_SCALE=1)","","sweep point (13.3/13.5)"
var_acc4fold_r1,wq_b,193.34,41984000,217.1,32,32,2,1,2,4,1,2,2,8,8,8,1,193,0,"build/shaders_acc4fold (-D DEEPMOE_GEMV_ACC=4 -D DEEPMOE_GEMV_FOLD_SCALE=1)","","sweep point (13.3/13.5)"
var_acc4fold_r1,wkv.gemv,9.50,2624000,276.2,32,32,2,1,2,4,1,2,2,8,8,8,1,193,0,"build/shaders_acc4fold (-D DEEPMOE_GEMV_ACC=4 -D DEEPMOE_GEMV_FOLD_SCALE=1)","","sweep point (13.3/13.5)"
var_acc4fold_r1,wkv.finish,10.24,2560,0.2,32,32,2,1,2,4,1,2,2,8,8,8,1,193,0,"build/shaders_acc4fold (-D DEEPMOE_GEMV_ACC=4 -D DEEPMOE_GEMV_FOLD_SCALE=1)","","sweep point (13.3/13.5)"
var_acc4fold_r1,sparse_attn.score,27.96,134144,4.8,32,32,2,1,2,4,1,2,2,8,8,8,1,193,0,"build/shaders_acc4fold (-D DEEPMOE_GEMV_ACC=4 -D DEEPMOE_GEMV_FOLD_SCALE=1)","","sweep point (13.3/13.5)"
var_acc4fold_r1,sparse_attn.combine,27.51,134144,4.9,32,32,2,1,2,4,1,2,2,8,8,8,1,193,0,"build/shaders_acc4fold (-D DEEPMOE_GEMV_ACC=4 -D DEEPMOE_GEMV_FOLD_SCALE=1)","","sweep point (13.3/13.5)"
var_acc4fold_r1,sparse_attn_t.score,17.93,134144,7.5,32,32,2,1,2,4,1,2,2,8,8,8,1,193,0,"build/shaders_acc4fold (-D DEEPMOE_GEMV_ACC=4 -D DEEPMOE_GEMV_FOLD_SCALE=1)","","sweep point (13.3/13.5)"
var_acc4fold_r1,sparse_attn_t.pv,30.96,134144,4.3,32,32,2,1,2,4,1,2,2,8,8,8,1,193,0,"build/shaders_acc4fold (-D DEEPMOE_GEMV_ACC=4 -D DEEPMOE_GEMV_FOLD_SCALE=1)","","sweep point (13.3/13.5)"
var_acc4fold_r1,sparse_attn_t.finish,3.22,1048576,325.9,32,32,2,1,2,4,1,2,2,8,8,8,1,193,0,"build/shaders_acc4fold (-D DEEPMOE_GEMV_ACC=4 -D DEEPMOE_GEMV_FOLD_SCALE=1)","","sweep point (13.3/13.5)"
var_acc4fold_r1,wo_a,197.61,33587200,170.0,32,32,2,1,2,4,1,2,2,8,8,8,1,193,0,"build/shaders_acc4fold (-D DEEPMOE_GEMV_ACC=4 -D DEEPMOE_GEMV_FOLD_SCALE=1)","","sweep point (13.3/13.5)"
var_acc4fold_r1,wo_b,264.75,41984000,158.6,32,32,2,1,2,4,1,2,2,8,8,8,1,193,0,"build/shaders_acc4fold (-D DEEPMOE_GEMV_ACC=4 -D DEEPMOE_GEMV_FOLD_SCALE=1)","","sweep point (13.3/13.5)"
var_acc4fold_r1,wq_a.ksplit,57.14,6560000,114.8,32,32,2,1,2,4,1,2,2,8,8,8,1,193,0,"build/shaders_acc4fold (-D DEEPMOE_GEMV_ACC=4 -D DEEPMOE_GEMV_FOLD_SCALE=1)","","sweep point (13.3/13.5)"
var_acc4fold_r1,wq_a.kcombine,1.12,10240,9.1,32,32,2,1,2,4,1,2,2,8,8,8,1,193,0,"build/shaders_acc4fold (-D DEEPMOE_GEMV_ACC=4 -D DEEPMOE_GEMV_FOLD_SCALE=1)","","sweep point (13.3/13.5)"
var_acc4fold_r1,wo_a.ksplit,337.04,33587200,99.7,32,32,2,1,2,4,1,2,2,8,8,8,1,193,0,"build/shaders_acc4fold (-D DEEPMOE_GEMV_ACC=4 -D DEEPMOE_GEMV_FOLD_SCALE=1)","","sweep point (13.3/13.5)"
var_acc4fold_r1,wo_a.kcombine,1.11,32768,29.5,32,32,2,1,2,4,1,2,2,8,8,8,1,193,0,"build/shaders_acc4fold (-D DEEPMOE_GEMV_ACC=4 -D DEEPMOE_GEMV_FOLD_SCALE=1)","","sweep point (13.3/13.5)"
var_acc4fold_r1,wo_b.ksplit,302.38,41984000,138.8,32,32,2,1,2,4,1,2,2,8,8,8,1,193,0,"build/shaders_acc4fold (-D DEEPMOE_GEMV_ACC=4 -D DEEPMOE_GEMV_FOLD_SCALE=1)","","sweep point (13.3/13.5)"
var_acc4fold_r1,wo_b.kcombine,1.15,40960,35.6,32,32,2,1,2,4,1,2,2,8,8,8,1,193,0,"build/shaders_acc4fold (-D DEEPMOE_GEMV_ACC=4 -D DEEPMOE_GEMV_FOLD_SCALE=1)","","sweep point (13.3/13.5)"
var_acc4fold_r1,wkv.ksplit,10.80,2624000,242.9,32,32,2,1,2,4,1,2,2,8,8,8,1,193,0,"build/shaders_acc4fold (-D DEEPMOE_GEMV_ACC=4 -D DEEPMOE_GEMV_FOLD_SCALE=1)","","sweep point (13.3/13.5)"
var_acc4fold_r1,wkv.kfinish,9.49,8192,0.9,32,32,2,1,2,4,1,2,2,8,8,8,1,193,0,"build/shaders_acc4fold (-D DEEPMOE_GEMV_ACC=4 -D DEEPMOE_GEMV_FOLD_SCALE=1)","","sweep point (13.3/13.5)"
var_acc4fold_r1,gate.score,16.71,3932160,235.4,32,32,2,1,2,4,1,2,2,8,8,8,1,193,0,"build/shaders_acc4fold (-D DEEPMOE_GEMV_ACC=4 -D DEEPMOE_GEMV_FOLD_SCALE=1)","","sweep point (13.3/13.5)"
var_acc4fold_r1,gate.topk,13.90,3072,0.2,32,32,2,1,2,4,1,2,2,8,8,8,1,193,0,"build/shaders_acc4fold (-D DEEPMOE_GEMV_ACC=4 -D DEEPMOE_GEMV_FOLD_SCALE=1)","","sweep point (13.3/13.5)"
var_acc4fold_r1,head,5666.70,1323827200,233.6,32,32,2,1,2,4,1,2,2,8,8,8,1,193,0,"build/shaders_acc4fold (-D DEEPMOE_GEMV_ACC=4 -D DEEPMOE_GEMV_FOLD_SCALE=1)","","sweep point (13.3/13.5)"
var_acc4fold_r1,compressor.wkv,16.07,5242880,326.2,32,32,2,1,2,4,1,2,2,8,8,8,1,193,0,"build/shaders_acc4fold (-D DEEPMOE_GEMV_ACC=4 -D DEEPMOE_GEMV_FOLD_SCALE=1)","","sweep point (13.3/13.5)"
var_acc4fold_r1,compressor.wgate,15.86,5242880,330.7,32,32,2,1,2,4,1,2,2,8,8,8,1,193,0,"build/shaders_acc4fold (-D DEEPMOE_GEMV_ACC=4 -D DEEPMOE_GEMV_FOLD_SCALE=1)","","sweep point (13.3/13.5)"
var_acc4fold_r1,compressor.norm,3.85,8192,2.1,32,32,2,1,2,4,1,2,2,8,8,8,1,193,0,"build/shaders_acc4fold (-D DEEPMOE_GEMV_ACC=4 -D DEEPMOE_GEMV_FOLD_SCALE=1)","","sweep point (13.3/13.5)"
var_acc4fold_r1,compressor.store,7.52,3072,0.4,32,32,2,1,2,4,1,2,2,8,8,8,1,193,0,"build/shaders_acc4fold (-D DEEPMOE_GEMV_ACC=4 -D DEEPMOE_GEMV_FOLD_SCALE=1)","","sweep point (13.3/13.5)"
var_acc4fold_r1,indexer.wq_b,16.35,5248000,320.9,32,32,2,1,2,4,1,2,2,8,8,8,1,193,0,"build/shaders_acc4fold (-D DEEPMOE_GEMV_ACC=4 -D DEEPMOE_GEMV_FOLD_SCALE=1)","","sweep point (13.3/13.5)"
var_acc4fold_r1,indexer.q_finish,10.45,24576,2.4,32,32,2,1,2,4,1,2,2,8,8,8,1,193,0,"build/shaders_acc4fold (-D DEEPMOE_GEMV_ACC=4 -D DEEPMOE_GEMV_FOLD_SCALE=1)","","sweep point (13.3/13.5)"
var_acc4fold_r1,indexer.key,18.98,131072,6.9,32,32,2,1,2,4,1,2,2,8,8,8,1,193,0,"build/shaders_acc4fold (-D DEEPMOE_GEMV_ACC=4 -D DEEPMOE_GEMV_FOLD_SCALE=1)","","sweep point (13.3/13.5)"
var_acc4fold_r1,indexer.weights,22.17,327680,14.8,32,32,2,1,2,4,1,2,2,8,8,8,1,193,0,"build/shaders_acc4fold (-D DEEPMOE_GEMV_ACC=4 -D DEEPMOE_GEMV_FOLD_SCALE=1)","","sweep point (13.3/13.5)"
var_acc4fold_r1,indexer.score,16.13,16640,1.0,32,32,2,1,2,4,1,2,2,8,8,8,1,193,0,"build/shaders_acc4fold (-D DEEPMOE_GEMV_ACC=4 -D DEEPMOE_GEMV_FOLD_SCALE=1)","","sweep point (13.3/13.5)"
var_acc4fold_r1,indexer.topk,0.79,260,0.3,32,32,2,1,2,4,1,2,2,8,8,8,1,193,0,"build/shaders_acc4fold (-D DEEPMOE_GEMV_ACC=4 -D DEEPMOE_GEMV_FOLD_SCALE=1)","","sweep point (13.3/13.5)"
var_acc4fold_r2,mega_mhc.post,2.34,163840,69.9,32,32,2,1,2,4,1,2,2,8,8,8,1,193,0,"build/shaders_acc4fold (-D DEEPMOE_GEMV_ACC=4 -D DEEPMOE_GEMV_FOLD_SCALE=1)","","sweep point (13.3/13.5)"
var_acc4fold_r2,mega_mhc.mix,5.34,1966080,368.4,32,32,2,1,2,4,1,2,2,8,8,8,1,193,0,"build/shaders_acc4fold (-D DEEPMOE_GEMV_ACC=4 -D DEEPMOE_GEMV_FOLD_SCALE=1)","","sweep point (13.3/13.5)"
var_acc4fold_r2,mega_mhc.final,3.25,40960,12.6,32,32,2,1,2,4,1,2,2,8,8,8,1,193,0,"build/shaders_acc4fold (-D DEEPMOE_GEMV_ACC=4 -D DEEPMOE_GEMV_FOLD_SCALE=1)","","sweep point (13.3/13.5)"
var_acc4fold_r2,wq_a,37.40,6560000,175.4,32,32,2,1,2,4,1,2,2,8,8,8,1,193,0,"build/shaders_acc4fold (-D DEEPMOE_GEMV_ACC=4 -D DEEPMOE_GEMV_FOLD_SCALE=1)","","sweep point (13.3/13.5)"
var_acc4fold_r2,wq_b,191.31,41984000,219.5,32,32,2,1,2,4,1,2,2,8,8,8,1,193,0,"build/shaders_acc4fold (-D DEEPMOE_GEMV_ACC=4 -D DEEPMOE_GEMV_FOLD_SCALE=1)","","sweep point (13.3/13.5)"
var_acc4fold_r2,wkv.gemv,9.38,2624000,279.8,32,32,2,1,2,4,1,2,2,8,8,8,1,193,0,"build/shaders_acc4fold (-D DEEPMOE_GEMV_ACC=4 -D DEEPMOE_GEMV_FOLD_SCALE=1)","","sweep point (13.3/13.5)"
var_acc4fold_r2,wkv.finish,9.85,2560,0.3,32,32,2,1,2,4,1,2,2,8,8,8,1,193,0,"build/shaders_acc4fold (-D DEEPMOE_GEMV_ACC=4 -D DEEPMOE_GEMV_FOLD_SCALE=1)","","sweep point (13.3/13.5)"
var_acc4fold_r2,sparse_attn.score,25.53,134144,5.3,32,32,2,1,2,4,1,2,2,8,8,8,1,193,0,"build/shaders_acc4fold (-D DEEPMOE_GEMV_ACC=4 -D DEEPMOE_GEMV_FOLD_SCALE=1)","","sweep point (13.3/13.5)"
var_acc4fold_r2,sparse_attn.combine,27.12,134144,4.9,32,32,2,1,2,4,1,2,2,8,8,8,1,193,0,"build/shaders_acc4fold (-D DEEPMOE_GEMV_ACC=4 -D DEEPMOE_GEMV_FOLD_SCALE=1)","","sweep point (13.3/13.5)"
var_acc4fold_r2,sparse_attn_t.score,18.29,134144,7.3,32,32,2,1,2,4,1,2,2,8,8,8,1,193,0,"build/shaders_acc4fold (-D DEEPMOE_GEMV_ACC=4 -D DEEPMOE_GEMV_FOLD_SCALE=1)","","sweep point (13.3/13.5)"
var_acc4fold_r2,sparse_attn_t.pv,32.19,134144,4.2,32,32,2,1,2,4,1,2,2,8,8,8,1,193,0,"build/shaders_acc4fold (-D DEEPMOE_GEMV_ACC=4 -D DEEPMOE_GEMV_FOLD_SCALE=1)","","sweep point (13.3/13.5)"
var_acc4fold_r2,sparse_attn_t.finish,3.23,1048576,325.0,32,32,2,1,2,4,1,2,2,8,8,8,1,193,0,"build/shaders_acc4fold (-D DEEPMOE_GEMV_ACC=4 -D DEEPMOE_GEMV_FOLD_SCALE=1)","","sweep point (13.3/13.5)"
var_acc4fold_r2,wo_a,197.91,33587200,169.7,32,32,2,1,2,4,1,2,2,8,8,8,1,193,0,"build/shaders_acc4fold (-D DEEPMOE_GEMV_ACC=4 -D DEEPMOE_GEMV_FOLD_SCALE=1)","","sweep point (13.3/13.5)"
var_acc4fold_r2,wo_b,264.31,41984000,158.8,32,32,2,1,2,4,1,2,2,8,8,8,1,193,0,"build/shaders_acc4fold (-D DEEPMOE_GEMV_ACC=4 -D DEEPMOE_GEMV_FOLD_SCALE=1)","","sweep point (13.3/13.5)"
var_acc4fold_r2,wq_a.ksplit,56.66,6560000,115.8,32,32,2,1,2,4,1,2,2,8,8,8,1,193,0,"build/shaders_acc4fold (-D DEEPMOE_GEMV_ACC=4 -D DEEPMOE_GEMV_FOLD_SCALE=1)","","sweep point (13.3/13.5)"
var_acc4fold_r2,wq_a.kcombine,0.95,10240,10.8,32,32,2,1,2,4,1,2,2,8,8,8,1,193,0,"build/shaders_acc4fold (-D DEEPMOE_GEMV_ACC=4 -D DEEPMOE_GEMV_FOLD_SCALE=1)","","sweep point (13.3/13.5)"
var_acc4fold_r2,wo_a.ksplit,337.03,33587200,99.7,32,32,2,1,2,4,1,2,2,8,8,8,1,193,0,"build/shaders_acc4fold (-D DEEPMOE_GEMV_ACC=4 -D DEEPMOE_GEMV_FOLD_SCALE=1)","","sweep point (13.3/13.5)"
var_acc4fold_r2,wo_a.kcombine,1.07,32768,30.7,32,32,2,1,2,4,1,2,2,8,8,8,1,193,0,"build/shaders_acc4fold (-D DEEPMOE_GEMV_ACC=4 -D DEEPMOE_GEMV_FOLD_SCALE=1)","","sweep point (13.3/13.5)"
var_acc4fold_r2,wo_b.ksplit,302.16,41984000,138.9,32,32,2,1,2,4,1,2,2,8,8,8,1,193,0,"build/shaders_acc4fold (-D DEEPMOE_GEMV_ACC=4 -D DEEPMOE_GEMV_FOLD_SCALE=1)","","sweep point (13.3/13.5)"
var_acc4fold_r2,wo_b.kcombine,1.13,40960,36.2,32,32,2,1,2,4,1,2,2,8,8,8,1,193,0,"build/shaders_acc4fold (-D DEEPMOE_GEMV_ACC=4 -D DEEPMOE_GEMV_FOLD_SCALE=1)","","sweep point (13.3/13.5)"
var_acc4fold_r2,wkv.ksplit,10.64,2624000,246.6,32,32,2,1,2,4,1,2,2,8,8,8,1,193,0,"build/shaders_acc4fold (-D DEEPMOE_GEMV_ACC=4 -D DEEPMOE_GEMV_FOLD_SCALE=1)","","sweep point (13.3/13.5)"
var_acc4fold_r2,wkv.kfinish,9.23,8192,0.9,32,32,2,1,2,4,1,2,2,8,8,8,1,193,0,"build/shaders_acc4fold (-D DEEPMOE_GEMV_ACC=4 -D DEEPMOE_GEMV_FOLD_SCALE=1)","","sweep point (13.3/13.5)"
var_acc4fold_r2,gate.score,16.46,3932160,238.9,32,32,2,1,2,4,1,2,2,8,8,8,1,193,0,"build/shaders_acc4fold (-D DEEPMOE_GEMV_ACC=4 -D DEEPMOE_GEMV_FOLD_SCALE=1)","","sweep point (13.3/13.5)"
var_acc4fold_r2,gate.topk,13.38,3072,0.2,32,32,2,1,2,4,1,2,2,8,8,8,1,193,0,"build/shaders_acc4fold (-D DEEPMOE_GEMV_ACC=4 -D DEEPMOE_GEMV_FOLD_SCALE=1)","","sweep point (13.3/13.5)"
var_acc4fold_r2,head,5671.56,1323827200,233.4,32,32,2,1,2,4,1,2,2,8,8,8,1,193,0,"build/shaders_acc4fold (-D DEEPMOE_GEMV_ACC=4 -D DEEPMOE_GEMV_FOLD_SCALE=1)","","sweep point (13.3/13.5)"
var_acc4fold_r2,compressor.wkv,16.06,5242880,326.4,32,32,2,1,2,4,1,2,2,8,8,8,1,193,0,"build/shaders_acc4fold (-D DEEPMOE_GEMV_ACC=4 -D DEEPMOE_GEMV_FOLD_SCALE=1)","","sweep point (13.3/13.5)"
var_acc4fold_r2,compressor.wgate,15.95,5242880,328.7,32,32,2,1,2,4,1,2,2,8,8,8,1,193,0,"build/shaders_acc4fold (-D DEEPMOE_GEMV_ACC=4 -D DEEPMOE_GEMV_FOLD_SCALE=1)","","sweep point (13.3/13.5)"
var_acc4fold_r2,compressor.norm,3.64,8192,2.2,32,32,2,1,2,4,1,2,2,8,8,8,1,193,0,"build/shaders_acc4fold (-D DEEPMOE_GEMV_ACC=4 -D DEEPMOE_GEMV_FOLD_SCALE=1)","","sweep point (13.3/13.5)"
var_acc4fold_r2,compressor.store,7.51,3072,0.4,32,32,2,1,2,4,1,2,2,8,8,8,1,193,0,"build/shaders_acc4fold (-D DEEPMOE_GEMV_ACC=4 -D DEEPMOE_GEMV_FOLD_SCALE=1)","","sweep point (13.3/13.5)"
var_acc4fold_r2,indexer.wq_b,16.36,5248000,320.8,32,32,2,1,2,4,1,2,2,8,8,8,1,193,0,"build/shaders_acc4fold (-D DEEPMOE_GEMV_ACC=4 -D DEEPMOE_GEMV_FOLD_SCALE=1)","","sweep point (13.3/13.5)"
var_acc4fold_r2,indexer.q_finish,10.36,24576,2.4,32,32,2,1,2,4,1,2,2,8,8,8,1,193,0,"build/shaders_acc4fold (-D DEEPMOE_GEMV_ACC=4 -D DEEPMOE_GEMV_FOLD_SCALE=1)","","sweep point (13.3/13.5)"
var_acc4fold_r2,indexer.key,18.86,131072,6.9,32,32,2,1,2,4,1,2,2,8,8,8,1,193,0,"build/shaders_acc4fold (-D DEEPMOE_GEMV_ACC=4 -D DEEPMOE_GEMV_FOLD_SCALE=1)","","sweep point (13.3/13.5)"
var_acc4fold_r2,indexer.weights,22.12,327680,14.8,32,32,2,1,2,4,1,2,2,8,8,8,1,193,0,"build/shaders_acc4fold (-D DEEPMOE_GEMV_ACC=4 -D DEEPMOE_GEMV_FOLD_SCALE=1)","","sweep point (13.3/13.5)"
var_acc4fold_r2,indexer.score,16.18,16640,1.0,32,32,2,1,2,4,1,2,2,8,8,8,1,193,0,"build/shaders_acc4fold (-D DEEPMOE_GEMV_ACC=4 -D DEEPMOE_GEMV_FOLD_SCALE=1)","","sweep point (13.3/13.5)"
var_acc4fold_r2,indexer.topk,0.79,260,0.3,32,32,2,1,2,4,1,2,2,8,8,8,1,193,0,"build/shaders_acc4fold (-D DEEPMOE_GEMV_ACC=4 -D DEEPMOE_GEMV_FOLD_SCALE=1)","","sweep point (13.3/13.5)"
var_fold_r2,mega_mhc.post,2.34,163840,70.0,32,32,2,1,2,4,1,2,2,8,8,8,1,193,0,"build/shaders_fold (-D DEEPMOE_GEMV_FOLD_SCALE=1)","","sweep point (13.3/13.5)"
var_fold_r2,mega_mhc.mix,5.33,1966080,368.8,32,32,2,1,2,4,1,2,2,8,8,8,1,193,0,"build/shaders_fold (-D DEEPMOE_GEMV_FOLD_SCALE=1)","","sweep point (13.3/13.5)"
var_fold_r2,mega_mhc.final,3.34,40960,12.3,32,32,2,1,2,4,1,2,2,8,8,8,1,193,0,"build/shaders_fold (-D DEEPMOE_GEMV_FOLD_SCALE=1)","","sweep point (13.3/13.5)"
var_fold_r2,wq_a,37.48,6560000,175.0,32,32,2,1,2,4,1,2,2,8,8,8,1,193,0,"build/shaders_fold (-D DEEPMOE_GEMV_FOLD_SCALE=1)","","sweep point (13.3/13.5)"
var_fold_r2,wq_b,189.97,41984000,221.0,32,32,2,1,2,4,1,2,2,8,8,8,1,193,0,"build/shaders_fold (-D DEEPMOE_GEMV_FOLD_SCALE=1)","","sweep point (13.3/13.5)"
var_fold_r2,wkv.gemv,10.10,2624000,259.8,32,32,2,1,2,4,1,2,2,8,8,8,1,193,0,"build/shaders_fold (-D DEEPMOE_GEMV_FOLD_SCALE=1)","","sweep point (13.3/13.5)"
var_fold_r2,wkv.finish,10.12,2560,0.3,32,32,2,1,2,4,1,2,2,8,8,8,1,193,0,"build/shaders_fold (-D DEEPMOE_GEMV_FOLD_SCALE=1)","","sweep point (13.3/13.5)"
var_fold_r2,sparse_attn.score,25.91,134144,5.2,32,32,2,1,2,4,1,2,2,8,8,8,1,193,0,"build/shaders_fold (-D DEEPMOE_GEMV_FOLD_SCALE=1)","","sweep point (13.3/13.5)"
var_fold_r2,sparse_attn.combine,27.12,134144,4.9,32,32,2,1,2,4,1,2,2,8,8,8,1,193,0,"build/shaders_fold (-D DEEPMOE_GEMV_FOLD_SCALE=1)","","sweep point (13.3/13.5)"
var_fold_r2,sparse_attn_t.score,18.02,134144,7.4,32,32,2,1,2,4,1,2,2,8,8,8,1,193,0,"build/shaders_fold (-D DEEPMOE_GEMV_FOLD_SCALE=1)","","sweep point (13.3/13.5)"
var_fold_r2,sparse_attn_t.pv,31.85,134144,4.2,32,32,2,1,2,4,1,2,2,8,8,8,1,193,0,"build/shaders_fold (-D DEEPMOE_GEMV_FOLD_SCALE=1)","","sweep point (13.3/13.5)"
var_fold_r2,sparse_attn_t.finish,3.24,1048576,324.1,32,32,2,1,2,4,1,2,2,8,8,8,1,193,0,"build/shaders_fold (-D DEEPMOE_GEMV_FOLD_SCALE=1)","","sweep point (13.3/13.5)"
var_fold_r2,wo_a,198.84,33587200,168.9,32,32,2,1,2,4,1,2,2,8,8,8,1,193,0,"build/shaders_fold (-D DEEPMOE_GEMV_FOLD_SCALE=1)","","sweep point (13.3/13.5)"
var_fold_r2,wo_b,271.93,41984000,154.4,32,32,2,1,2,4,1,2,2,8,8,8,1,193,0,"build/shaders_fold (-D DEEPMOE_GEMV_FOLD_SCALE=1)","","sweep point (13.3/13.5)"
var_fold_r2,wq_a.ksplit,55.72,6560000,117.7,32,32,2,1,2,4,1,2,2,8,8,8,1,193,0,"build/shaders_fold (-D DEEPMOE_GEMV_FOLD_SCALE=1)","","sweep point (13.3/13.5)"
var_fold_r2,wq_a.kcombine,1.02,10240,10.1,32,32,2,1,2,4,1,2,2,8,8,8,1,193,0,"build/shaders_fold (-D DEEPMOE_GEMV_FOLD_SCALE=1)","","sweep point (13.3/13.5)"
var_fold_r2,wo_a.ksplit,323.53,33587200,103.8,32,32,2,1,2,4,1,2,2,8,8,8,1,193,0,"build/shaders_fold (-D DEEPMOE_GEMV_FOLD_SCALE=1)","","sweep point (13.3/13.5)"
var_fold_r2,wo_a.kcombine,1.04,32768,31.6,32,32,2,1,2,4,1,2,2,8,8,8,1,193,0,"build/shaders_fold (-D DEEPMOE_GEMV_FOLD_SCALE=1)","","sweep point (13.3/13.5)"
var_fold_r2,wo_b.ksplit,411.17,41984000,102.1,32,32,2,1,2,4,1,2,2,8,8,8,1,193,0,"build/shaders_fold (-D DEEPMOE_GEMV_FOLD_SCALE=1)","","sweep point (13.3/13.5)"
var_fold_r2,wo_b.kcombine,0.95,40960,43.0,32,32,2,1,2,4,1,2,2,8,8,8,1,193,0,"build/shaders_fold (-D DEEPMOE_GEMV_FOLD_SCALE=1)","","sweep point (13.3/13.5)"
var_fold_r2,wkv.ksplit,8.83,2624000,297.0,32,32,2,1,2,4,1,2,2,8,8,8,1,193,0,"build/shaders_fold (-D DEEPMOE_GEMV_FOLD_SCALE=1)","","sweep point (13.3/13.5)"
var_fold_r2,wkv.kfinish,8.26,8192,1.0,32,32,2,1,2,4,1,2,2,8,8,8,1,193,0,"build/shaders_fold (-D DEEPMOE_GEMV_FOLD_SCALE=1)","","sweep point (13.3/13.5)"
var_fold_r2,gate.score,15.40,3932160,255.3,32,32,2,1,2,4,1,2,2,8,8,8,1,193,0,"build/shaders_fold (-D DEEPMOE_GEMV_FOLD_SCALE=1)","","sweep point (13.3/13.5)"
var_fold_r2,gate.topk,11.63,3072,0.3,32,32,2,1,2,4,1,2,2,8,8,8,1,193,0,"build/shaders_fold (-D DEEPMOE_GEMV_FOLD_SCALE=1)","","sweep point (13.3/13.5)"
var_fold_r2,head,5653.57,1323827200,234.2,32,32,2,1,2,4,1,2,2,8,8,8,1,193,0,"build/shaders_fold (-D DEEPMOE_GEMV_FOLD_SCALE=1)","","sweep point (13.3/13.5)"
var_fold_r2,compressor.wkv,16.01,5242880,327.6,32,32,2,1,2,4,1,2,2,8,8,8,1,193,0,"build/shaders_fold (-D DEEPMOE_GEMV_FOLD_SCALE=1)","","sweep point (13.3/13.5)"
var_fold_r2,compressor.wgate,15.74,5242880,333.1,32,32,2,1,2,4,1,2,2,8,8,8,1,193,0,"build/shaders_fold (-D DEEPMOE_GEMV_FOLD_SCALE=1)","","sweep point (13.3/13.5)"
var_fold_r2,compressor.norm,3.61,8192,2.3,32,32,2,1,2,4,1,2,2,8,8,8,1,193,0,"build/shaders_fold (-D DEEPMOE_GEMV_FOLD_SCALE=1)","","sweep point (13.3/13.5)"
var_fold_r2,compressor.store,7.43,3072,0.4,32,32,2,1,2,4,1,2,2,8,8,8,1,193,0,"build/shaders_fold (-D DEEPMOE_GEMV_FOLD_SCALE=1)","","sweep point (13.3/13.5)"
var_fold_r2,indexer.wq_b,15.99,5248000,328.1,32,32,2,1,2,4,1,2,2,8,8,8,1,193,0,"build/shaders_fold (-D DEEPMOE_GEMV_FOLD_SCALE=1)","","sweep point (13.3/13.5)"
var_fold_r2,indexer.q_finish,10.39,24576,2.4,32,32,2,1,2,4,1,2,2,8,8,8,1,193,0,"build/shaders_fold (-D DEEPMOE_GEMV_FOLD_SCALE=1)","","sweep point (13.3/13.5)"
var_fold_r2,indexer.key,19.23,131072,6.8,32,32,2,1,2,4,1,2,2,8,8,8,1,193,0,"build/shaders_fold (-D DEEPMOE_GEMV_FOLD_SCALE=1)","","sweep point (13.3/13.5)"
var_fold_r2,indexer.weights,22.08,327680,14.8,32,32,2,1,2,4,1,2,2,8,8,8,1,193,0,"build/shaders_fold (-D DEEPMOE_GEMV_FOLD_SCALE=1)","","sweep point (13.3/13.5)"
var_fold_r2,indexer.score,16.15,16640,1.0,32,32,2,1,2,4,1,2,2,8,8,8,1,193,0,"build/shaders_fold (-D DEEPMOE_GEMV_FOLD_SCALE=1)","","sweep point (13.3/13.5)"
var_fold_r2,indexer.topk,0.79,260,0.3,32,32,2,1,2,4,1,2,2,8,8,8,1,193,0,"build/shaders_fold (-D DEEPMOE_GEMV_FOLD_SCALE=1)","","sweep point (13.3/13.5)"
var_ref_r2,mega_mhc.post,2.34,163840,70.0,32,32,2,1,2,4,1,2,2,8,8,8,1,193,0,"build/shaders_ref","","sweep point (13.3/13.5)"
var_ref_r2,mega_mhc.mix,5.33,1966080,368.6,32,32,2,1,2,4,1,2,2,8,8,8,1,193,0,"build/shaders_ref","","sweep point (13.3/13.5)"
var_ref_r2,mega_mhc.final,3.25,40960,12.6,32,32,2,1,2,4,1,2,2,8,8,8,1,193,0,"build/shaders_ref","","sweep point (13.3/13.5)"
var_ref_r2,wq_a,37.89,6560000,173.2,32,32,2,1,2,4,1,2,2,8,8,8,1,193,0,"build/shaders_ref","","sweep point (13.3/13.5)"
var_ref_r2,wq_b,194.92,41984000,215.4,32,32,2,1,2,4,1,2,2,8,8,8,1,193,0,"build/shaders_ref","","sweep point (13.3/13.5)"
var_ref_r2,wkv.gemv,9.92,2624000,264.6,32,32,2,1,2,4,1,2,2,8,8,8,1,193,0,"build/shaders_ref","","sweep point (13.3/13.5)"
var_ref_r2,wkv.finish,10.23,2560,0.3,32,32,2,1,2,4,1,2,2,8,8,8,1,193,0,"build/shaders_ref","","sweep point (13.3/13.5)"
var_ref_r2,sparse_attn.score,26.42,134144,5.1,32,32,2,1,2,4,1,2,2,8,8,8,1,193,0,"build/shaders_ref","","sweep point (13.3/13.5)"
var_ref_r2,sparse_attn.combine,27.59,134144,4.9,32,32,2,1,2,4,1,2,2,8,8,8,1,193,0,"build/shaders_ref","","sweep point (13.3/13.5)"
var_ref_r2,sparse_attn_t.score,18.97,134144,7.1,32,32,2,1,2,4,1,2,2,8,8,8,1,193,0,"build/shaders_ref","","sweep point (13.3/13.5)"
var_ref_r2,sparse_attn_t.pv,34.11,134144,3.9,32,32,2,1,2,4,1,2,2,8,8,8,1,193,0,"build/shaders_ref","","sweep point (13.3/13.5)"
var_ref_r2,sparse_attn_t.finish,3.44,1048576,304.8,32,32,2,1,2,4,1,2,2,8,8,8,1,193,0,"build/shaders_ref","","sweep point (13.3/13.5)"
var_ref_r2,wo_a,196.92,33587200,170.6,32,32,2,1,2,4,1,2,2,8,8,8,1,193,0,"build/shaders_ref","","sweep point (13.3/13.5)"
var_ref_r2,wo_b,266.53,41984000,157.5,32,32,2,1,2,4,1,2,2,8,8,8,1,193,0,"build/shaders_ref","","sweep point (13.3/13.5)"
var_ref_r2,wq_a.ksplit,54.38,6560000,120.6,32,32,2,1,2,4,1,2,2,8,8,8,1,193,0,"build/shaders_ref","","sweep point (13.3/13.5)"
var_ref_r2,wq_a.kcombine,0.96,10240,10.6,32,32,2,1,2,4,1,2,2,8,8,8,1,193,0,"build/shaders_ref","","sweep point (13.3/13.5)"
var_ref_r2,wo_a.ksplit,323.85,33587200,103.7,32,32,2,1,2,4,1,2,2,8,8,8,1,193,0,"build/shaders_ref","","sweep point (13.3/13.5)"
var_ref_r2,wo_a.kcombine,1.13,32768,29.1,32,32,2,1,2,4,1,2,2,8,8,8,1,193,0,"build/shaders_ref","","sweep point (13.3/13.5)"
var_ref_r2,wo_b.ksplit,306.13,41984000,137.1,32,32,2,1,2,4,1,2,2,8,8,8,1,193,0,"build/shaders_ref","","sweep point (13.3/13.5)"
var_ref_r2,wo_b.kcombine,1.14,40960,35.8,32,32,2,1,2,4,1,2,2,8,8,8,1,193,0,"build/shaders_ref","","sweep point (13.3/13.5)"
var_ref_r2,wkv.ksplit,10.20,2624000,257.4,32,32,2,1,2,4,1,2,2,8,8,8,1,193,0,"build/shaders_ref","","sweep point (13.3/13.5)"
var_ref_r2,wkv.kfinish,9.43,8192,0.9,32,32,2,1,2,4,1,2,2,8,8,8,1,193,0,"build/shaders_ref","","sweep point (13.3/13.5)"
var_ref_r2,gate.score,16.54,3932160,237.7,32,32,2,1,2,4,1,2,2,8,8,8,1,193,0,"build/shaders_ref","","sweep point (13.3/13.5)"
var_ref_r2,gate.topk,13.74,3072,0.2,32,32,2,1,2,4,1,2,2,8,8,8,1,193,0,"build/shaders_ref","","sweep point (13.3/13.5)"
var_ref_r2,head,5732.00,1323827200,231.0,32,32,2,1,2,4,1,2,2,8,8,8,1,193,0,"build/shaders_ref","","sweep point (13.3/13.5)"
var_ref_r2,compressor.wkv,16.10,5242880,325.7,32,32,2,1,2,4,1,2,2,8,8,8,1,193,0,"build/shaders_ref","","sweep point (13.3/13.5)"
var_ref_r2,compressor.wgate,15.83,5242880,331.3,32,32,2,1,2,4,1,2,2,8,8,8,1,193,0,"build/shaders_ref","","sweep point (13.3/13.5)"
var_ref_r2,compressor.norm,3.61,8192,2.3,32,32,2,1,2,4,1,2,2,8,8,8,1,193,0,"build/shaders_ref","","sweep point (13.3/13.5)"
var_ref_r2,compressor.store,7.43,3072,0.4,32,32,2,1,2,4,1,2,2,8,8,8,1,193,0,"build/shaders_ref","","sweep point (13.3/13.5)"
var_ref_r2,indexer.wq_b,16.96,5248000,309.4,32,32,2,1,2,4,1,2,2,8,8,8,1,193,0,"build/shaders_ref","","sweep point (13.3/13.5)"
var_ref_r2,indexer.q_finish,10.24,24576,2.4,32,32,2,1,2,4,1,2,2,8,8,8,1,193,0,"build/shaders_ref","","sweep point (13.3/13.5)"
var_ref_r2,indexer.key,18.75,131072,7.0,32,32,2,1,2,4,1,2,2,8,8,8,1,193,0,"build/shaders_ref","","sweep point (13.3/13.5)"
var_ref_r2,indexer.weights,21.69,327680,15.1,32,32,2,1,2,4,1,2,2,8,8,8,1,193,0,"build/shaders_ref","","sweep point (13.3/13.5)"
var_ref_r2,indexer.score,16.05,16640,1.0,32,32,2,1,2,4,1,2,2,8,8,8,1,193,0,"build/shaders_ref","","sweep point (13.3/13.5)"
var_ref_r2,indexer.topk,0.78,260,0.3,32,32,2,1,2,4,1,2,2,8,8,8,1,193,0,"build/shaders_ref","","sweep point (13.3/13.5)"
