source,task,layer,expert,count,share_task,share_others,ratio,others_zero
trace,code,0,0,321,0.00717,0.00083,8.66472,False
trace,code,0,9,176,0.00393,0.00079,4.95078,False
trace,code,0,18,171,0.00382,0.00102,3.7456,False
trace,code,0,33,174,0.00389,0.00088,4.42838,False
trace,code,0,38,242,0.00541,0.0016,3.36821,False
trace,code,0,88,149,0.00333,0.00107,3.11072,False
trace,code,0,89,167,0.00373,0.00043,8.75046,False
trace,code,0,101,266,0.00594,0.00144,4.13274,False
trace,code,0,107,203,0.00453,0.00145,3.1357,False
trace,code,0,117,135,0.00302,0.00086,3.50252,False
trace,code,0,130,1213,0.0271,0.00076,35.62082,False
trace,code,0,131,430,0.00961,0.00075,12.76764,False
trace,code,0,143,329,0.00735,0.00228,3.22046,False
trace,code,0,154,403,0.009,0.00111,8.09726,False
trace,code,0,159,328,0.00733,0.00096,7.62185,False
trace,code,0,167,209,0.00467,0.00137,3.40555,False
trace,code,0,169,318,0.0071,0.00072,9.88128,False
trace,code,0,187,269,0.00601,0.00118,5.09821,False
trace,code,0,192,163,0.00364,0.00069,5.312,False
trace,code,0,206,354,0.00791,0.00099,7.94952,False
trace,code,0,219,123,0.00275,0.00086,3.19119,False
trace,code,0,234,306,0.00684,0.00127,5.37975,False
trace,code,0,241,144,0.00322,0.001,3.20676,False
trace,code,0,245,225,0.00503,0.00072,6.99147,False
trace,code,0,250,476,0.01063,0.00141,7.5267,False
trace,code,0,263,172,0.00384,0.00113,3.4047,False
trace,code,0,266,197,0.0044,0.0011,4.01864,False
trace,code,0,280,230,0.00514,0.00137,3.74773,False
trace,code,0,284,138,0.00308,0.00036,8.57621,False
trace,code,0,293,207,0.00462,0.00136,3.39365,False
trace,code,0,305,240,0.00536,0.00139,3.86356,False
trace,code,0,310,383,0.00856,0.00188,4.54884,False
trace,code,0,343,279,0.00623,0.00167,3.72785,False
trace,code,1,0,955,0.02133,0.00417,5.11431,False
trace,code,1,11,327,0.0073,0.00193,3.78286,False
trace,code,1,18,253,0.00565,0.00076,7.42957,False
trace,code,1,24,222,0.00496,0.00132,3.75474,False
trace,code,1,33,494,0.01104,0.00048,23.1599,False
trace,code,1,38,211,0.00471,0.00025,18.79515,False
trace,code,1,51,146,0.00326,0.0008,4.06412,False
trace,code,1,54,407,0.00909,0.0028,3.24664,False
trace,code,1,57,170,0.0038,0.00078,4.88484,False
trace,code,1,69,150,0.00335,0.00089,3.74621,False
trace,code,1,75,399,0.00891,0.00251,3.55415,False
trace,code,1,97,226,0.00505,0.00157,3.21244,False
trace,code,1,98,163,0.00364,0.00115,3.15641,False
trace,code,1,106,328,0.00733,0.00227,3.23437,False
trace,code,1,110,664,0.01483,0.00263,5.63303,False
trace,code,1,121,147,0.00328,0.00059,5.61182,False
trace,code,1,125,122,0.00273,0.00089,3.07566,False
trace,code,1,138,151,0.00337,0.0009,3.73627,False
trace,code,1,159,331,0.00739,0.00081,9.11887,False
trace,code,1,173,275,0.00614,0.00036,17.09026,False
trace,code,1,191,381,0.00851,0.00049,17.25669,False
trace,code,1,193,438,0.00978,0.00259,3.7757,False
trace,code,1,215,194,0.00433,0.00082,5.29006,False
trace,code,1,240,236,0.00527,0.00076,6.93035,False
trace,code,1,266,636,0.01421,0.00255,5.57239,False
trace,code,1,273,143,0.00319,0.00053,6.06569,False
trace,code,1,283,267,0.00596,0.0012,4.95488,False
trace,code,1,301,147,0.00328,0.00087,3.77719,False
trace,code,1,316,255,0.0057,0.00059,9.59768,False
trace,code,1,319,477,0.01066,0.0023,4.63522,False
trace,code,1,322,420,0.00938,0.00124,7.58354,False
trace,code,1,340,1004,0.02243,0.00497,4.51681,False
trace,code,1,341,130,0.0029,0.00084,3.47398,False
trace,code,1,371,247,0.00552,0.00147,3.75032,False
trace,code,1,373,217,0.00485,0.00057,8.52777,False
trace,code,1,380,120,0.00268,0.00082,3.2722,False
trace,code,1,381,349,0.0078,0.00206,3.79118,False
trace,code,2,1,530,0.01184,0.00072,16.4688,False
trace,code,2,2,118,0.00264,0.00053,4.92705,False
trace,code,2,13,1123,0.02509,0.00238,10.52978,False
trace,code,2,15,192,0.00429,0.00113,3.8006,False
trace,code,2,30,441,0.00985,0.00213,4.6215,False
trace,code,2,35,1138,0.02542,0.00543,4.67857,False
trace,code,2,57,136,0.00304,0.00036,8.45191,False
trace,code,2,58,2755,0.06154,0.00425,14.49247,False
trace,code,2,68,185,0.00413,0.00055,7.49053,False
trace,code,2,69,649,0.0145,0.00159,9.128,False
trace,code,2,77,144,0.00322,0.00104,3.07848,False
trace,code,2,79,530,0.01184,0.00211,5.59809,False
trace,code,2,96,383,0.00856,0.00084,10.23489,False
trace,code,2,102,140,0.00313,0.00067,4.67652,False
trace,code,2,103,471,0.01052,0.00183,5.74727,False
trace,code,2,112,144,0.00322,0.00079,4.05064,False
trace,code,2,115,336,0.00751,0.00227,3.31325,False
trace,code,2,127,367,0.0082,0.00018,44.57875,False
trace,code,2,131,283,0.00632,0.00204,3.09943,False
trace,code,2,147,331,0.00739,0.00224,3.30048,False
trace,code,2,154,321,0.00717,0.00045,15.88531,False
trace,code,2,185,212,0.00474,0.00099,4.80107,False
trace,code,2,199,1022,0.02283,0.00099,23.1448,False
trace,code,2,278,334,0.00746,0.00142,5.25028,False
trace,code,2,298,471,0.01052,0.00338,3.11547,False
trace,code,2,328,491,0.01097,0.00158,6.94231,False
trace,code,2,330,145,0.00324,0.00075,4.30537,False
trace,code,2,347,542,0.01211,0.0016,7.58316,False
trace,code,2,354,221,0.00494,0.00125,3.93718,False
trace,code,2,373,120,0.00268,0.00074,3.6031,False
trace,code,2,375,447,0.00999,0.00262,3.81635,False
trace,code,2,382,333,0.00744,0.00135,5.52717,False
trace,code,3,12,546,0.0122,0.00141,8.63357,False
trace,code,3,13,723,0.01615,0.00072,22.46593,False
trace,code,3,21,127,0.00284,0.00064,4.40755,False
trace,code,3,61,1450,0.03239,0.00673,4.81345,False
trace,code,3,67,160,0.00357,0.00119,3.01104,False
trace,code,3,74,342,0.00764,0.00252,3.0363,False
trace,code,3,89,193,0.00431,0.00088,4.91193,False
trace,code,3,91,273,0.0061,0.00163,3.74121,False
trace,code,3,141,133,0.00297,0.00059,5.07736,False
trace,code,3,147,5394,0.12049,0.02137,5.63942,False
trace,code,3,149,690,0.01541,0.00153,10.07587,False
trace,code,3,161,556,0.01242,0.00364,3.41562,False
trace,code,3,163,335,0.00748,0.0016,4.68701,False
trace,code,3,178,152,0.0034,0.00091,3.7265,False
trace,code,3,179,242,0.00541,0.00057,9.51023,False
trace,code,3,192,334,0.00746,0.00148,5.04264,False
trace,code,3,232,146,0.00326,0.00072,4.53669,False
trace,code,3,233,292,0.00652,0.00055,11.82289,False
trace,code,3,249,275,0.00614,0.00104,5.87905,False
trace,code,3,252,254,0.00567,0.00026,21.89559,False
trace,code,3,262,929,0.02075,0.00588,3.53138,False
trace,code,3,265,218,0.00487,0.00143,3.40679,False
trace,code,3,288,1243,0.02777,0.00262,10.61234,False
trace,code,3,304,372,0.00831,0.00251,3.31365,False
trace,code,3,320,120,0.00268,0.00079,3.41144,False
trace,code,3,337,251,0.00561,0.00105,5.32338,False
trace,code,4,0,1293,0.02888,0.00925,3.1213,False
trace,code,4,26,193,0.00431,0.0007,6.13992,False
trace,code,4,28,213,0.00476,0.00106,4.48188,False
trace,code,4,37,186,0.00415,0.00103,4.04103,False
trace,code,4,49,238,0.00532,0.00044,12.00012,False
trace,code,4,53,511,0.01141,0.0034,3.35514,False
trace,code,4,55,205,0.00458,0.00059,7.71578,False
trace,code,4,85,1471,0.03286,0.0021,15.66114,False
trace,code,4,95,388,0.00867,0.00111,7.79587,False
trace,code,4,103,545,0.01217,0.00272,4.48123,False
trace,code,4,128,552,0.01233,0.00237,5.19404,False
trace,code,4,131,120,0.00268,0.00074,3.6031,False
trace,code,4,135,241,0.00538,0.00152,3.53859,False
trace,code,4,143,371,0.00829,0.00096,8.62106,False
trace,code,4,151,404,0.00902,0.0014,6.42624,False
trace,code,4,153,152,0.0034,0.00063,5.41585,False
trace,code,4,166,333,0.00744,0.00059,12.71249,False
trace,code,4,170,303,0.00677,0.00015,44.98365,False
trace,code,4,192,621,0.01387,0.00461,3.00633,False
trace,code,4,194,239,0.00534,0.00158,3.37925,False
trace,code,4,201,944,0.02109,0.0005,42.04412,False
trace,code,4,206,233,0.0052,0.00108,4.82671,False
trace,code,4,224,644,0.01439,0.00045,31.8696,False
trace,code,4,227,128,0.00286,0.00065,4.38531,False
trace,code,4,231,319,0.00713,0.00079,9.06875,False
trace,code,4,238,173,0.00386,0.00071,5.43891,False
trace,code,4,259,248,0.00554,0.0013,4.24827,False
trace,code,4,266,223,0.00498,0.00104,4.76738,False
trace,code,4,273,410,0.00916,0.0009,10.14483,False
trace,code,4,287,141,0.00315,0.00094,3.36423,False
trace,code,4,289,271,0.00605,0.00114,5.32494,False
trace,code,4,304,576,0.01287,0.00094,13.62161,False
trace,code,4,339,128,0.00286,0.00033,8.55135,False
trace,code,4,353,224,0.005,0.00157,3.18401,False
trace,code,4,370,302,0.00675,0.00027,25.21979,False
trace,code,4,376,132,0.00295,7e-05,44.09288,False
trace,code,5,28,205,0.00458,0.00024,18.89037,False
trace,code,5,34,339,0.00757,0.00246,3.08132,False
trace,code,5,41,171,0.00382,0.0009,4.23114,False
trace,code,5,65,289,0.00646,0.00148,4.36324,False
trace,code,5,72,302,0.00675,0.0008,8.4066,False
trace,code,5,84,208,0.00465,0.00109,4.27567,False
trace,code,5,119,604,0.01349,0.00038,35.86815,False
trace,code,5,163,549,0.01226,0.00049,24.86594,False
trace,code,5,164,367,0.0082,0.00206,3.98672,False
trace,code,5,179,2657,0.05935,0.01182,5.02142,False
trace,code,5,181,415,0.00927,0.00154,6.02719,False
trace,code,5,182,232,0.00518,0.00146,3.5427,False
trace,code,5,188,310,0.00692,0.00075,9.20457,False
trace,code,5,195,336,0.00751,0.00094,7.94594,False
trace,code,5,202,188,0.0042,0.00039,10.68918,False
trace,code,5,208,1935,0.04322,0.00258,16.73428,False
trace,code,5,209,196,0.00438,0.00094,4.67652,False
trace,code,5,218,142,0.00317,0.00039,8.07375,False
trace,code,5,226,263,0.00587,0.00139,4.23382,False
trace,code,5,229,369,0.00824,0.00121,6.80053,False
trace,code,5,241,281,0.00628,0.00193,3.25071,False
trace,code,5,242,131,0.00293,0.00053,5.46986,False
trace,code,5,247,360,0.00804,0.00252,3.18552,False
trace,code,5,262,200,0.00447,0.00016,28.12943,False
trace,code,5,263,1037,0.02316,0.00069,33.79477,False
trace,code,5,264,167,0.00373,0.00099,3.78198,False
trace,code,5,275,264,0.0059,0.00048,12.37695,False
trace,code,5,289,197,0.0044,0.00085,5.1612,False
trace,code,5,314,886,0.01979,0.00259,7.63759,False
trace,code,5,344,690,0.01541,0.00023,68.29201,False
trace,code,5,349,298,0.00666,0.00112,5.94287,False
trace,code,5,358,160,0.00357,0.00089,3.99596,False
trace,code,5,369,1067,0.02384,0.00458,5.20317,False
trace,code,5,376,570,0.01273,0.00157,8.10217,False
trace,code,5,379,885,0.01977,0.00556,3.55636,False
trace,code,6,4,374,0.00835,0.00179,4.67027,False
trace,code,6,15,285,0.00637,0.00196,3.25472,False
trace,code,6,17,726,0.01622,0.0044,3.68838,False
trace,code,6,18,347,0.00775,0.00053,14.48885,False
trace,code,6,23,407,0.00909,0.00074,12.35937,False
trace,code,6,24,132,0.00295,0.00038,7.83873,False
trace,code,6,28,4958,0.11075,0.02166,5.11356,False
trace,code,6,63,531,0.01186,0.00145,8.15511,False
trace,code,6,79,1266,0.02828,0.00313,9.04579,False
trace,code,6,93,250,0.00558,0.00061,9.1517,False
trace,code,6,96,143,0.00319,0.00054,5.87905,False
trace,code,6,107,154,0.00344,0.00015,22.86298,False
trace,code,6,128,146,0.00326,0.00092,3.54687,False
trace,code,6,148,476,0.01063,0.00053,19.8752,False
trace,code,6,160,1650,0.03686,0.00294,12.52639,False
trace,code,6,167,437,0.00976,0.00175,5.58753,False
trace,code,6,177,200,0.00447,0.0014,3.1813,False
trace,code,6,189,876,0.01957,0.00147,13.30075,False
trace,code,6,195,157,0.00351,0.00016,22.0816,False
trace,code,6,204,203,0.00453,0.00063,7.23301,False
trace,code,6,206,505,0.01128,0.00324,3.47812,False
trace,code,6,208,139,0.00311,0.00016,19.54995,False
trace,code,6,235,117,0.00261,4e-05,62.53172,False
trace,code,6,278,298,0.00666,0.00211,3.14761,False
trace,code,6,306,259,0.00579,0.00131,4.40844,False
trace,code,6,319,139,0.00311,0.00035,8.84403,False
trace,code,6,323,137,0.00306,0.00053,5.81118,False
trace,code,6,342,327,0.0073,0.00059,12.48344,False
trace,code,6,353,210,0.00469,0.00117,4.00844,False
trace,code,6,356,266,0.00594,0.00159,3.74121,False
trace,code,6,367,2294,0.05124,0.01674,3.06053,False
trace,code,6,373,130,0.0029,0.00048,6.09471,False
trace,code,7,19,148,0.00331,0.00038,8.78888,False
trace,code,7,23,379,0.00847,0.00278,3.04144,False
trace,code,7,32,1425,0.03183,0.00363,8.77424,False
trace,code,7,65,340,0.0076,0.00163,4.65939,False
trace,code,7,68,234,0.00523,0.00076,6.87162,False
trace,code,7,84,592,0.01322,0.00343,3.85853,False
trace,code,7,89,413,0.00923,0.00107,8.62233,False
trace,code,7,109,674,0.01506,0.00021,72.0451,False
trace,code,7,118,488,0.0109,0.00093,11.74847,False
trace,code,7,127,204,0.00456,0.00069,6.64815,False
trace,code,7,129,161,0.0036,0.00043,8.43607,False
trace,code,7,132,330,0.00737,0.00033,22.04644,False
trace,code,7,139,202,0.00451,0.00148,3.04974,False
trace,code,7,158,275,0.00614,0.00064,9.66949,False
trace,code,7,173,435,0.00972,0.00069,14.00541,False
trace,code,7,179,274,0.00612,0.00046,13.31289,False
trace,code,7,205,123,0.00275,0.00069,4.00844,False
trace,code,7,215,742,0.01658,0.00533,3.10791,False
trace,code,7,242,224,0.005,0.00051,9.81302,False
trace,code,7,270,5195,0.11605,0.02392,4.85235,False
trace,code,7,283,219,0.00489,0.00163,3.00119,False
trace,code,7,299,192,0.00429,0.00077,5.57697,False
trace,code,7,335,119,0.00266,0.00014,18.70607,False
trace,code,7,370,344,0.00768,0.00016,48.38262,False
trace,code,7,379,515,0.0115,0.00207,5.54932,False
trace,code,8,2,204,0.00456,0.0007,6.48986,False
trace,code,8,14,273,0.0061,0.00074,8.19704,False
trace,code,8,39,207,0.00462,0.0001,46.0971,False
trace,code,8,47,598,0.01336,0.00131,10.17855,False
trace,code,8,64,446,0.00996,0.00082,12.16167,False
trace,code,8,94,4495,0.10041,0.01156,8.68544,False
trace,code,8,104,225,0.00503,0.00062,8.12522,False
trace,code,8,111,288,0.00643,0.00192,3.34618,False
trace,code,8,117,504,0.01126,0.00097,11.61067,False
trace,code,8,137,664,0.01483,0.00202,7.33225,False
trace,code,8,154,258,0.00576,0.00135,4.25588,False
trace,code,8,173,307,0.00686,0.00181,3.79812,False
trace,code,8,181,296,0.00661,0.00052,12.75806,False
trace,code,8,185,1314,0.02935,0.00261,11.25448,False
trace,code,8,195,172,0.00384,0.00033,11.78551,False
trace,code,8,205,300,0.0067,0.0015,4.45383,False
trace,code,8,209,490,0.01095,0.00048,22.57629,False
trace,code,8,212,1953,0.04363,0.01215,3.5894,False
trace,code,8,217,315,0.00704,0.00023,30.06333,False
trace,code,8,224,203,0.00453,0.0012,3.76719,False
trace,code,8,228,186,0.00415,0.00096,4.32215,False
trace,code,8,237,278,0.00621,0.00038,16.14996,False
trace,code,8,248,2050,0.04579,0.00592,7.73758,False
trace,code,8,280,528,0.01179,0.00043,27.66612,False
trace,code,8,287,423,0.00945,0.0013,7.24603,False
trace,code,8,307,158,0.00353,0.00088,4.02117,False
trace,code,8,308,192,0.00429,0.00037,11.66093,False
trace,code,8,323,983,0.02196,0.0051,4.30634,False
trace,code,8,380,1027,0.02294,0.00744,3.08365,False
trace,code,9,26,950,0.02122,0.00202,10.49042,False
trace,code,9,27,117,0.00261,0.00054,4.81013,False
trace,code,9,32,278,0.00621,0.00032,19.54995,False
trace,code,9,33,874,0.01952,0.00535,3.64935,False
trace,code,9,42,628,0.01403,0.00143,9.81405,False
trace,code,9,82,2892,0.0646,0.01682,3.84109,False
trace,code,9,88,160,0.00357,0.00043,8.38367,False
trace,code,9,93,737,0.01646,0.004,4.12026,False
trace,code,9,98,549,0.01226,0.00112,10.94844,False
trace,code,9,119,626,0.01398,0.00058,24.24431,False
trace,code,9,120,643,0.01436,0.00313,4.59435,False
trace,code,9,125,327,0.0073,0.00162,4.50433,False
trace,code,9,129,1603,0.03581,0.00677,5.28851,False
trace,code,9,142,533,0.01191,0.00026,45.94625,False
trace,code,9,160,295,0.00659,0.00027,24.63523,False
trace,code,9,203,188,0.0042,0.00065,6.44092,False
trace,code,9,212,210,0.00469,0.00099,4.71582,False
trace,code,9,227,225,0.00503,0.00115,4.38881,False
trace,code,9,240,139,0.00311,0.00084,3.67771,False
trace,code,9,244,230,0.00514,0.00083,6.20836,False
trace,code,9,255,404,0.00902,0.00293,3.08459,False
trace,code,9,256,609,0.0136,0.00181,7.49967,False
trace,code,9,262,270,0.00603,0.00161,3.73845,False
trace,code,9,264,926,0.02069,0.00086,24.02472,False
trace,code,9,273,265,0.00592,0.00191,3.10596,False
trace,code,9,285,647,0.01445,0.00076,18.99973,False
trace,code,9,308,777,0.01736,0.00281,6.17968,False
trace,code,9,326,645,0.01441,0.00064,22.38482,False
trace,code,9,328,152,0.0034,0.00042,8.12378,False
trace,code,9,349,221,0.00494,0.00063,7.87437,False
trace,code,9,351,127,0.00284,0.0008,3.53522,False
trace,code,9,362,248,0.00554,0.00178,3.11141,False
trace,code,10,7,335,0.00748,0.00066,11.33189,False
trace,code,10,34,301,0.00672,0.00147,4.57023,False
trace,code,10,44,208,0.00465,0.00145,3.21293,False
trace,code,10,49,368,0.00822,0.00228,3.60222,False
trace,code,10,54,409,0.00914,0.00128,7.14359,False
trace,code,10,59,678,0.01515,0.00308,4.91007,False
trace,code,10,60,524,0.01171,0.00242,4.84527,False
trace,code,10,71,128,0.00286,0.00077,3.71798,False
trace,code,10,72,636,0.01421,0.00026,54.82517,False
trace,code,10,96,291,0.0065,0.00033,19.44095,False
trace,code,10,102,193,0.00431,0.00066,6.52852,False
trace,code,10,134,139,0.00311,0.00074,4.22101,False
trace,code,10,140,1061,0.0237,0.00135,17.6106,False
trace,code,10,143,428,0.00956,0.00256,3.73772,False
trace,code,10,151,262,0.00585,0.00125,4.69894,False
trace,code,10,152,436,0.00974,0.00286,3.40679,False
trace,code,10,161,952,0.02127,0.00134,15.90016,False
trace,code,10,163,870,0.01943,0.00488,3.98099,False
trace,code,10,179,446,0.00996,0.0022,4.53173,False
trace,code,10,188,243,0.00543,0.00124,4.38762,False
trace,code,10,192,164,0.00366,0.0011,3.34547,False
trace,code,10,245,337,0.00753,0.00038,20.01253,False
trace,code,10,246,141,0.00315,0.00093,3.39454,False
trace,code,10,254,161,0.0036,0.00074,4.88909,False
trace,code,10,263,1841,0.04112,0.01078,3.81668,False
trace,code,10,267,253,0.00565,0.00158,3.5772,False
trace,code,10,284,1087,0.02428,0.0044,5.52241,False
trace,code,10,298,242,0.00541,0.00177,3.05045,False
trace,code,10,302,751,0.01678,0.00527,3.18555,False
trace,code,10,304,593,0.01325,0.0002,66.02798,False
trace,code,10,312,238,0.00532,0.00104,5.12908,False
trace,code,10,316,317,0.00708,0.00095,7.43086,False
trace,code,10,320,743,0.0166,0.00254,6.5313,False
trace,code,10,324,2955,0.06601,0.0033,19.99148,False
trace,code,10,330,123,0.00275,0.00051,5.3884,False
trace,code,10,334,214,0.00478,0.00052,9.22373,False
trace,code,10,336,786,0.01756,0.00099,17.65063,False
trace,code,10,337,624,0.01394,0.00126,11.04313,False
trace,code,10,338,196,0.00438,0.0004,10.91188,False
trace,code,10,340,244,0.00545,0.00117,4.65743,False
trace,code,10,343,297,0.00663,0.00062,10.7253,False
trace,code,10,344,189,0.00422,0.00038,10.97965,False
trace,code,10,375,160,0.00357,0.00081,4.40791,False
trace,code,10,377,297,0.00663,0.00184,3.6076,False
trace,code,11,14,808,0.01805,0.004,4.50776,False
trace,code,11,46,202,0.00451,0.00141,3.19411,False
trace,code,11,48,117,0.00261,0.00064,4.0605,False
trace,code,11,65,261,0.00583,0.00186,3.14175,False
trace,code,11,66,580,0.01296,0.0016,8.11483,False
trace,code,11,73,832,0.01859,0.00074,24.98146,False
trace,code,11,77,200,0.00447,0.00047,9.54391,False
trace,code,11,90,304,0.00679,0.0012,5.64151,False
trace,code,11,98,1030,0.02301,0.00417,5.51596,False
trace,code,11,102,576,0.01287,0.00242,5.3261,False
trace,code,11,121,1120,0.02502,0.00048,52.50827,False
trace,code,11,123,231,0.00516,0.00017,30.86502,False
trace,code,11,147,768,0.01716,0.00173,9.91461,False
trace,code,11,170,626,0.01398,0.0014,9.95748,False
trace,code,11,189,378,0.00844,0.00071,11.88386,False
trace,code,11,198,141,0.00315,0.00031,10.18361,False
trace,code,11,209,510,0.01139,0.00123,9.27123,False
trace,code,11,220,246,0.0055,0.00058,9.52732,False
trace,code,11,221,691,0.01544,0.00171,9.05175,False
trace,code,11,231,171,0.00382,0.00061,6.25976,False
trace,code,11,255,403,0.009,0.00054,16.56823,False
trace,code,11,262,471,0.01052,0.00142,7.40383,False
trace,code,11,273,328,0.00733,0.00129,5.69164,False
trace,code,11,286,1190,0.02658,0.00613,4.33838,False
trace,code,11,289,471,0.01052,0.00028,38.14095,False
trace,code,11,304,173,0.00386,0.00097,3.98541,False
trace,code,11,306,128,0.00286,0.00023,12.66866,False
trace,code,11,319,275,0.00614,0.00122,5.03343,False
trace,code,11,338,332,0.00742,0.00131,5.65097,False
trace,code,11,345,3865,0.08634,0.00777,11.10583,False
trace,code,11,349,565,0.01262,0.00401,3.14552,False
trace,code,11,379,468,0.01045,0.00054,19.24053,False
trace,code,12,5,276,0.00617,0.00083,7.45004,False
trace,code,12,16,211,0.00471,0.00091,5.17298,False
trace,code,12,18,242,0.00541,0.0004,13.47283,False
trace,code,12,34,345,0.00771,0.00074,10.3589,False
trace,code,12,42,529,0.01182,0.00028,41.57778,False
trace,code,12,58,352,0.00786,0.00239,3.28898,False
trace,code,12,67,650,0.01452,0.00127,11.42758,False
trace,code,12,69,194,0.00433,0.00059,7.40608,False
trace,code,12,85,426,0.00952,0.00283,3.36804,False
trace,code,12,88,879,0.01964,0.00047,41.9455,False
trace,code,12,102,771,0.01722,0.00357,4.82515,False
trace,code,12,105,354,0.00791,0.00129,6.14281,False
trace,code,12,125,389,0.00869,0.00148,5.87301,False
trace,code,12,126,376,0.0084,0.00064,13.04913,False
trace,code,12,134,484,0.01081,0.00078,13.90743,False
trace,code,12,155,335,0.00748,0.00044,16.89093,False
trace,code,12,159,330,0.00737,0.00091,8.09044,False
trace,code,12,162,170,0.0038,0.00079,4.83288,False
trace,code,12,165,317,0.00708,0.00043,16.29073,False
trace,code,12,169,257,0.00574,0.0006,9.53861,False
trace,code,12,173,594,0.01327,0.00309,4.29012,False
trace,code,12,189,250,0.00558,0.00012,47.71957,False
trace,code,12,195,190,0.00424,0.00036,11.80782,False
trace,code,12,198,257,0.00574,0.00072,7.98581,False
trace,code,12,208,745,0.01664,0.00069,24.27879,False
trace,code,12,211,721,0.01611,0.00039,40.99416,False
trace,code,12,221,499,0.01115,0.00267,4.16711,False
trace,code,12,239,178,0.00398,0.00099,4.03109,False
trace,code,12,242,1315,0.02937,0.00072,40.86127,False
trace,code,12,246,185,0.00413,0.00064,6.42045,False
trace,code,12,247,200,0.00447,0.0013,3.44812,False
trace,code,12,262,1314,0.02935,0.00111,26.40148,False
trace,code,12,265,1268,0.02833,0.00445,6.36931,False
trace,code,12,276,290,0.00648,0.00022,29.80638,False
trace,code,12,288,346,0.00773,0.00018,44.02926,False
trace,code,12,306,572,0.01278,0.00044,28.84063,False
trace,code,12,308,244,0.00545,0.00123,4.43565,False
trace,code,12,316,554,0.01238,0.00369,3.34944,False
trace,code,12,338,224,0.005,0.00068,7.39005,False
trace,code,12,358,224,0.005,0.00023,21.37837,False
trace,code,12,372,223,0.00498,0.00123,4.05389,False
trace,code,12,379,255,0.0057,0.00181,3.15479,False
trace,code,13,6,313,0.00699,9e-05,76.03897,False
trace,code,13,15,534,0.01193,0.00036,33.18619,False
trace,code,13,34,752,0.0168,0.00363,4.63034,False
trace,code,13,39,1013,0.02263,0.00056,40.40352,False
trace,code,13,44,341,0.00762,0.00111,6.85153,False
trace,code,13,46,223,0.00498,0.0002,24.83008,False
trace,code,13,54,520,0.01162,0.0027,4.30215,False
trace,code,13,57,739,0.01651,0.00115,14.31034,False
trace,code,13,63,1241,0.02772,0.00107,25.90874,False
trace,code,13,78,175,0.00391,0.00087,4.49665,False
trace,code,13,89,297,0.00663,0.0011,6.01267,False
trace,code,13,91,125,0.00279,0.00069,4.07362,False
trace,code,13,92,400,0.00894,0.00017,53.44592,False
trace,code,13,94,676,0.0151,0.00166,9.1236,False
trace,code,13,96,480,0.01072,0.00053,20.36035,False
trace,code,13,97,242,0.00541,0.00028,19.02046,False
trace,code,13,105,290,0.00648,0.00034,18.90161,False
trace,code,13,114,146,0.00326,0.00106,3.07209,False
trace,code,13,115,289,0.00646,0.00084,7.64647,False
trace,code,13,132,322,0.00719,0.00033,21.51198,False
trace,code,13,161,1273,0.02844,0.00094,30.37351,False
trace,code,13,162,172,0.00384,0.00074,5.22312,False
trace,code,13,165,123,0.00275,0.00076,3.612,False
trace,code,13,187,178,0.00398,0.001,3.96391,False
trace,code,13,188,1479,0.03304,0.00782,4.22709,False
trace,code,13,195,530,0.01184,0.00104,11.42191,False
trace,code,13,199,272,0.00608,0.00194,3.13304,False
trace,code,13,219,436,0.00974,0.00196,4.95796,False
trace,code,13,220,614,0.01372,0.00104,13.12632,False
trace,code,13,241,131,0.00293,7e-05,43.75885,False
trace,code,13,243,359,0.00802,0.00048,16.54059,False
trace,code,13,249,171,0.00382,0.00094,4.04392,False
trace,code,13,280,191,0.00427,0.00114,3.753,False
trace,code,13,315,170,0.0038,0.00018,20.64956,False
trace,code,13,316,523,0.01168,0.00143,8.17316,False
trace,code,13,318,1846,0.04124,0.00106,38.84298,False
trace,code,13,326,391,0.00873,0.0025,3.49454,False
trace,code,13,335,355,0.00793,0.0026,3.05037,False
trace,code,13,360,186,0.00415,0.00034,12.1231,False
trace,code,14,2,294,0.00657,0.00018,35.71159,False
trace,code,14,3,450,0.01005,0.00091,11.03241,False
trace,code,14,5,125,0.00279,0.00049,5.66164,False
trace,code,14,12,222,0.00496,0.00135,3.66204,False
trace,code,14,18,828,0.0185,0.00173,10.68918,False
trace,code,14,27,634,0.01416,0.00233,6.07253,False
trace,code,14,31,168,0.00375,0.0011,3.4011,False
trace,code,14,67,266,0.00594,0.00143,4.1569,False
trace,code,14,76,580,0.01296,0.00145,8.95914,False
trace,code,14,79,263,0.00587,0.00085,6.89033,False
trace,code,14,84,626,0.01398,0.00163,8.57876,False
trace,code,14,99,800,0.01787,0.00143,12.50197,False
trace,code,14,135,5793,0.12941,0.01367,9.46826,False
trace,code,14,139,353,0.00789,0.00177,4.44962,False
trace,code,14,165,1443,0.03223,0.00108,29.89243,False
trace,code,14,170,376,0.0084,0.00119,7.07594,False
trace,code,14,172,343,0.00766,0.00199,3.85125,False
trace,code,14,184,309,0.0069,6e-05,117.96278,False
trace,code,14,189,328,0.00733,0.00211,3.46448,False
trace,code,14,203,866,0.01935,0.00267,7.25457,False
trace,code,14,226,1827,0.04081,0.00351,11.62449,False
trace,code,14,228,972,0.02171,0.00029,74.21348,False
trace,code,14,232,434,0.00969,0.00115,8.46552,False
trace,code,14,234,160,0.00357,0.00061,5.85709,False
trace,code,14,242,289,0.00646,0.00189,3.41723,False
trace,code,14,245,822,0.01836,0.00331,5.54704,False
trace,code,14,255,214,0.00478,0.00142,3.36395,False
trace,code,14,263,397,0.00887,0.0007,12.62978,False
trace,code,14,265,405,0.00905,0.0013,6.93769,False
trace,code,14,277,227,0.00507,0.00094,5.41617,False
trace,code,14,303,402,0.00898,0.0005,17.90438,False
trace,code,14,318,401,0.00896,0.00029,30.61688,False
trace,code,14,321,372,0.00831,0.00075,11.04549,False
trace,code,14,324,212,0.00474,0.00039,12.05376,False
trace,code,14,332,360,0.00804,0.00104,7.75828,False
trace,code,14,345,199,0.00445,0.00013,35.45246,False
trace,code,14,361,281,0.00628,4e-05,150.18303,False
trace,code,14,369,764,0.01707,0.00025,68.05447,False
trace,code,14,378,127,0.00284,0.00063,4.52509,False
trace,code,15,14,309,0.0069,0.00096,7.18034,False
trace,code,15,20,943,0.02107,0.00444,4.74572,False
trace,code,15,26,5722,0.12782,0.01605,7.964,False
trace,code,15,35,198,0.00442,0.00069,6.37487,False
trace,code,15,53,224,0.005,0.0008,6.23536,False
trace,code,15,58,330,0.00737,0.00018,41.99322,False
trace,code,15,70,183,0.00409,0.00086,4.74787,False
trace,code,15,81,156,0.00348,0.00086,4.04736,False
trace,code,15,83,521,0.01164,0.00236,4.93711,False
trace,code,15,103,181,0.00404,0.00129,3.14082,False
trace,code,15,112,415,0.00927,0.00247,3.75933,False
trace,code,15,114,307,0.00686,0.0019,3.61407,False
trace,code,15,125,162,0.00362,0.0007,5.15371,False
trace,code,15,130,300,0.0067,0.00094,7.09459,False
trace,code,15,136,977,0.02182,0.00456,4.79052,False
trace,code,15,141,274,0.00612,0.00045,13.55943,False
trace,code,15,158,513,0.01146,0.00066,17.35301,False
trace,code,15,169,130,0.0029,0.00079,3.65683,False
trace,code,15,170,535,0.01195,0.00023,51.05994,False
trace,code,15,171,364,0.00813,0.00164,4.96284,False
trace,code,15,196,290,0.00648,0.00013,51.66439,False
trace,code,15,199,540,0.01206,0.00046,26.23709,False
trace,code,15,209,335,0.00748,0.00154,4.86532,False
trace,code,15,221,370,0.00827,0.0024,3.44512,False
trace,code,15,236,154,0.00344,0.00112,3.07115,False
trace,code,15,250,235,0.00525,0.00055,9.51499,False
trace,code,15,307,466,0.01041,0.00232,4.47946,False
trace,code,15,310,557,0.01244,0.00403,3.08811,False
trace,code,15,319,282,0.0063,0.00061,10.32312,False
trace,code,15,326,167,0.00373,0.00056,6.6608,False
trace,code,15,342,530,0.01184,0.00383,3.09239,False
trace,code,15,346,378,0.00844,0.0022,3.84079,False
trace,code,15,352,406,0.00907,0.00267,3.39048,False
trace,code,15,354,417,0.00932,0.00062,15.05875,False
trace,code,15,356,357,0.00797,0.00143,5.579,False
trace,code,15,361,378,0.00844,0.00099,8.56041,False
trace,code,16,4,316,0.00706,0.00119,5.9468,False
trace,code,16,13,161,0.0036,0.00053,6.8292,False
trace,code,16,27,273,0.0061,0.00031,19.71721,False
trace,code,16,29,278,0.00621,0.00121,5.12344,False
trace,code,16,30,872,0.01948,0.0019,10.26538,False
trace,code,16,36,231,0.00516,0.00086,5.99321,False
trace,code,16,40,713,0.01593,0.00508,3.13379,False
trace,code,16,46,665,0.01486,0.00052,28.66253,False
trace,code,16,66,307,0.00686,0.00156,4.38714,False
trace,code,16,68,377,0.00842,0.00038,21.90121,False
trace,code,16,100,735,0.01642,7e-05,245.51719,False
trace,code,16,102,409,0.00914,0.00145,6.31774,False
trace,code,16,119,578,0.01291,0.0016,8.04472,False
trace,code,16,122,795,0.01776,0.00306,5.80458,False
trace,code,16,126,574,0.01282,0.00364,3.5262,False
trace,code,16,136,1264,0.02824,0.00262,10.79164,False
trace,code,16,142,668,0.01492,0.00191,7.82936,False
trace,code,16,152,264,0.0059,0.00154,3.83416,False
trace,code,16,169,146,0.00326,0.00073,4.48454,False
trace,code,16,172,375,0.00838,0.00039,21.32151,False
trace,code,16,179,841,0.01879,0.00224,8.38582,False
trace,code,16,181,516,0.01153,0.00092,12.5355,False
trace,code,16,184,404,0.00902,0.00193,4.67363,False
trace,code,16,190,347,0.00775,0.0022,3.5258,False
trace,code,16,197,568,0.01269,0.00141,8.98144,False
trace,code,16,217,175,0.00391,0.00059,6.58664,False
trace,code,16,219,224,0.005,0.00103,4.86662,False
trace,code,16,223,2769,0.06185,0.01292,4.78938,False
trace,code,16,226,3218,0.07188,0.00885,8.12035,False
trace,code,16,232,330,0.00737,0.0011,6.73174,False
trace,code,16,253,216,0.00483,0.00023,20.61485,False
trace,code,16,262,193,0.00431,0.0014,3.08834,False
trace,code,16,268,616,0.01376,0.00447,3.07689,False
trace,code,16,321,829,0.01852,0.00048,38.1954,False
trace,code,16,335,282,0.0063,0.00126,4.99065,False
trace,code,16,337,182,0.00407,0.00069,5.93119,False
trace,code,16,350,220,0.00491,0.00042,11.7581,False
trace,code,16,370,1152,0.02573,0.00169,15.24002,False
trace,code,16,371,619,0.01383,0.00228,6.05916,False
trace,code,17,14,377,0.00842,0.00264,3.18815,False
trace,code,17,17,337,0.00753,0.00135,5.59356,False
trace,code,17,25,310,0.00692,0.00107,6.47197,False
trace,code,17,36,782,0.01747,0.0011,15.83133,False
trace,code,17,37,166,0.00371,0.00078,4.7699,False
trace,code,17,38,568,0.01269,0.00018,68.99382,False
trace,code,17,54,453,0.01012,0.00229,4.41807,False
trace,code,17,64,505,0.01128,0.0029,3.88908,False
trace,code,17,67,786,0.01756,0.00201,8.75177,False
trace,code,17,73,297,0.00663,0.0015,4.40929,False
trace,code,17,82,1096,0.02448,0.00564,4.33902,False
trace,code,17,90,176,0.00393,0.00094,4.16216,False
trace,code,17,126,474,0.01059,0.00037,28.78792,False
trace,code,17,133,237,0.00529,0.00158,3.35097,False
trace,code,17,135,517,0.01155,0.00112,10.31028,False
trace,code,17,149,348,0.00777,0.00058,13.47767,False
trace,code,17,159,804,0.01796,0.00209,8.5941,False
trace,code,17,163,466,0.01041,0.00116,8.95892,False
trace,code,17,166,782,0.01747,0.00146,11.94135,False
trace,code,17,168,705,0.01575,0.00186,8.48635,False
trace,code,17,171,925,0.02066,0.0018,11.49709,False
trace,code,17,220,1172,0.02618,0.00245,10.68918,False
trace,code,17,245,199,0.00445,0.00114,3.9102,False
trace,code,17,246,138,0.00308,0.00065,4.72791,False
trace,code,17,248,547,0.01222,0.00099,12.38768,False
trace,code,17,255,871,0.01946,0.00016,122.50367,False
trace,code,17,264,416,0.00929,0.00131,7.08073,False
trace,code,17,272,972,0.02171,0.00527,4.12297,False
trace,code,17,278,596,0.01331,0.00014,93.68755,False
trace,code,17,321,409,0.00914,0.00081,11.26772,False
trace,code,17,361,287,0.00641,0.00028,22.55732,False
trace,code,17,365,469,0.01048,0.00025,41.77689,False
trace,code,17,366,226,0.00505,0.00152,3.31835,False
trace,code,18,17,200,0.00447,0.00094,4.77196,False
trace,code,18,30,287,0.00641,0.00055,11.62044,False
trace,code,18,34,1013,0.02263,0.00522,4.33126,False
trace,code,18,36,414,0.00925,0.00047,19.7559,False
trace,code,18,38,807,0.01803,0.00507,3.55279,False
trace,code,18,52,974,0.02176,0.00448,4.856,False
trace,code,18,65,384,0.00858,0.00074,11.52991,False
trace,code,18,77,360,0.00804,0.0,962.02654,True
trace,code,18,97,476,0.01063,0.00094,11.35726,False
trace,code,18,104,201,0.00449,0.00019,23.35354,False
trace,code,18,106,1292,0.02886,0.00086,33.52045,False
trace,code,18,133,878,0.01961,0.00368,5.33245,False
trace,code,18,159,389,0.00869,0.00201,4.33135,False
trace,code,18,169,3457,0.07722,0.00716,10.77961,False
trace,code,18,187,324,0.00724,0.00059,12.1947,False
trace,code,18,201,694,0.0155,0.00211,7.33033,False
trace,code,18,203,488,0.0109,0.00235,4.64086,False
trace,code,18,207,1423,0.03179,0.00033,97.50454,False
trace,code,18,214,234,0.00523,0.0008,6.51372,False
trace,code,18,218,412,0.0092,0.00227,4.06268,False
trace,code,18,222,1017,0.02272,1e-05,2717.72497,False
trace,code,18,235,131,0.00293,0.00034,8.53831,False
trace,code,18,244,602,0.01345,0.00166,8.08403,False
trace,code,18,245,146,0.00326,0.0006,5.41882,False
trace,code,18,268,748,0.01671,0.00456,3.66766,False
trace,code,18,274,373,0.00833,0.0013,6.38953,False
trace,code,18,279,348,0.00777,0.0018,4.32539,False
trace,code,18,285,229,0.00512,0.00155,3.29008,False
trace,code,18,286,551,0.01231,0.00082,15.02485,False
trace,code,18,310,495,0.01106,0.00031,35.75099,False
trace,code,18,321,900,0.0201,0.00546,3.6831,False
trace,code,18,336,394,0.0088,0.0007,12.53434,False
trace,code,18,361,842,0.01881,0.00617,3.04888,False
trace,code,18,368,266,0.00594,0.00059,10.0117,False
trace,code,19,11,221,0.00494,0.00132,3.73783,False
trace,code,19,16,157,0.00351,0.0011,3.20268,False
trace,code,19,22,346,0.00773,0.00058,13.40021,False
trace,code,19,44,288,0.00643,7e-05,96.20265,False
trace,code,19,73,156,0.00348,0.00104,3.33503,False
trace,code,19,83,261,0.00583,0.00126,4.619,False
trace,code,19,87,229,0.00512,0.00103,4.97525,False
trace,code,19,102,919,0.02053,0.00315,6.51416,False
trace,code,19,104,187,0.00418,0.00082,5.09918,False
trace,code,19,109,633,0.01414,0.00377,3.75069,False
trace,code,19,117,185,0.00413,0.00045,9.15509,False
trace,code,19,128,572,0.01278,0.00132,9.67439,False
trace,code,19,131,848,0.01894,0.00058,32.84213,False
trace,code,19,152,408,0.00911,0.00063,14.53729,False
trace,code,19,174,382,0.00853,0.00263,3.24069,False
trace,code,19,185,235,0.00525,0.00094,5.60705,False
trace,code,19,195,1837,0.04104,0.00357,11.49651,False
trace,code,19,197,204,0.00456,0.00149,3.06263,False
trace,code,19,212,117,0.00261,0.00074,3.55294,False
trace,code,19,220,291,0.0065,0.00103,6.32226,False
trace,code,19,221,307,0.00686,0.00036,19.07895,False
trace,code,19,250,369,0.00824,0.00084,9.86077,False
trace,code,19,260,1358,0.03034,0.00155,19.51063,False
trace,code,19,271,776,0.01733,0.00086,20.13303,False
trace,code,19,288,332,0.00742,0.00021,35.48809,False
trace,code,19,291,123,0.00275,0.00046,5.97623,False
trace,code,19,296,342,0.00764,0.00086,8.87306,False
trace,code,19,305,571,0.01276,0.00377,3.38333,False
trace,code,19,310,697,0.01557,0.00018,84.66319,False
trace,code,19,328,142,0.00317,0.00068,4.68477,False
trace,code,19,366,792,0.01769,0.00323,5.48305,False
trace,code,20,7,507,0.01133,0.00056,20.2217,False
trace,code,20,15,498,0.01112,0.00082,13.57963,False
trace,code,20,18,190,0.00424,0.00022,19.52832,False
trace,code,20,24,158,0.00353,0.00029,12.06351,False
trace,code,20,28,252,0.00563,0.00098,5.75571,False
trace,code,20,32,374,0.00835,0.00135,6.20769,False
trace,code,20,42,833,0.01861,0.00076,24.46179,False
trace,code,20,45,1164,0.026,0.00181,14.40071,False
trace,code,20,49,353,0.00789,0.00176,4.47071,False
trace,code,20,68,1009,0.02254,0.00094,23.86147,False
trace,code,20,78,631,0.0141,0.00181,7.80657,False
trace,code,20,90,209,0.00467,0.00092,5.07736,False
trace,code,20,107,1454,0.03248,0.00058,56.31186,False
trace,code,20,109,990,0.02211,0.00128,17.29133,False
trace,code,20,116,823,0.01838,6e-05,314.18565,False
trace,code,20,118,193,0.00431,0.00141,3.05179,False
trace,code,20,129,1731,0.03867,0.00467,8.27503,False
trace,code,20,150,164,0.00366,0.00048,7.55615,False
trace,code,20,156,1230,0.02748,0.00378,7.27196,False
trace,code,20,169,242,0.00541,0.00011,49.74582,False
trace,code,20,177,1177,0.02629,0.00299,8.78573,False
trace,code,20,210,980,0.02189,0.00459,4.77022,False
trace,code,20,213,1506,0.03364,0.00013,268.29851,False
trace,code,20,248,198,0.00442,0.00032,13.92407,False
trace,code,20,255,346,0.00773,0.00039,19.67265,False
trace,code,20,257,921,0.02057,0.00497,4.13644,False
trace,code,20,262,155,0.00346,0.00048,7.26677,False
trace,code,20,274,524,0.01171,0.00028,41.1848,False
trace,code,20,292,925,0.02066,0.002,10.34257,False
trace,code,20,305,354,0.00791,0.0017,4.66006,False
trace,code,20,314,443,0.0099,0.00075,13.15363,False
trace,code,20,317,133,0.00297,0.00053,5.64151,False
trace,code,20,335,458,0.01023,0.00279,3.66441,False
trace,code,20,359,536,0.01197,4e-05,286.47012,False
trace,code,20,360,1431,0.03197,0.00529,6.04116,False
trace,code,20,370,462,0.01032,0.00045,22.86298,False
trace,code,21,1,136,0.00304,0.00057,5.34459,False
trace,code,21,5,5985,0.1337,0.02133,6.26712,False
trace,code,21,8,155,0.00346,0.00095,3.63338,False
trace,code,21,15,387,0.00864,0.00032,27.21522,False
trace,code,21,22,1099,0.02455,0.00168,14.61121,False
trace,code,21,42,725,0.0162,0.00064,25.16123,False
trace,code,21,54,572,0.01278,0.00055,23.1599,False
trace,code,21,70,661,0.01477,0.00411,3.59022,False
trace,code,21,72,253,0.00565,0.00054,10.4014,False
trace,code,21,77,529,0.01182,0.0015,7.85358,False
trace,code,21,99,166,0.00371,0.00038,9.6435,False
trace,code,21,115,495,0.01106,0.00165,6.71465,False
trace,code,21,122,120,0.00268,0.00056,4.7862,False
trace,code,21,128,139,0.00311,9e-05,33.7681,False
trace,code,21,134,732,0.01635,0.00053,31.04953,False
trace,code,21,140,158,0.00353,0.00045,7.81894,False
trace,code,21,159,181,0.00404,0.00068,5.97143,False
trace,code,21,160,744,0.01662,0.00256,6.49735,False
trace,code,21,163,477,0.01066,3e-05,424.89505,False
trace,code,21,184,910,0.02033,0.00044,45.88282,False
trace,code,21,188,405,0.00905,0.00102,8.87115,False
trace,code,21,200,642,0.01434,0.00184,7.79825,False
trace,code,21,243,500,0.01117,0.00138,8.09787,False
trace,code,21,257,3281,0.07329,0.0029,25.26744,False
trace,code,21,269,773,0.01727,0.00195,8.8656,False
trace,code,21,276,125,0.00279,0.00079,3.51618,False
trace,code,21,319,196,0.00438,0.00125,3.51523,False
trace,code,21,335,263,0.00587,0.00145,4.03916,False
trace,code,21,380,152,0.0034,0.00079,4.32116,False
trace,code,21,381,169,0.00378,0.00055,6.8427,False
trace,code,22,9,275,0.00614,0.00106,5.78647,False
trace,code,22,18,360,0.00804,0.00235,3.42358,False
trace,code,22,44,199,0.00445,0.00138,3.22295,False
trace,code,22,53,322,0.00719,8e-05,86.04793,False
trace,code,22,67,1040,0.02323,0.0023,10.10614,False
trace,code,22,80,392,0.00876,0.00012,74.82429,False
trace,code,22,84,482,0.01077,0.00047,23.00083,False
trace,code,22,87,675,0.01508,0.00213,7.07372,False
trace,code,22,107,3525,0.07874,0.00747,10.53674,False
trace,code,22,128,134,0.00299,0.00039,7.61889,False
trace,code,22,159,218,0.00487,0.00161,3.01845,False
trace,code,22,167,1370,0.0306,0.00211,14.52796,False
trace,code,22,172,1052,0.0235,0.0036,6.52263,False
trace,code,22,182,165,0.00369,0.00032,11.60339,False
trace,code,22,206,804,0.01796,0.0012,14.92032,False
trace,code,22,210,796,0.01778,0.00451,3.93916,False
trace,code,22,233,422,0.00943,0.00163,5.78312,False
trace,code,22,235,470,0.0105,0.00097,10.82741,False
trace,code,22,236,617,0.01378,0.00038,36.64015,False
trace,code,22,250,221,0.00494,5e-05,98.42957,False
trace,code,22,295,175,0.00391,0.00089,4.37058,False
trace,code,22,335,1454,0.03248,0.00527,6.15772,False
trace,code,22,342,259,0.00579,0.00181,3.20428,False
trace,code,22,350,213,0.00476,0.00122,3.89862,False
trace,code,22,354,921,0.02057,6e-05,351.59779,False
trace,code,22,364,256,0.00572,0.00125,4.56072,False
trace,code,22,380,1009,0.02254,0.00017,134.81733,False
trace,code,22,381,413,0.00923,0.00013,73.57721,False
trace,code,23,29,686,0.01532,0.00309,4.95458,False
trace,code,23,40,338,0.00755,0.00015,50.17978,False
trace,code,23,42,188,0.0042,0.00059,7.17702,False
trace,code,23,48,442,0.00987,0.00035,28.12273,False
trace,code,23,57,235,0.00525,0.00099,5.32195,False
trace,code,23,94,1172,0.02618,0.00056,46.74524,False
trace,code,23,110,639,0.01427,0.0006,23.71663,False
trace,code,23,113,330,0.00737,0.00013,58.79051,False
trace,code,23,121,705,0.01575,0.00174,9.05754,False
trace,code,23,153,4020,0.0898,0.01081,8.3083,False
trace,code,23,154,608,0.01358,0.00217,6.24906,False
trace,code,23,184,347,0.00775,0.0007,11.03913,False
trace,code,23,191,517,0.01155,0.00166,6.9426,False
trace,code,23,208,379,0.00847,0.00049,17.1661,False
trace,code,23,209,430,0.00961,0.00315,3.04798,False
trace,code,23,214,205,0.00458,0.00125,3.65214,False
trace,code,23,266,1032,0.02305,0.00135,17.02351,False
trace,code,23,277,1761,0.03934,0.007,5.62236,False
trace,code,23,294,440,0.00983,0.00108,9.11481,False
trace,code,23,302,371,0.00829,0.00242,3.43053,False
trace,code,23,305,474,0.01059,2e-05,633.33414,False
trace,code,23,313,317,0.00708,0.00019,36.83121,False
trace,code,23,322,524,0.01171,0.00144,8.14118,False
trace,code,23,330,299,0.00668,0.00011,61.46281,False
trace,code,23,358,586,0.01309,0.00298,4.38646,False
trace,code,23,370,478,0.01068,0.00031,34.52317,False
trace,code,23,372,188,0.0042,0.00089,4.69525,False
trace,code,24,53,602,0.01345,0.00237,5.66451,False
trace,code,24,66,416,0.00929,0.00133,6.99167,False
trace,code,24,73,591,0.0132,0.0036,3.66433,False
trace,code,24,87,890,0.01988,0.00211,9.43787,False
trace,code,24,92,336,0.00751,0.00029,25.65404,False
trace,code,24,105,1294,0.02891,0.00119,24.35177,False
trace,code,24,108,346,0.00773,0.0011,7.05813,False
trace,code,24,122,272,0.00608,0.00146,4.15351,False
trace,code,24,132,535,0.01195,0.00287,4.16816,False
trace,code,24,138,457,0.01021,0.0008,12.72124,False
trace,code,24,162,955,0.02133,0.00471,4.53294,False
trace,code,24,189,712,0.0159,0.00227,6.99513,False
trace,code,24,191,334,0.00746,0.00241,3.09912,False
trace,code,24,218,117,0.00261,0.00043,6.01267,False
trace,code,24,223,2274,0.0508,0.00603,8.4283,False
trace,code,24,233,354,0.00791,0.00038,20.56506,False
trace,code,24,252,774,0.01729,0.00023,76.60582,False
trace,code,24,281,1174,0.02623,0.00115,22.89982,False
trace,code,24,303,157,0.00351,0.00023,14.98395,False
trace,code,24,318,529,0.01182,8e-05,141.36446,False
trace,code,24,319,474,0.01059,0.00043,24.83663,False
trace,code,24,321,489,0.01092,5e-05,217.79212,False
trace,code,24,326,289,0.00646,0.00093,6.9576,False
trace,code,24,346,5086,0.11361,0.01749,6.4968,False
trace,code,24,353,327,0.0073,0.00243,3.00289,False
trace,code,24,358,608,0.01358,0.00337,4.03165,False
trace,code,24,376,176,0.00393,0.00048,8.2513,False
trace,code,25,13,158,0.00353,0.0011,3.19866,False
trace,code,25,15,698,0.01559,0.00059,26.64661,False
trace,code,25,92,3781,0.08446,0.0096,8.80135,False
trace,code,25,111,1395,0.03116,0.00369,8.45318,False
trace,code,25,123,143,0.00319,0.00065,4.89921,False
trace,code,25,128,788,0.0176,0.00062,28.45634,False
trace,code,25,134,205,0.00458,0.00094,4.84797,False
trace,code,25,158,690,0.01541,0.00291,5.29852,False
trace,code,25,161,137,0.00306,0.00018,17.43355,False
trace,code,25,163,332,0.00742,0.00242,3.05932,False
trace,code,25,165,186,0.00415,0.00132,3.14587,False
trace,code,25,171,390,0.00871,0.00019,45.31284,False
trace,code,25,178,2058,0.04597,0.00547,8.40915,False
trace,code,25,188,319,0.00713,0.0014,5.10457,False
trace,code,25,192,294,0.00657,4e-05,157.131,False
trace,code,25,193,730,0.01631,0.00094,17.2635,False
trace,code,25,197,342,0.00764,0.00212,3.59813,False
trace,code,25,207,846,0.0189,0.00329,5.75258,False
trace,code,25,220,236,0.00527,0.001,5.25552,False
trace,code,25,231,485,0.01083,0.00177,6.11351,False
trace,code,25,233,385,0.0086,0.00108,7.97546,False
trace,code,25,237,246,0.0055,0.00094,5.81756,False
trace,code,25,251,610,0.01363,0.00278,4.90994,False
trace,code,25,287,197,0.0044,0.00051,8.6302,False
trace,code,25,288,348,0.00777,0.00191,4.06096,False
trace,code,25,292,321,0.00717,0.00082,8.75313,False
trace,code,25,310,160,0.00357,0.00057,6.28776,False
trace,code,25,328,555,0.0124,0.00372,3.33286,False
trace,code,25,331,210,0.00469,0.00059,7.90397,False
trace,code,25,333,579,0.01293,0.00017,77.36297,False
trace,code,25,337,1463,0.03268,0.00204,16.02282,False
trace,code,25,340,423,0.00945,0.00292,3.23891,False
trace,code,25,349,399,0.00891,0.00074,11.98029,False
trace,code,25,358,163,0.00364,0.00099,3.66037,False
trace,code,25,375,277,0.00619,0.00145,4.25417,False
trace,code,26,2,144,0.00322,0.00054,5.92016,False
trace,code,26,9,263,0.00587,0.00171,3.44517,False
trace,code,26,12,187,0.00418,0.00123,3.39945,False
trace,code,26,27,3582,0.08002,0.01092,7.32938,False
trace,code,26,70,171,0.00382,0.00125,3.04642,False
trace,code,26,97,245,0.00547,0.0014,3.92043,False
trace,code,26,105,629,0.01405,0.00053,26.26366,False
trace,code,26,120,510,0.01139,0.00048,23.49777,False
trace,code,26,123,389,0.00869,0.00167,5.19762,False
trace,code,26,134,514,0.01148,0.00306,3.7529,False
trace,code,26,136,1033,0.02308,0.00331,6.97091,False
trace,code,26,148,172,0.00384,0.00121,3.1699,False
trace,code,26,169,425,0.00949,0.0012,7.94214,False
trace,code,26,185,816,0.01823,0.00118,15.4652,False
trace,code,26,194,136,0.00304,0.00068,4.48682,False
trace,code,26,198,211,0.00471,0.00127,3.70957,False
trace,code,26,200,672,0.01501,0.00242,6.21378,False
trace,code,26,244,373,0.00833,0.00263,3.16434,False
trace,code,26,254,174,0.00389,0.00069,5.67048,False
trace,code,26,259,577,0.01289,0.00107,12.04621,False
trace,code,26,267,954,0.02131,0.00343,6.21798,False
trace,code,26,268,289,0.00646,0.00215,3.00503,False
trace,code,26,280,1025,0.0229,0.00212,10.78387,False
trace,code,26,325,514,0.01148,0.00079,14.45853,False
trace,code,26,331,1433,0.03201,0.00242,13.20483,False
trace,code,26,334,271,0.00605,0.00062,9.78638,False
trace,code,26,369,1064,0.02377,0.00231,10.30189,False
trace,code,26,371,140,0.00313,0.00102,3.06657,False
trace,code,26,383,274,0.00612,0.00101,6.05131,False
trace,code,27,5,303,0.00677,0.00157,4.30695,False
trace,code,27,7,249,0.00556,0.00135,4.13293,False
trace,code,27,10,549,0.01226,0.00105,11.64358,False
trace,code,27,28,247,0.00552,0.00045,12.22328,False
trace,code,27,33,664,0.01483,0.00065,22.74878,False
trace,code,27,43,434,0.00969,1e-05,1159.77644,False
trace,code,27,47,125,0.00279,0.00053,5.30217,False
trace,code,27,57,688,0.01537,0.00263,5.83663,False
trace,code,27,66,174,0.00389,0.00111,3.49609,False
trace,code,27,67,137,0.00306,0.00079,3.85373,False
trace,code,27,68,269,0.00601,0.00162,3.7054,False
trace,code,27,113,139,0.00311,0.00042,7.42898,False
trace,code,27,125,152,0.0034,0.00059,5.8027,False
trace,code,27,126,235,0.00525,0.001,5.23325,False
trace,code,27,135,199,0.00445,0.00058,7.70706,False
trace,code,27,137,272,0.00608,0.00025,24.22882,False
trace,code,27,146,219,0.00489,0.00056,8.73482,False
trace,code,27,154,646,0.01443,0.0009,15.98429,False
trace,code,27,159,318,0.0071,0.00135,5.2782,False
trace,code,27,174,212,0.00474,0.0011,4.32463,False
trace,code,27,182,482,0.01077,0.00186,5.77599,False
trace,code,27,202,336,0.00751,0.00239,3.13948,False
trace,code,27,217,430,0.00961,0.0023,4.1785,False
trace,code,27,231,179,0.004,0.00079,5.08873,False
trace,code,27,242,313,0.00699,0.0013,5.36172,False
trace,code,27,244,282,0.0063,0.00141,4.4591,False
trace,code,27,267,589,0.01316,0.00298,4.4213,False
trace,code,27,282,907,0.02026,0.00217,9.3222,False
trace,code,27,289,160,0.00357,0.00068,5.27861,False
trace,code,27,306,746,0.01666,0.00089,18.63115,False
trace,code,27,312,836,0.01867,5e-05,372.3399,False
trace,code,27,322,404,0.00902,0.00033,26.99019,False
trace,code,27,336,3347,0.07477,0.00699,10.69877,False
trace,code,27,344,128,0.00286,0.00079,3.63887,False
trace,code,27,373,384,0.00858,0.00131,6.53606,False
trace,code,27,382,227,0.00507,0.00129,3.93903,False
trace,code,28,9,216,0.00483,6e-05,82.45942,False
trace,code,28,49,146,0.00326,0.00055,5.91144,False
trace,code,28,52,209,0.00467,0.0014,3.32446,False
trace,code,28,56,1425,0.03183,0.00487,6.54299,False
trace,code,28,60,279,0.00623,0.00081,7.68629,False
trace,code,28,75,423,0.00945,0.00033,28.98413,False
trace,code,28,92,488,0.0109,0.00178,6.12244,False
trace,code,28,108,161,0.0036,0.00082,4.3902,False
trace,code,28,118,1261,0.02817,0.00591,4.76629,False
trace,code,28,126,660,0.01474,0.00094,15.74746,False
trace,code,28,127,1167,0.02607,0.00655,3.98285,False
trace,code,28,129,222,0.00496,0.00045,10.98611,False
trace,code,28,137,3295,0.0736,0.022,3.34545,False
trace,code,28,141,670,0.01497,0.00228,6.55838,False
trace,code,28,170,139,0.00311,0.00086,3.6063,False
trace,code,28,214,268,0.00599,0.00122,4.90531,False
trace,code,28,224,174,0.00389,0.001,3.87483,False
trace,code,28,226,312,0.00697,0.00055,12.63267,False
trace,code,28,229,259,0.00579,0.00164,3.53125,False
trace,code,28,244,803,0.01794,0.00512,3.5063,False
trace,code,28,253,182,0.00407,0.0012,3.37749,False
trace,code,28,257,406,0.00907,0.0018,5.04629,False
trace,code,28,268,141,0.00315,0.00045,6.97766,False
trace,code,28,269,213,0.00476,8e-05,63.24434,False
trace,code,28,271,502,0.01121,0.00156,7.17376,False
trace,code,28,275,576,0.01287,0.00085,15.09061,False
trace,code,28,280,130,0.0029,0.00069,4.18552,False
trace,code,28,296,436,0.00974,0.00079,12.3949,False
trace,code,28,324,485,0.01083,0.00028,39.27465,False
trace,code,28,330,753,0.01682,0.00317,5.30934,False
trace,code,28,336,188,0.0042,0.00103,4.08448,False
trace,code,28,341,190,0.00424,0.00083,5.12865,False
trace,code,28,347,260,0.00581,0.00096,6.04171,False
trace,code,28,355,570,0.01273,0.00057,22.40013,False
trace,code,28,367,613,0.01369,0.0025,5.47865,False
trace,code,28,380,490,0.01095,0.0009,12.12431,False
trace,code,29,10,421,0.0094,0.0006,15.62551,False
trace,code,29,33,828,0.0185,0.00084,22.12661,False
trace,code,29,47,427,0.00954,0.00179,5.3321,False
trace,code,29,48,560,0.01251,0.00247,5.07283,False
trace,code,29,59,132,0.00295,0.00087,3.39176,False
trace,code,29,61,198,0.00442,0.00035,12.59797,False
trace,code,29,64,118,0.00264,0.0008,3.2847,False
trace,code,29,76,184,0.00411,0.00132,3.11204,False
trace,code,29,84,550,0.01229,0.00148,8.30374,False
trace,code,29,101,788,0.0176,0.00113,15.59829,False
trace,code,29,122,433,0.00967,0.00222,4.35002,False
trace,code,29,123,211,0.00471,0.00144,3.27822,False
trace,code,29,131,192,0.00429,0.00039,10.91661,False
trace,code,29,136,394,0.0088,0.00239,3.68141,False
trace,code,29,161,1596,0.03565,0.00191,18.62439,False
trace,code,29,181,4231,0.09451,0.00683,13.83903,False
trace,code,29,182,123,0.00275,0.00022,12.64202,False
trace,code,29,194,421,0.0094,0.00191,4.91282,False
trace,code,29,213,240,0.00536,0.0011,4.89581,False
trace,code,29,226,255,0.0057,0.00183,3.11158,False
trace,code,29,256,624,0.01394,0.00076,18.32432,False
trace,code,29,306,565,0.01262,0.00072,17.55636,False
trace,code,29,314,317,0.00708,0.00099,7.17896,False
trace,code,29,321,678,0.01515,0.00044,34.18522,False
trace,code,29,342,673,0.01503,0.00483,3.11151,False
trace,code,29,347,786,0.01756,0.00502,3.50071,False
trace,code,29,350,399,0.00891,0.00245,3.63907,False
trace,code,29,383,320,0.00715,0.00173,4.13109,False
trace,code,30,11,849,0.01897,0.00391,4.84782,False
trace,code,30,14,222,0.00496,0.00114,4.36213,False
trace,code,30,16,1302,0.02908,0.0016,18.12151,False
trace,code,30,18,808,0.01805,0.00565,3.19411,False
trace,code,30,22,2051,0.04582,0.00067,68.51099,False
trace,code,30,74,275,0.00614,0.00102,6.02362,False
trace,code,30,76,215,0.0048,0.00059,8.09216,False
trace,code,30,81,156,0.00348,0.00084,4.16878,False
trace,code,30,87,1661,0.0371,0.00727,5.10194,False
trace,code,30,91,126,0.00281,0.00056,5.02551,False
trace,code,30,96,262,0.00585,0.00059,9.86115,False
trace,code,30,97,352,0.00786,0.00012,67.18916,False
trace,code,30,112,237,0.00529,0.00176,3.01588,False
trace,code,30,175,3315,0.07405,0.00329,22.48391,False
trace,code,30,220,427,0.00954,0.00292,3.26954,False
trace,code,30,226,314,0.00701,0.00074,9.4281,False
trace,code,30,236,416,0.00929,0.00195,4.77114,False
trace,code,30,249,200,0.00447,0.00043,10.47959,False
trace,code,30,262,314,0.00701,0.00233,3.00753,False
trace,code,30,263,396,0.00885,0.00103,8.60349,False
trace,code,30,264,333,0.00744,0.0016,4.65903,False
trace,code,30,288,400,0.00894,0.00124,7.22242,False
trace,code,30,303,307,0.00686,0.0008,8.54578,False
trace,code,30,310,293,0.00655,0.00216,3.03482,False
trace,code,30,327,336,0.00751,0.0021,3.57726,False
trace,code,30,334,1203,0.02687,0.00048,55.4271,False
trace,code,30,364,220,0.00491,0.00094,5.2027,False
trace,code,31,3,621,0.01387,0.00017,82.97479,False
trace,code,31,20,156,0.00348,0.00064,5.48524,False
trace,code,31,22,523,0.01168,0.00166,7.05864,False
trace,code,31,29,308,0.00688,0.00139,4.95824,False
trace,code,31,31,633,0.01414,0.00104,13.53251,False
trace,code,31,37,231,0.00516,0.00154,3.35489,False
trace,code,31,76,193,0.00431,0.00023,18.41975,False
trace,code,31,81,122,0.00273,0.00037,7.40955,False
trace,code,31,91,221,0.00494,0.00115,4.27955,False
trace,code,31,96,201,0.00449,0.0004,11.19024,False
trace,code,31,115,609,0.0136,0.00042,32.54856,False
trace,code,31,144,224,0.005,0.00099,5.0302,False
trace,code,31,157,894,0.01997,0.00172,11.59725,False
trace,code,31,160,237,0.00529,0.00145,3.66089,False
trace,code,31,168,345,0.00771,0.0023,3.35252,False
trace,code,31,171,289,0.00646,0.0013,4.9506,False
trace,code,31,191,1308,0.02922,0.00674,4.33668,False
trace,code,31,198,346,0.00773,0.00017,46.23072,False
trace,code,31,211,298,0.00666,0.00211,3.14761,False
trace,code,31,230,502,0.01121,0.0021,5.34459,False
trace,code,31,259,195,0.00436,8e-05,57.89975,False
trace,code,31,260,185,0.00413,0.00019,21.49455,False
trace,code,31,263,180,0.00402,0.00105,3.81757,False
trace,code,31,274,228,0.00509,0.00143,3.56306,False
trace,code,31,281,150,0.00335,0.00097,3.45556,False
trace,code,31,286,236,0.00527,0.00115,4.57001,False
trace,code,31,308,1818,0.04061,0.00095,42.61609,False
trace,code,31,324,382,0.00853,0.00226,3.7808,False
trace,code,31,330,987,0.02205,0.00103,21.44355,False
trace,code,31,351,190,0.00424,0.00089,4.78996,False
trace,code,31,358,218,0.00487,0.00116,4.19108,False
trace,code,32,8,528,0.01179,0.00286,4.12565,False
trace,code,32,20,457,0.01021,0.00162,6.29505,False
trace,code,32,29,711,0.01588,0.00346,4.58938,False
trace,code,32,43,319,0.00713,0.00136,5.22983,False
trace,code,32,47,200,0.00447,0.00038,11.87687,False
trace,code,32,71,532,0.01188,0.00044,26.8238,False
trace,code,32,91,276,0.00617,0.00039,15.69263,False
trace,code,32,105,989,0.02209,0.00375,5.88619,False
trace,code,32,117,699,0.01561,0.00164,9.53028,False
trace,code,32,124,144,0.00322,0.00075,4.27567,False
trace,code,32,129,230,0.00514,0.00122,4.20978,False
trace,code,32,136,144,0.00322,0.00056,5.74344,False
trace,code,32,137,692,0.01546,0.00104,14.79383,False
trace,code,32,145,145,0.00324,0.00039,8.24432,False
trace,code,32,186,356,0.00795,0.00085,9.32684,False
trace,code,32,197,370,0.00827,0.0013,6.33814,False
trace,code,32,205,625,0.01396,0.00143,9.76716,False
trace,code,32,236,168,0.00375,4e-05,89.78914,False
trace,code,32,253,278,0.00621,0.00125,4.95266,False
trace,code,32,281,196,0.00438,0.00099,4.43873,False
trace,code,32,282,823,0.01838,0.00425,4.32082,False
trace,code,32,300,180,0.00402,0.00092,4.37285,False
trace,code,32,323,439,0.00981,0.00186,5.28441,False
trace,code,32,333,645,0.01441,0.00099,14.48429,False
trace,code,32,338,1649,0.03684,0.00084,44.06616,False
trace,code,32,357,464,0.01037,5e-05,206.65755,False
trace,code,32,363,249,0.00556,0.00106,5.23938,False
trace,code,32,374,169,0.00378,0.00019,19.63557,False
trace,code,32,382,346,0.00773,0.0018,4.30053,False
trace,code,33,16,450,0.01005,0.00231,4.357,False
trace,code,33,22,338,0.00755,0.00159,4.75387,False
trace,code,33,35,333,0.00744,0.0014,5.29687,False
trace,code,33,61,201,0.00449,0.00109,4.13178,False
trace,code,33,67,365,0.00815,0.00255,3.19799,False
trace,code,33,68,398,0.00889,0.00073,12.22499,False
trace,code,33,92,934,0.02086,0.00265,7.87358,False
trace,code,33,96,882,0.0197,0.00479,4.11338,False
trace,code,33,106,151,0.00337,0.00099,3.41963,False
trace,code,33,109,455,0.01016,3e-05,405.29822,False
trace,code,33,123,193,0.00431,0.00084,5.10647,False
trace,code,33,125,494,0.01104,0.00313,3.5203,False
trace,code,33,134,401,0.00896,0.00229,3.91091,False
trace,code,33,137,121,0.0027,0.00065,4.14548,False
trace,code,33,157,420,0.00938,0.00287,3.2722,False
trace,code,33,167,368,0.00822,0.00089,9.1907,False
trace,code,33,187,1568,0.03503,0.00767,4.56444,False
trace,code,33,193,373,0.00833,0.00112,7.43856,False
trace,code,33,216,188,0.0042,0.00116,3.61433,False
trace,code,33,229,432,0.00965,0.00177,5.44543,False
trace,code,33,240,463,0.01034,0.00099,10.48536,False
trace,code,33,241,207,0.00462,0.00029,15.80472,False
trace,code,33,244,475,0.01061,0.00065,16.2736,False
trace,code,33,266,259,0.00579,0.00079,7.36303,False
trace,code,33,286,184,0.00411,0.00077,5.34459,False
trace,code,33,300,121,0.0027,0.00043,6.21823,False
trace,code,33,301,1946,0.04347,0.01232,3.52801,False
trace,code,33,307,269,0.00601,0.00108,5.57246,False
trace,code,33,309,542,0.01211,0.00028,43.89044,False
trace,code,33,328,370,0.00827,0.00107,7.72461,False
trace,code,33,329,124,0.00277,0.0005,5.52274,False
trace,code,33,340,132,0.00295,0.00061,4.8321,False
trace,code,33,345,341,0.00762,0.00066,11.53485,False
trace,code,33,358,406,0.00907,0.00055,16.43867,False
trace,code,33,362,546,0.0122,0.00363,3.36192,False
trace,code,33,380,260,0.00581,0.00072,8.07903,False
trace,code,34,3,499,0.01115,0.0016,6.94519,False
trace,code,34,8,268,0.00599,0.0009,6.63125,False
trace,code,34,9,136,0.00304,0.00084,3.63432,False
trace,code,34,62,149,0.00333,0.00099,3.34598,False
trace,code,34,75,433,0.00967,0.001,9.64253,False
trace,code,34,80,809,0.01807,0.00109,16.6299,False
trace,code,34,81,544,0.01215,0.00091,13.33696,False
trace,code,34,84,273,0.0061,0.0008,7.59934,False
trace,code,34,92,222,0.00496,0.00131,3.77866,False
trace,code,34,94,242,0.00541,0.00063,8.62261,False
trace,code,34,97,135,0.00302,0.00036,8.38977,False
trace,code,34,103,1574,0.03516,0.00272,12.94213,False
trace,code,34,106,137,0.00306,0.00039,7.78946,False
trace,code,34,108,389,0.00869,0.00117,7.42517,False
trace,code,34,122,888,0.01984,0.00298,6.64706,False
trace,code,34,127,563,0.01258,0.00075,16.7167,False
trace,code,34,137,256,0.00572,0.0013,4.4136,False
trace,code,34,143,261,0.00583,0.00132,4.41436,False
trace,code,34,160,501,0.01119,0.00181,6.19824,False
trace,code,34,162,264,0.0059,0.0013,4.55152,False
trace,code,34,172,258,0.00576,0.0007,8.20777,False
trace,code,34,174,320,0.00715,0.00135,5.27861,False
trace,code,34,185,806,0.018,0.00459,3.92326,False
trace,code,34,187,497,0.0111,0.00326,3.40546,False
trace,code,34,203,579,0.01293,0.00065,19.83666,False
trace,code,34,204,811,0.01812,0.00038,47.11374,False
trace,code,34,218,220,0.00491,0.00163,3.0149,False
trace,code,34,248,118,0.00264,0.00065,4.0427,False
trace,code,34,261,301,0.00672,0.00095,7.0558,False
trace,code,34,270,5095,0.11381,0.01596,7.13219,False
trace,code,34,288,355,0.00793,0.00166,4.76716,False
trace,code,34,308,382,0.00853,0.00056,15.23608,False
trace,code,34,309,461,0.0103,0.00059,17.3511,False
trace,code,34,322,149,0.00333,0.00087,3.82858,False
trace,code,34,326,218,0.00487,0.00048,10.04415,False
trace,code,34,346,228,0.00509,0.00074,6.84588,False
trace,code,34,359,309,0.0069,0.00016,43.45997,False
trace,code,35,8,180,0.00402,0.00134,3.00633,False
trace,code,35,46,2724,0.06085,0.00211,28.77207,False
trace,code,35,62,132,0.00295,0.00035,8.39864,False
trace,code,35,75,161,0.0036,0.00114,3.16353,False
trace,code,35,112,628,0.01403,0.0026,5.39615,False
trace,code,35,118,1447,0.03232,0.00151,21.3636,False
trace,code,35,119,765,0.01709,0.00056,30.51204,False
trace,code,35,122,164,0.00366,0.00103,3.56306,False
trace,code,35,141,398,0.00889,0.00284,3.12816,False
trace,code,35,155,356,0.00795,0.00028,28.8284,False
trace,code,35,162,364,0.00813,0.00197,4.12168,False
trace,code,35,174,601,0.01343,0.00098,13.72692,False
trace,code,35,177,601,0.01343,0.00048,27.69051,False
trace,code,35,194,156,0.00348,0.00042,8.33756,False
trace,code,35,201,144,0.00322,0.00036,8.94908,False
trace,code,35,206,258,0.00576,0.00083,6.96417,False
trace,code,35,223,576,0.01287,0.00126,10.19366,False
trace,code,35,240,224,0.005,0.00146,3.42054,False
trace,code,35,266,1255,0.02803,0.00444,6.31588,False
trace,code,35,267,194,0.00433,0.0007,6.17173,False
trace,code,35,292,1127,0.02518,0.00492,5.1132,False
trace,code,35,298,175,0.00391,0.00082,4.77196,False
trace,code,35,300,178,0.00398,0.00019,20.68125,False
trace,code,35,305,206,0.0046,0.0007,6.55349,False
trace,code,35,315,904,0.02019,0.0017,11.90027,False
trace,code,35,348,461,0.0103,0.00032,32.41917,False
trace,code,35,350,252,0.00563,0.00098,5.75571,False
trace,code,35,357,149,0.00333,0.00063,5.30896,False
trace,code,35,366,250,0.00558,0.0003,18.55761,False
trace,code,35,377,681,0.01521,0.00206,7.3977,False
trace,code,36,4,2087,0.04662,0.00063,74.36109,False
trace,code,36,7,522,0.01166,0.00278,4.189,False
trace,code,36,26,914,0.02042,0.00346,5.89971,False
trace,code,36,43,206,0.0046,0.00061,7.541,False
trace,code,36,56,1154,0.02578,0.00514,5.01436,False
trace,code,36,59,715,0.01597,0.00104,15.28553,False
trace,code,36,125,205,0.00458,0.0008,5.70647,False
trace,code,36,149,142,0.00317,0.00067,4.74333,False
trace,code,36,159,191,0.00427,0.0001,42.53404,False
trace,code,36,165,207,0.00462,0.0009,5.1219,False
trace,code,36,184,184,0.00411,0.00063,6.55603,False
trace,code,36,190,220,0.00491,0.00163,3.0149,False
trace,code,36,202,485,0.01083,0.00184,5.8912,False
trace,code,36,236,159,0.00355,0.00047,7.58741,False
trace,code,36,242,127,0.00284,0.00057,4.99091,False
trace,code,36,257,240,0.00536,0.00028,19.43488,False
trace,code,36,277,803,0.01794,0.00055,32.51293,False
trace,code,36,284,563,0.01258,0.00381,3.29935,False
trace,code,36,291,340,0.0076,0.00154,4.93794,False
trace,code,36,292,279,0.00623,7e-05,93.19632,False
trace,code,36,304,190,0.00424,0.00028,15.38595,False
trace,code,36,314,889,0.01986,0.00534,3.7178,False
trace,code,36,323,181,0.00404,0.00042,9.67371,False
trace,code,36,342,531,0.01186,0.00304,3.89832,False
trace,code,36,345,1702,0.03802,0.00716,5.31337,False
trace,code,36,373,138,0.00308,0.00065,4.72791,False
trace,code,36,380,612,0.01367,0.00094,14.47297,False
trace,code,37,8,336,0.00751,0.00174,4.31679,False
trace,code,37,15,275,0.00614,0.00057,10.80708,False
trace,code,37,26,485,0.01083,0.00104,10.45213,False
trace,code,37,30,425,0.00949,0.00112,8.47557,False
trace,code,37,33,129,0.00288,0.00078,3.70673,False
trace,code,37,34,191,0.00427,0.00132,3.23043,False
trace,code,37,37,277,0.00619,0.00115,5.40311,False
trace,code,37,38,188,0.0042,0.00135,3.10118,False
trace,code,37,53,433,0.00967,0.00115,8.44602,False
trace,code,37,69,988,0.02207,0.00543,4.06815,False
trace,code,37,72,197,0.0044,0.0014,3.13359,False
trace,code,37,105,799,0.01785,0.00012,152.51175,False
trace,code,37,110,586,0.01309,8e-05,156.59654,False
trace,code,37,114,117,0.00261,8e-05,34.73985,False
trace,code,37,116,256,0.00572,0.001,5.7009,False
trace,code,37,147,163,0.00364,0.00033,11.16883,False
trace,code,37,155,136,0.00304,0.00078,3.90787,False
trace,code,37,173,204,0.00456,0.00097,4.69955,False
trace,code,37,176,218,0.00487,0.00064,7.56572,False
trace,code,37,179,190,0.00424,0.00102,4.16177,False
trace,code,37,181,332,0.00742,0.00221,3.36061,False
trace,code,37,186,906,0.02024,0.00211,9.60754,False
trace,code,37,197,386,0.00862,0.00121,7.11384,False
trace,code,37,202,141,0.00315,0.00068,4.65177,False
trace,code,37,233,202,0.00451,0.00096,4.69395,False
trace,code,37,242,768,0.01716,0.00134,12.82702,False
trace,code,37,256,359,0.00802,0.00081,9.89025,False
trace,code,37,279,618,0.01381,0.00315,4.38058,False
trace,code,37,282,1092,0.02439,0.00619,3.93812,False
trace,code,37,287,274,0.00612,0.00181,3.38986,False
trace,code,37,292,243,0.00543,0.00084,6.49368,False
trace,code,37,321,169,0.00378,0.00123,3.07223,False
trace,code,37,343,397,0.00887,0.0012,7.36737,False
trace,code,37,367,136,0.00304,0.00036,8.45191,False
trace,code,37,368,177,0.00395,0.00053,7.50788,False
trace,code,37,380,876,0.01957,0.00627,3.12124,False
trace,code,38,28,244,0.00545,0.00089,6.15132,False
trace,code,38,29,400,0.00894,0.00064,13.88206,False
trace,code,38,33,356,0.00795,0.00263,3.02012,False
trace,code,38,40,155,0.00346,0.00048,7.26677,False
trace,code,38,60,372,0.00831,0.00104,7.95275,False
trace,code,38,80,318,0.0071,0.00116,6.1136,False
trace,code,38,83,304,0.00679,0.00155,4.39123,False
trace,code,38,93,502,0.01121,0.00268,4.1791,False
trace,code,38,95,254,0.00567,0.00065,8.70209,False
trace,code,38,98,4043,0.09031,0.00578,15.61285,False
trace,code,38,110,393,0.00878,0.00034,25.61493,False
trace,code,38,115,143,0.00319,0.00091,3.50586,False
trace,code,38,139,390,0.00871,0.00081,10.74428,False
trace,code,38,152,732,0.01635,0.0034,4.80619,False
trace,code,38,158,578,0.01291,0.00271,4.76724,False
trace,code,38,167,235,0.00525,0.00073,7.21827,False
trace,code,38,191,239,0.00534,8e-05,70.9643,False
trace,code,38,193,416,0.00929,0.00104,8.8934,False
trace,code,38,197,257,0.00574,0.0019,3.02546,False
trace,code,38,198,329,0.00735,0.00092,7.99259,False
trace,code,38,219,572,0.01278,0.00206,6.18847,False
trace,code,38,246,645,0.01441,0.00112,12.86292,False
trace,code,38,250,360,0.00804,0.00136,5.902,False
trace,code,38,320,391,0.00873,0.00056,15.59504,False
trace,code,38,332,165,0.00369,0.00087,4.2397,False
trace,code,38,333,214,0.00478,0.00127,3.76231,False
trace,code,38,334,220,0.00491,0.001,4.89921,False
trace,code,38,342,190,0.00424,0.00084,5.02709,False
trace,code,38,363,805,0.01798,0.00165,10.91979,False
trace,code,38,370,277,0.00619,0.00079,7.87474,False
trace,code,38,375,379,0.00847,0.0022,3.85095,False
trace,code,39,2,125,0.00279,0.00075,3.71152,False
trace,code,39,3,296,0.00661,0.00077,8.59782,False
trace,code,39,7,303,0.00677,0.0016,4.21722,False
trace,code,39,47,325,0.00726,0.00236,3.07977,False
trace,code,39,64,219,0.00489,0.00047,10.45059,False
trace,code,39,72,734,0.0164,0.00439,3.73612,False
trace,code,39,103,290,0.00648,0.00048,13.59589,False
trace,code,39,146,406,0.00907,0.00212,4.27147,False
trace,code,39,151,312,0.00697,0.00116,5.99825,False
trace,code,39,156,180,0.00402,0.00121,3.31733,False
trace,code,39,160,286,0.00639,0.00087,7.34881,False
trace,code,39,164,225,0.00503,0.00151,3.32191,False
trace,code,39,166,125,0.00279,0.00049,5.66164,False
trace,code,39,173,358,0.008,0.00068,11.81089,False
trace,code,39,179,856,0.01912,0.00102,18.74988,False
trace,code,39,188,146,0.00326,0.00062,5.27237,False
trace,code,39,201,154,0.00344,0.0004,8.57362,False
trace,code,39,203,390,0.00871,0.00163,5.34459,False
trace,code,39,224,1438,0.03212,0.00139,23.14917,False
trace,code,39,228,189,0.00422,0.00137,3.07966,False
trace,code,39,230,434,0.00969,0.00033,29.73786,False
trace,code,39,231,479,0.0107,0.00253,4.22452,False
trace,code,39,237,457,0.01021,0.0012,8.54013,False
trace,code,39,243,416,0.00929,0.00166,5.58631,False
trace,code,39,244,135,0.00302,0.00066,4.56658,False
trace,code,39,266,774,0.01729,0.00094,18.46747,False
trace,code,39,269,289,0.00646,0.00072,8.98016,False
trace,code,39,273,236,0.00527,0.00143,3.68808,False
trace,code,39,279,586,0.01309,0.00094,13.8581,False
trace,code,39,295,282,0.0063,0.00198,3.17969,False
trace,code,39,307,329,0.00735,0.00203,3.61805,False
trace,code,39,330,355,0.00793,0.00159,4.99297,False
trace,code,39,360,206,0.0046,0.00096,4.7869,False
trace,code,39,368,1254,0.02801,0.0034,8.23356,False
trace,code,39,371,216,0.00483,0.00156,3.08672,False
trace,code,39,381,282,0.0063,0.00166,3.806,False
trace,code,39,382,394,0.0088,0.0014,6.3047,False
trace,en,0,43,1134,0.02018,0.00213,9.49598,False
trace,en,0,80,160,0.00285,6e-05,51.35982,False
trace,en,0,112,362,0.00644,0.00163,3.96142,False
trace,en,0,116,1783,0.03174,0.01043,3.04167,False
trace,en,0,132,165,0.00294,0.00089,3.3103,False
trace,en,0,133,1403,0.02497,0.00335,7.44399,False
trace,en,0,155,195,0.00347,0.00108,3.20999,False
trace,en,0,170,193,0.00344,0.00053,6.52135,False
trace,en,0,191,1165,0.02074,0.00128,16.14232,False
trace,en,0,203,167,0.00297,0.00093,3.18456,False
trace,en,0,214,300,0.00534,0.00039,13.75709,False
trace,en,0,220,263,0.00468,0.0006,7.79286,False
trace,en,0,251,1285,0.02287,0.0036,6.3459,False
trace,en,0,270,329,0.00586,0.0005,11.73429,False
trace,en,0,302,197,0.00351,0.00085,4.12414,False
trace,en,0,318,151,0.00269,0.00067,4.03924,False
trace,en,0,319,222,0.00395,0.00054,7.3719,False
trace,en,0,325,304,0.00541,0.00084,6.43409,False
trace,en,0,346,966,0.01719,0.00041,42.2843,False
trace,en,0,347,152,0.00271,0.00076,3.57013,False
trace,en,1,2,149,0.00265,0.00071,3.72692,False
trace,en,1,15,1529,0.02721,0.00847,3.21139,False
trace,en,1,55,441,0.00785,0.0013,6.02385,False
trace,en,1,66,381,0.00678,0.00221,3.07031,False
trace,en,1,70,554,0.00986,0.00145,6.79618,False
trace,en,1,113,178,0.00317,0.00083,3.80919,False
trace,en,1,127,335,0.00596,0.00185,3.22604,False
trace,en,1,177,229,0.00408,0.00096,4.24089,False
trace,en,1,178,190,0.00338,0.00059,5.71779,False
trace,en,1,221,169,0.00301,0.00043,6.92538,False
trace,en,1,223,1939,0.03451,0.00469,7.36588,False
trace,en,1,232,529,0.00942,0.00094,9.98873,False
trace,en,1,249,161,0.00287,0.00033,8.61347,False
trace,en,1,260,668,0.01189,0.00262,4.54616,False
trace,en,1,277,792,0.0141,0.00115,12.3015,False
trace,en,1,287,589,0.01048,0.00085,12.33054,False
trace,en,1,300,609,0.01084,0.0012,9.02254,False
trace,en,1,307,197,0.00351,0.00109,3.21543,False
trace,en,1,308,175,0.00311,9e-05,33.70488,False
trace,en,1,317,163,0.0029,0.00016,18.46688,False
trace,en,1,327,1168,0.02079,0.00233,8.92683,False
trace,en,1,345,159,0.00283,0.00059,4.78489,False
trace,en,1,376,1358,0.02417,0.00098,24.67452,False
trace,en,1,379,456,0.00812,0.00194,4.18216,False
trace,en,2,18,333,0.00593,0.00031,18.8634,False
trace,en,2,45,498,0.00886,0.0017,5.21274,False
trace,en,2,63,152,0.00271,0.00074,3.65939,False
trace,en,2,95,279,0.00497,0.00143,3.46679,False
trace,en,2,104,535,0.00952,0.0014,6.82388,False
trace,en,2,108,1065,0.01896,0.00296,6.40995,False
trace,en,2,119,238,0.00424,0.00131,3.22807,False
trace,en,2,128,881,0.01568,0.00147,10.6717,False
trace,en,2,139,314,0.00559,0.00014,40.31746,False
trace,en,2,162,269,0.00479,0.00137,3.50062,False
trace,en,2,182,163,0.0029,7e-05,39.24211,False
trace,en,2,184,309,0.0055,0.00116,4.72327,False
trace,en,2,202,211,0.00376,0.00079,4.7254,False
trace,en,2,206,262,0.00466,0.00104,4.50545,False
trace,en,2,213,3083,0.05487,0.00646,8.49476,False
trace,en,2,220,183,0.00326,0.0003,11.01427,False
trace,en,2,233,201,0.00358,0.00083,4.30138,False
trace,en,2,237,149,0.00265,0.00035,7.55192,False
trace,en,2,240,519,0.00924,0.00177,5.2062,False
trace,en,2,250,976,0.01737,0.00227,7.64134,False
trace,en,2,289,579,0.01031,0.00116,8.9212,False
trace,en,2,293,150,0.00267,0.00073,3.65695,False
trace,en,2,300,1653,0.02942,0.00076,38.8252,False
trace,en,2,337,235,0.00418,0.00081,5.14328,False
trace,en,2,340,266,0.00473,0.00063,7.53403,False
trace,en,2,356,393,0.00699,0.00037,18.92288,False
trace,en,2,370,191,0.0034,0.0011,3.0913,False
trace,en,2,378,694,0.01235,0.00067,18.56443,False
trace,en,3,28,1040,0.01851,0.00141,13.09172,False
trace,en,3,37,1307,0.02326,0.00184,12.64961,False
trace,en,3,45,471,0.00838,0.0022,3.81152,False
trace,en,3,53,154,0.00274,0.0001,26.9639,False
trace,en,3,98,239,0.00425,0.00043,9.79388,False
trace,en,3,130,635,0.0113,0.00036,31.35912,False
trace,en,3,133,278,0.00495,0.00036,13.72887,False
trace,en,3,140,180,0.0032,0.00012,26.6676,False
trace,en,3,148,1267,0.02255,0.00551,4.09435,False
trace,en,3,150,154,0.00274,0.00067,4.11949,False
trace,en,3,182,424,0.00755,0.00064,11.83509,False
trace,en,3,183,280,0.00498,0.00067,7.38737,False
trace,en,3,198,196,0.00349,0.00052,6.74098,False
trace,en,3,200,318,0.00566,0.0009,6.31408,False
trace,en,3,245,240,0.00427,0.00072,5.92613,False
trace,en,3,250,625,0.01112,0.00181,6.14156,False
trace,en,3,257,356,0.00634,0.0006,10.54852,False
trace,en,3,261,185,0.00329,0.00046,7.12617,False
trace,en,3,275,1063,0.01892,0.00543,3.48185,False
trace,en,3,309,1206,0.02147,0.002,10.75346,False
trace,en,3,329,1170,0.02082,0.0051,4.08227,False
trace,en,3,338,210,0.00374,0.00071,5.25271,False
trace,en,3,339,213,0.00379,0.00111,3.41864,False
trace,en,4,25,203,0.00361,0.0009,4.03069,False
trace,en,4,65,165,0.00294,0.00037,7.94472,False
trace,en,4,69,241,0.00429,0.0013,3.29195,False
trace,en,4,123,1036,0.01844,0.00497,3.70879,False
trace,en,4,124,433,0.00771,0.00055,14.13483,False
trace,en,4,130,185,0.00329,6e-05,59.38479,False
trace,en,4,139,219,0.0039,0.00058,6.69512,False
trace,en,4,145,168,0.00299,0.00084,3.55568,False
trace,en,4,174,1231,0.02191,0.00286,7.64806,False
trace,en,4,209,156,0.00278,0.0003,9.10469,False
trace,en,4,213,1845,0.03284,0.00434,7.56055,False
trace,en,4,219,187,0.00333,0.00102,3.27419,False
trace,en,4,252,1344,0.02392,0.00101,23.74803,False
trace,en,4,306,353,0.00628,0.0004,15.81106,False
trace,en,4,318,351,0.00625,0.00107,5.82779,False
trace,en,4,359,160,0.00285,0.0008,3.54206,False
trace,en,5,29,183,0.00326,0.00082,3.96019,False
trace,en,5,31,441,0.00785,0.00043,18.07155,False
trace,en,5,37,935,0.01664,0.00448,3.713,False
trace,en,5,57,304,0.00541,0.00084,6.43409,False
trace,en,5,62,287,0.00511,0.00057,8.91548,False
trace,en,5,82,161,0.00287,0.00067,4.30673,False
trace,en,5,88,163,0.0029,0.00039,7.47469,False
trace,en,5,95,937,0.01668,0.00019,85.93598,False
trace,en,5,108,281,0.005,0.00045,11.04498,False
trace,en,5,145,170,0.00303,0.00027,11.2903,False
trace,en,5,151,430,0.00765,0.00152,5.01925,False
trace,en,5,273,261,0.00465,0.00061,7.61643,False
trace,en,5,292,224,0.00399,0.00099,4.03199,False
trace,en,5,310,256,0.00456,0.00084,5.41818,False
trace,en,5,312,205,0.00365,0.00077,4.75697,False
trace,en,5,313,842,0.01499,0.00156,9.59578,False
trace,en,5,325,297,0.00529,0.00122,4.33348,False
trace,en,5,340,230,0.00409,0.00076,5.40218,False
trace,en,5,355,923,0.01643,0.00385,4.26305,False
trace,en,5,382,163,0.0029,0.0004,7.30086,False
trace,en,6,16,657,0.01169,0.00177,6.62501,False
trace,en,6,40,360,0.00641,0.00139,4.62238,False
trace,en,6,62,176,0.00313,0.00079,3.94157,False
trace,en,6,82,161,0.00287,0.00068,4.19034,False
trace,en,6,112,236,0.0042,0.00126,3.34216,False
trace,en,6,115,458,0.00815,0.00055,14.70175,False
trace,en,6,116,235,0.00418,0.00012,34.81603,False
trace,en,6,140,757,0.01347,0.00038,35.56041,False
trace,en,6,174,208,0.0037,0.00115,3.2307,False
trace,en,6,182,396,0.00705,0.00143,4.9206,False
trace,en,6,187,212,0.00377,0.00037,10.20776,False
trace,en,6,211,776,0.01381,0.00363,3.80298,False
trace,en,6,213,552,0.00982,0.00164,5.97274,False
trace,en,6,216,270,0.00481,0.00073,6.58251,False
trace,en,6,223,339,0.00603,0.00056,10.70347,False
trace,en,6,232,337,0.006,0.00117,5.11071,False
trace,en,6,243,347,0.00618,0.00088,7.03494,False
trace,en,6,250,160,0.00285,0.00016,18.12699,False
trace,en,6,265,191,0.0034,0.00018,18.39323,False
trace,en,6,279,213,0.00379,0.00034,11.08747,False
trace,en,6,288,248,0.00441,0.00056,7.83027,False
trace,en,6,292,1098,0.01954,0.00055,35.24567,False
trace,en,6,293,186,0.00331,0.00071,4.6524,False
trace,en,6,311,968,0.01723,0.00528,3.26508,False
trace,en,6,324,238,0.00424,0.00065,6.54838,False
trace,en,7,13,932,0.01659,0.00444,3.73964,False
trace,en,7,46,584,0.01039,0.00315,3.29848,False
trace,en,7,53,887,0.01579,0.00526,3.00238,False
trace,en,7,70,153,0.00272,0.00048,5.66686,False
trace,en,7,73,310,0.00552,0.00012,45.92753,False
trace,en,7,85,453,0.00806,0.00068,11.7902,False
trace,en,7,86,249,0.00443,0.00067,6.56948,False
trace,en,7,88,375,0.00667,0.00088,7.6026,False
trace,en,7,122,390,0.00694,0.00102,6.82852,False
trace,en,7,123,555,0.00988,0.00297,3.32999,False
trace,en,7,151,356,0.00634,0.0018,3.51617,False
trace,en,7,153,724,0.01289,0.00043,30.31346,False
trace,en,7,160,439,0.00781,0.00111,7.04592,False
trace,en,7,162,327,0.00582,0.00174,3.35,False
trace,en,7,167,202,0.0036,0.00037,9.72627,False
trace,en,7,168,198,0.00352,0.0003,11.91708,False
trace,en,7,198,479,0.00853,0.00064,13.3703,False
trace,en,7,207,8300,0.14773,0.02978,4.9599,False
trace,en,7,218,380,0.00676,0.00212,3.19597,False
trace,en,7,233,162,0.00288,0.00092,3.12011,False
trace,en,7,243,158,0.00281,0.0002,13.83213,False
trace,en,7,266,527,0.00938,0.00299,3.13271,False
trace,en,7,271,396,0.00705,0.00079,8.97286,False
trace,en,7,274,265,0.00472,0.0,510.38819,True
trace,en,7,294,368,0.00655,0.0015,4.3751,False
trace,en,7,302,638,0.01136,0.00111,10.23986,False
trace,en,7,317,760,0.01353,0.00421,3.20999,False
trace,en,7,336,180,0.0032,0.0007,4.56156,False
trace,en,7,348,270,0.00481,0.00044,10.83371,False
trace,en,8,4,289,0.00514,0.0014,3.68617,False
trace,en,8,7,607,0.0108,0.00047,22.9231,False
trace,en,8,16,265,0.00472,0.00069,6.80518,False
trace,en,8,22,1000,0.0178,0.00453,3.9306,False
trace,en,8,25,157,0.00279,0.00059,4.7247,False
trace,en,8,28,153,0.00272,0.00056,4.83077,False
trace,en,8,29,262,0.00466,0.0005,9.34463,False
trace,en,8,34,280,0.00498,0.00057,8.69803,False
trace,en,8,49,172,0.00306,0.00012,25.48237,False
trace,en,8,56,249,0.00443,4e-05,119.89307,False
trace,en,8,59,497,0.00885,1e-05,957.2186,False
trace,en,8,77,477,0.00849,0.00018,48.35257,False
trace,en,8,116,276,0.00491,0.00114,4.32174,False
trace,en,8,139,150,0.00267,0.00015,18.05619,False
trace,en,8,157,333,0.00593,0.00177,3.35788,False
trace,en,8,159,228,0.00406,0.00028,14.63755,False
trace,en,8,192,1824,0.03246,0.00155,20.91078,False
trace,en,8,215,242,0.00431,0.00052,8.32304,False
trace,en,8,235,617,0.01098,0.00053,20.84803,False
trace,en,8,240,224,0.00399,0.0011,3.6254,False
trace,en,8,276,1200,0.02136,0.0016,13.35949,False
trace,en,8,301,237,0.00422,0.0004,10.61536,False
trace,en,8,304,1202,0.02139,0.00292,7.32609,False
trace,en,8,329,279,0.00497,0.00128,3.89386,False
trace,en,8,342,795,0.01415,0.0038,3.72546,False
trace,en,8,348,218,0.00388,0.00053,7.36608,False
trace,en,8,353,188,0.00335,0.00058,5.74741,False
trace,en,8,375,381,0.00678,0.00045,14.97558,False
trace,en,8,379,542,0.00965,0.00269,3.58725,False
trace,en,9,22,1195,0.02127,0.00445,4.78495,False
trace,en,9,29,218,0.00388,0.00012,32.29742,False
trace,en,9,46,309,0.0055,0.00103,5.36155,False
trace,en,9,48,238,0.00424,0.0006,7.0521,False
trace,en,9,50,360,0.00641,0.00064,10.04866,False
trace,en,9,83,166,0.00295,2e-05,159.85743,False
trace,en,9,132,455,0.0081,0.0027,3.00112,False
trace,en,9,137,241,0.00429,0.00073,5.8755,False
trace,en,9,148,227,0.00404,0.00038,10.66343,False
trace,en,9,154,208,0.0037,0.00044,8.34597,False
trace,en,9,221,211,0.00376,0.00114,3.30394,False
trace,en,9,229,281,0.005,0.00106,4.70612,False
trace,en,9,230,239,0.00425,0.00117,3.62451,False
trace,en,9,232,161,0.00287,0.00048,5.96317,False
trace,en,9,242,1138,0.02025,0.00399,5.07357,False
trace,en,9,246,164,0.00292,0.00086,3.39638,False
trace,en,9,270,4690,0.08348,0.0082,10.18366,False
trace,en,9,283,288,0.00513,0.00011,46.22384,False
trace,en,9,288,760,0.01353,0.00167,8.08704,False
trace,en,9,305,225,0.004,0.00026,15.47673,False
trace,en,9,312,502,0.00893,0.00061,14.64922,False
trace,en,9,325,381,0.00678,0.00087,7.80642,False
trace,en,9,370,336,0.00598,0.00107,5.57874,False
trace,en,9,378,574,0.01022,0.00226,4.51233,False
trace,en,10,5,420,0.00748,0.00192,3.88902,False
trace,en,10,16,683,0.01216,0.00052,23.49024,False
trace,en,10,22,704,0.01253,0.00213,5.86969,False
trace,en,10,74,295,0.00525,0.00153,3.4227,False
trace,en,10,92,436,0.00776,0.00243,3.1929,False
trace,en,10,97,416,0.0074,0.00031,23.56509,False
trace,en,10,121,246,0.00438,0.00113,3.88356,False
trace,en,10,129,175,0.00311,0.00081,3.8301,False
trace,en,10,130,652,0.0116,0.00153,7.56474,False
trace,en,10,136,470,0.00837,0.00083,10.05796,False
trace,en,10,138,197,0.00351,0.00116,3.03537,False
trace,en,10,178,2932,0.05219,0.00331,15.77378,False
trace,en,10,202,648,0.01153,0.00237,4.87517,False
trace,en,10,203,279,0.00497,0.00032,15.35292,False
trace,en,10,211,692,0.01232,0.00169,7.28299,False
trace,en,10,220,266,0.00473,0.00089,5.33661,False
trace,en,10,237,968,0.01723,0.00311,5.53223,False
trace,en,10,264,300,0.00534,0.00165,3.22792,False
trace,en,10,266,193,0.00344,0.00013,26.55119,False
trace,en,10,268,945,0.01682,0.00323,5.20018,False
trace,en,10,270,1324,0.02357,0.00039,60.71464,False
trace,en,10,281,285,0.00507,0.00145,3.49623,False
trace,en,10,314,505,0.00899,0.00192,4.67609,False
trace,en,10,315,228,0.00406,0.00043,9.34312,False
trace,en,10,318,159,0.00283,6e-05,43.74756,False
trace,en,10,319,532,0.00947,0.0015,6.32487,False
trace,en,10,321,843,0.015,0.00434,3.45449,False
trace,en,10,352,488,0.00869,0.00162,5.37077,False
trace,en,10,376,390,0.00694,0.00039,17.88422,False
trace,en,11,11,187,0.00333,0.00016,21.18592,False
trace,en,11,13,901,0.01604,0.00495,3.23754,False
trace,en,11,39,678,0.01207,0.00112,10.79193,False
trace,en,11,87,550,0.00979,0.00229,4.27136,False
trace,en,11,89,194,0.00345,0.00098,3.52493,False
trace,en,11,92,215,0.00383,0.00019,19.7185,False
trace,en,11,116,149,0.00265,0.00031,8.44038,False
trace,en,11,126,236,0.0042,0.00118,3.55105,False
trace,en,11,130,373,0.00664,0.00062,10.72232,False
trace,en,11,134,224,0.00399,0.0001,39.22022,False
trace,en,11,136,302,0.00538,0.0003,18.17656,False
trace,en,11,145,1097,0.01953,0.00224,8.73064,False
trace,en,11,150,468,0.00833,0.00103,8.1204,False
trace,en,11,152,362,0.00644,0.00034,18.8435,False
trace,en,11,159,396,0.00705,0.00019,36.31873,False
trace,en,11,172,150,0.00267,0.00031,8.49703,False
trace,en,11,175,3712,0.06607,0.01494,4.42133,False
trace,en,11,183,153,0.00272,0.0006,4.53349,False
trace,en,11,192,520,0.00926,0.00083,11.12796,False
trace,en,11,224,247,0.0044,0.00102,4.32473,False
trace,en,11,247,199,0.00354,9e-05,38.32726,False
trace,en,11,250,356,0.00634,0.00032,19.5901,False
trace,en,11,269,169,0.00301,0.0003,9.86342,False
trace,en,11,293,150,0.00267,0.00055,4.89659,False
trace,en,11,303,517,0.0092,0.00211,4.36727,False
trace,en,11,317,751,0.01337,0.00085,15.72197,False
trace,en,11,330,469,0.00835,0.00255,3.27279,False
trace,en,11,331,179,0.00319,0.00052,6.1563,False
trace,en,11,336,163,0.0029,0.00074,3.92421,False
trace,en,11,354,403,0.00717,0.00044,16.17032,False
trace,en,11,368,323,0.00575,0.00179,3.20668,False
trace,en,11,370,475,0.00845,0.00217,3.89296,False
trace,en,12,47,1048,0.01865,0.00349,5.33979,False
trace,en,12,49,600,0.01068,0.00132,8.08109,False
trace,en,12,76,658,0.01171,0.00242,4.83704,False
trace,en,12,78,166,0.00295,0.00067,4.44048,False
trace,en,12,90,1286,0.02289,0.00761,3.00951,False
trace,en,12,99,310,0.00552,0.00173,3.19282,False
trace,en,12,103,337,0.006,0.00047,12.72666,False
trace,en,12,104,283,0.00504,0.00129,3.89326,False
trace,en,12,107,722,0.01285,0.00048,26.74167,False
trace,en,12,108,174,0.0031,0.00029,10.81041,False
trace,en,12,117,361,0.00643,8e-05,77.25373,False
trace,en,12,120,236,0.0042,0.00064,6.58745,False
trace,en,12,130,177,0.00315,0.00037,8.52252,False
trace,en,12,174,288,0.00513,0.00137,3.74788,False
trace,en,12,184,165,0.00294,0.00013,22.69921,False
trace,en,12,193,177,0.00315,9e-05,34.09008,False
trace,en,12,194,475,0.00845,0.0024,3.51864,False
trace,en,12,199,200,0.00356,0.00069,5.13598,False
trace,en,12,202,464,0.00826,0.00167,4.93735,False
trace,en,12,225,150,0.00267,0.00088,3.04104,False
trace,en,12,238,402,0.00716,0.00171,4.18513,False
trace,en,12,252,1022,0.01819,0.00304,5.98287,False
trace,en,12,257,220,0.00392,0.00124,3.16208,False
trace,en,12,261,176,0.00313,0.00018,16.94874,False
trace,en,12,283,477,0.00849,0.00253,3.35292,False
trace,en,12,291,488,0.00869,0.00098,8.86684,False
trace,en,12,302,153,0.00272,0.00045,6.01382,False
trace,en,12,353,289,0.00514,0.00014,37.10747,False
trace,en,12,354,412,0.00733,0.00084,8.71988,False
trace,en,12,356,855,0.01522,0.00222,6.86135,False
trace,en,12,357,624,0.01111,0.00104,10.73053,False
trace,en,12,362,379,0.00675,0.00218,3.09301,False
trace,en,12,368,428,0.00762,9e-05,82.43251,False
trace,en,12,374,208,0.0037,0.00096,3.85199,False
trace,en,12,378,219,0.0039,0.00033,11.71646,False
trace,en,12,383,1367,0.02433,0.0064,3.79918,False
trace,en,13,8,220,0.00392,0.00061,6.41998,False
trace,en,13,10,2710,0.04823,0.01446,3.33511,False
trace,en,13,17,252,0.00449,0.00062,7.24403,False
trace,en,13,43,283,0.00504,0.00111,4.54213,False
trace,en,13,51,148,0.00263,4e-05,71.26175,False
trace,en,13,81,240,0.00427,0.00014,30.81589,False
trace,en,13,84,191,0.0034,0.00112,3.0402,False
trace,en,13,144,321,0.00571,0.00052,11.04007,False
trace,en,13,147,199,0.00354,0.0011,3.22078,False
trace,en,13,191,259,0.00461,0.00119,3.86692,False
trace,en,13,212,179,0.00319,0.00076,4.2043,False
trace,en,13,223,251,0.00447,0.00129,3.45303,False
trace,en,13,234,384,0.00683,0.00098,6.97718,False
trace,en,13,236,274,0.00488,0.0012,4.0594,False
trace,en,13,242,269,0.00479,0.00033,14.39145,False
trace,en,13,250,185,0.00329,9e-05,35.63087,False
trace,en,13,277,600,0.01068,0.00091,11.79179,False
trace,en,13,294,185,0.00329,0.00054,6.14325,False
trace,en,13,296,611,0.01087,0.00053,20.6453,False
trace,en,13,327,152,0.00271,0.00067,4.06599,False
trace,en,13,331,183,0.00326,0.00101,3.23355,False
trace,en,13,332,427,0.0076,0.00162,4.69942,False
trace,en,13,342,407,0.00724,0.00147,4.93006,False
trace,en,13,368,299,0.00532,0.00128,4.14296,False
trace,en,14,13,322,0.00573,0.00079,7.29612,False
trace,en,14,35,196,0.00349,0.00067,5.17116,False
trace,en,14,60,167,0.00297,0.00064,4.66146,False
trace,en,14,80,807,0.01436,0.00352,4.07947,False
trace,en,14,81,587,0.01045,6e-05,161.50828,False
trace,en,14,116,287,0.00511,0.00124,4.12507,False
trace,en,14,126,167,0.00297,0.00091,3.28205,False
trace,en,14,140,350,0.00623,0.0015,4.1611,False
trace,en,14,141,483,0.0086,0.00072,11.92634,False
trace,en,14,179,384,0.00683,0.00044,15.40795,False
trace,en,14,181,1451,0.02583,0.0039,6.62231,False
trace,en,14,194,338,0.00602,0.00139,4.3399,False
trace,en,14,209,182,0.00324,0.00034,9.4738,False
trace,en,14,216,300,0.00534,0.00161,3.32068,False
trace,en,14,229,198,0.00352,0.00116,3.05077,False
trace,en,14,239,828,0.01474,0.00478,3.08457,False
trace,en,14,256,2785,0.04957,0.0123,4.02997,False
trace,en,14,261,273,0.00486,0.00089,5.47704,False
trace,en,14,272,332,0.00591,0.00186,3.18124,False
trace,en,14,314,926,0.01648,0.00042,39.63266,False
trace,en,14,359,439,0.00781,0.00038,20.62222,False
trace,en,14,363,1894,0.03371,0.00481,7.01506,False
trace,en,14,365,228,0.00406,0.00015,27.4454,False
trace,en,14,372,204,0.00363,0.00027,13.54837,False
trace,en,14,380,976,0.01737,0.0024,7.22988,False
trace,en,14,381,201,0.00358,0.00113,3.17315,False
trace,en,15,27,683,0.01216,0.00064,19.06454,False
trace,en,15,68,184,0.00327,0.00077,4.26967,False
trace,en,15,89,149,0.00265,6e-05,47.82883,False
trace,en,15,90,230,0.00409,0.00053,7.77155,False
trace,en,15,102,254,0.00452,0.0013,3.46952,False
trace,en,15,105,166,0.00295,0.00079,3.71761,False
trace,en,15,106,196,0.00349,0.00067,5.17116,False
trace,en,15,107,161,0.00287,0.00016,18.24029,False
trace,en,15,113,1014,0.01805,0.00394,4.58441,False
trace,en,15,121,657,0.01169,0.00255,4.5847,False
trace,en,15,129,304,0.00541,0.00118,4.57423,False
trace,en,15,148,464,0.00826,0.00177,4.65448,False
trace,en,15,151,322,0.00573,0.00067,8.49548,False
trace,en,15,172,179,0.00319,0.00031,10.13979,False
trace,en,15,177,5365,0.09549,0.02475,3.85846,False
trace,en,15,193,405,0.00721,0.00144,5.00017,False
trace,en,15,197,163,0.0029,0.00034,8.48478,False
trace,en,15,202,1299,0.02312,0.0027,8.56803,False
trace,en,15,215,219,0.0039,0.00043,8.97431,False
trace,en,15,216,1254,0.02232,0.00029,77.90953,False
trace,en,15,247,148,0.00263,0.0006,4.38534,False
trace,en,15,255,1401,0.02494,0.00137,18.23187,False
trace,en,15,274,154,0.00274,0.00067,4.11949,False
trace,en,15,291,203,0.00361,0.00119,3.03083,False
trace,en,15,294,274,0.00488,0.00038,12.87127,False
trace,en,15,329,211,0.00376,0.00051,7.38881,False
trace,en,15,332,533,0.00949,0.00155,6.11044,False
trace,en,15,344,195,0.00347,0.00077,4.52492,False
trace,en,15,347,199,0.00354,0.00012,29.48251,False
trace,en,16,19,164,0.00292,0.00024,12.14857,False
trace,en,16,23,193,0.00344,0.00036,9.5312,False
trace,en,16,25,252,0.00449,0.00095,4.71214,False
trace,en,16,41,306,0.00545,0.00114,4.7915,False
trace,en,16,44,150,0.00267,0.00023,11.55596,False
trace,en,16,49,300,0.00534,0.00097,5.50284,False
trace,en,16,82,187,0.00333,0.0008,4.13978,False
trace,en,16,86,648,0.01153,0.00167,6.89527,False
trace,en,16,94,993,0.01767,0.00515,3.43359,False
trace,en,16,145,174,0.0031,4e-05,83.7807,False
trace,en,16,149,239,0.00425,0.00072,5.90144,False
trace,en,16,159,291,0.00518,0.00037,14.0116,False
trace,en,16,182,932,0.01659,0.00062,26.79143,False
trace,en,16,191,417,0.00742,6e-05,133.85652,False
trace,en,16,211,433,0.00771,0.00052,14.89205,False
trace,en,16,214,465,0.00828,0.00221,3.74723,False
trace,en,16,230,265,0.00472,0.00089,5.31654,False
trace,en,16,242,340,0.00605,0.00143,4.22476,False
trace,en,16,263,7834,0.13943,0.0273,5.10773,False
trace,en,16,265,973,0.01732,0.00297,5.83798,False
trace,en,16,279,260,0.00463,0.00138,3.36079,False
trace,en,16,281,302,0.00538,0.00125,4.30852,False
trace,en,16,282,358,0.00637,0.00181,3.51789,False
trace,en,16,294,162,0.00288,0.00058,4.95255,False
trace,en,16,317,248,0.00441,0.00131,3.36371,False
trace,en,16,326,256,0.00456,0.00074,6.16318,False
trace,en,16,347,175,0.00311,0.00042,7.48997,False
trace,en,16,354,171,0.00304,0.00088,3.46679,False
trace,en,16,376,373,0.00664,0.00033,19.95543,False
trace,en,16,381,206,0.00367,4e-05,99.18865,False
trace,en,17,5,164,0.00292,0.00039,7.52054,False
trace,en,17,53,155,0.00276,0.00025,11.05663,False
trace,en,17,62,863,0.01536,0.001,15.39011,False
trace,en,17,70,1047,0.01864,0.00572,3.2577,False
trace,en,17,78,235,0.00418,0.00066,6.37477,False
trace,en,17,85,153,0.00272,0.00084,3.23821,False
trace,en,17,99,506,0.00901,0.00034,26.33926,False
trace,en,17,125,385,0.00685,0.00112,6.12816,False
trace,en,17,127,393,0.00699,0.00041,17.20262,False
trace,en,17,140,173,0.00308,0.00074,4.16496,False
trace,en,17,143,631,0.01123,0.00301,3.72792,False
trace,en,17,152,215,0.00383,0.00074,5.17611,False
trace,en,17,182,161,0.00287,0.00018,16.32026,False
trace,en,17,185,168,0.00299,0.00099,3.02399,False
trace,en,17,191,401,0.00714,0.00012,59.40948,False
trace,en,17,224,183,0.00326,0.00042,7.83237,False
trace,en,17,258,194,0.00345,2e-05,186.82134,False
trace,en,17,274,1048,0.01865,0.00469,3.98115,False
trace,en,17,277,203,0.00361,0.00096,3.75939,False
trace,en,17,281,1632,0.02905,0.00396,7.34397,False
trace,en,17,294,173,0.00308,0.00038,8.12675,False
trace,en,17,306,1752,0.03118,0.01033,3.01819,False
trace,en,17,338,235,0.00418,0.00019,21.55278,False
trace,en,17,351,338,0.00602,0.00101,5.97235,False
trace,en,17,378,425,0.00756,0.00097,7.79569,False
trace,en,18,10,209,0.00372,0.00088,4.23718,False
trace,en,18,26,365,0.0065,0.00129,5.02134,False
trace,en,18,27,1167,0.02077,0.00671,3.09591,False
trace,en,18,44,3728,0.06635,0.01316,5.04221,False
trace,en,18,85,172,0.00306,0.00088,3.48706,False
trace,en,18,87,828,0.01474,0.0043,3.42951,False
trace,en,18,91,250,0.00445,0.00073,6.09492,False
trace,en,18,93,626,0.01114,0.00112,9.96423,False
trace,en,18,117,294,0.00523,0.00021,24.61922,False
trace,en,18,118,158,0.00281,8e-05,33.81188,False
trace,en,18,125,170,0.00303,0.00083,3.63799,False
trace,en,18,130,207,0.00368,0.00062,5.95046,False
trace,en,18,136,274,0.00488,9e-05,52.77221,False
trace,en,18,138,210,0.00374,0.00119,3.13534,False
trace,en,18,139,202,0.0036,0.00049,7.34058,False
trace,en,18,141,175,0.00311,0.00093,3.33712,False
trace,en,18,146,373,0.00664,0.00094,7.04309,False
trace,en,18,153,333,0.00593,0.00124,4.78624,False
trace,en,18,157,173,0.00308,7e-05,41.6496,False
trace,en,18,160,196,0.00349,0.00043,8.0318,False
trace,en,18,164,412,0.00733,0.00144,5.0866,False
trace,en,18,168,523,0.00931,0.00217,4.28636,False
trace,en,18,193,1324,0.02357,0.00359,6.55531,False
trace,en,18,200,446,0.00794,0.00185,4.29496,False
trace,en,18,205,317,0.00564,0.00104,5.40301,False
trace,en,18,206,428,0.00762,0.00238,3.19506,False
trace,en,18,223,195,0.00347,0.00015,23.47304,False
trace,en,18,238,453,0.00806,0.00091,8.90281,False
trace,en,18,241,182,0.00324,0.00075,4.32754,False
trace,en,18,250,226,0.00402,4e-05,108.81861,False
trace,en,18,260,166,0.00295,2e-05,159.85743,False
trace,en,18,287,192,0.00342,0.00091,3.77337,False
trace,en,18,296,226,0.00402,0.00029,14.04111,False
trace,en,18,320,214,0.00381,0.00118,3.22002,False
trace,en,18,325,485,0.00863,0.00284,3.04269,False
trace,en,18,349,152,0.00271,0.00059,4.57423,False
trace,en,18,354,1369,0.02437,0.00704,3.46022,False
trace,en,18,363,214,0.00381,4e-05,103.04063,False
trace,en,18,378,329,0.00586,0.00106,5.51002,False
trace,en,19,4,286,0.00509,0.00121,4.20484,False
trace,en,19,40,214,0.00381,0.00078,4.9067,False
trace,en,19,80,249,0.00443,0.00126,3.52627,False
trace,en,19,118,5695,0.10136,0.01759,5.76381,False
trace,en,19,147,385,0.00685,0.00178,3.84201,False
trace,en,19,176,246,0.00438,0.00056,7.76712,False
trace,en,19,194,216,0.00384,0.0007,5.47388,False
trace,en,19,204,286,0.00509,0.00122,4.17299,False
trace,en,19,231,156,0.00278,0.00072,3.85199,False
trace,en,19,238,398,0.00708,0.00022,31.93939,False
trace,en,19,263,213,0.00379,0.00078,4.88377,False
trace,en,19,290,153,0.00272,0.0002,13.39441,False
trace,en,19,313,304,0.00541,0.00033,16.26394,False
trace,en,19,316,316,0.00562,0.00187,3.01294,False
trace,en,19,330,225,0.004,0.00033,12.03746,False
trace,en,19,345,482,0.00858,0.00013,66.30919,False
trace,en,19,348,197,0.00351,0.00057,6.11969,False
trace,en,19,360,240,0.00427,0.00135,3.16602,False
trace,en,19,365,184,0.00327,0.0006,5.45204,False
trace,en,19,367,194,0.00345,0.00076,4.55662,False
trace,en,20,13,201,0.00358,0.00078,4.60863,False
trace,en,20,14,4695,0.08356,0.02067,4.04226,False
trace,en,20,20,341,0.00607,0.00031,19.31658,False
trace,en,20,25,172,0.00306,0.00099,3.09599,False
trace,en,20,38,339,0.00603,0.00198,3.05099,False
trace,en,20,39,223,0.00397,0.00056,7.04093,False
trace,en,20,46,159,0.00283,0.00075,3.78065,False
trace,en,20,47,493,0.00877,0.00137,6.41564,False
trace,en,20,58,296,0.00527,0.00129,4.0721,False
trace,en,20,71,272,0.00484,0.00107,4.51612,False
trace,en,20,75,682,0.01214,0.00036,33.68019,False
trace,en,20,117,345,0.00614,0.00094,6.51439,False
trace,en,20,133,370,0.00659,0.00079,8.28625,False
trace,en,20,137,401,0.00714,0.00128,5.59655,False
trace,en,20,152,424,0.00755,0.00058,12.96224,False
trace,en,20,158,230,0.00409,0.00109,3.75405,False
trace,en,20,182,448,0.00797,0.00026,30.81589,False
trace,en,20,203,152,0.00271,4e-05,73.18774,False
trace,en,20,208,367,0.00653,0.00203,3.21291,False
trace,en,20,218,667,0.01187,0.00209,5.68424,False
trace,en,20,225,318,0.00566,0.0018,3.14085,False
trace,en,20,228,2044,0.03638,0.01046,3.47768,False
trace,en,20,234,336,0.00598,0.00073,8.19157,False
trace,en,20,247,489,0.0087,0.00163,5.3512,False
trace,en,20,281,148,0.00263,0.0003,8.90772,False
trace,en,20,289,339,0.00603,0.00104,5.77798,False
trace,en,20,299,179,0.00319,0.00046,6.89506,False
trace,en,20,321,225,0.004,0.00043,9.22018,False
trace,en,20,328,207,0.00368,0.00014,26.57871,False
trace,en,20,332,179,0.00319,1e-05,344.75278,False
trace,en,20,338,226,0.00402,0.00112,3.59731,False
trace,en,20,350,208,0.0037,0.00025,14.83728,False
trace,en,20,357,277,0.00493,0.00073,6.75317,False
trace,en,20,358,324,0.00577,0.00061,9.45488,False
trace,en,20,364,522,0.00929,0.00043,21.39082,False
trace,en,20,382,965,0.01718,0.00118,14.52018,False
trace,en,21,2,199,0.00354,0.00018,19.16363,False
trace,en,21,3,191,0.0034,0.00068,4.97114,False
trace,en,21,4,504,0.00897,0.00043,21.10219,False
trace,en,21,6,235,0.00418,0.00079,5.3248,False
trace,en,21,7,532,0.00947,0.00053,17.97594,False
trace,en,21,27,396,0.00705,0.00093,7.55142,False
trace,en,21,29,1349,0.02401,0.00756,3.17624,False
trace,en,21,34,1471,0.02618,0.00348,7.51495,False
trace,en,21,40,261,0.00465,0.00097,4.78747,False
trace,en,21,61,1552,0.02762,0.00782,3.53326,False
trace,en,21,66,279,0.00497,0.00034,14.52303,False
trace,en,21,87,1961,0.0349,0.00718,4.86084,False
trace,en,21,104,164,0.00292,0.00079,3.67282,False
trace,en,21,110,673,0.01198,0.00244,4.90982,False
trace,en,21,130,236,0.0042,0.00048,8.74105,False
trace,en,21,133,397,0.00707,0.00206,3.42879,False
trace,en,21,142,180,0.0032,0.00033,9.62997,False
trace,en,21,143,163,0.0029,0.00067,4.30051,False
trace,en,21,148,200,0.00356,0.00051,7.00361,False
trace,en,21,155,229,0.00408,0.00118,3.44572,False
trace,en,21,162,964,0.01716,0.00255,6.72702,False
trace,en,21,173,750,0.01335,0.00427,3.12661,False
trace,en,21,179,319,0.00568,0.00173,3.28552,False
trace,en,21,218,239,0.00425,0.00019,21.91964,False
trace,en,21,252,303,0.00539,0.00111,4.86313,False
trace,en,21,265,211,0.00376,0.00031,11.95249,False
trace,en,21,280,215,0.00383,0.00071,5.37777,False
trace,en,21,299,495,0.00881,0.00209,4.21844,False
trace,en,21,307,335,0.00596,0.00025,23.89658,False
trace,en,21,311,784,0.01395,0.00441,3.16557,False
trace,en,21,327,353,0.00628,0.00081,7.72586,False
trace,en,21,331,1670,0.02972,0.00084,35.34515,False
trace,en,21,334,1047,0.01864,0.00108,17.23517,False
trace,en,21,338,320,0.0057,0.00158,3.6042,False
trace,en,21,344,176,0.00313,0.00042,7.53277,False
trace,en,21,371,160,0.00285,0.00075,3.80443,False
trace,en,21,372,334,0.00594,0.00186,3.20041,False
trace,en,22,45,175,0.00311,4e-05,84.2622,False
trace,en,22,48,261,0.00465,0.00088,5.29141,False
trace,en,22,49,228,0.00406,0.00099,4.10399,False
trace,en,22,64,436,0.00776,0.00224,3.46997,False
trace,en,22,77,568,0.01011,0.00313,3.22703,False
trace,en,22,82,349,0.00621,0.00082,7.55249,False
trace,en,22,88,174,0.0031,0.00037,8.37807,False
trace,en,22,89,161,0.00287,0.00079,3.64806,False
trace,en,22,96,163,0.0029,0.00084,3.44986,False
trace,en,22,145,204,0.00363,0.00109,3.32968,False
trace,en,22,158,6683,0.11895,0.03063,3.88395,False
trace,en,22,160,172,0.00306,0.00056,5.43067,False
trace,en,22,161,177,0.00315,0.00058,5.41112,False
trace,en,22,185,233,0.00415,0.001,4.15515,False
trace,en,22,227,204,0.00363,0.00109,3.32968,False
trace,en,22,231,627,0.01116,0.00304,3.67051,False
trace,en,22,276,979,0.01742,0.00067,25.82942,False
trace,en,22,279,218,0.00388,0.0009,4.32852,False
trace,en,22,288,633,0.01127,0.00254,4.43329,False
trace,en,22,298,189,0.00336,0.00054,6.27608,False
trace,en,22,304,183,0.00326,0.00093,3.48967,False
trace,en,22,328,458,0.00815,0.00067,12.25146,False
trace,en,22,353,174,0.0031,0.00029,10.81041,False
trace,en,22,368,308,0.00548,0.00086,6.37856,False
trace,en,22,372,190,0.00338,0.00102,3.32672,False
trace,en,23,0,500,0.0089,0.00293,3.03784,False
trace,en,23,3,250,0.00445,0.00018,24.07491,False
trace,en,23,7,158,0.00281,0.0003,9.50959,False
trace,en,23,24,152,0.00271,0.00051,5.32274,False
trace,en,23,30,171,0.00304,0.00027,11.35672,False
trace,en,23,34,452,0.00804,0.00171,4.70567,False
trace,en,23,36,175,0.00311,7e-05,42.1311,False
trace,en,23,39,283,0.00504,0.00012,41.92739,False
trace,en,23,60,243,0.00433,0.00143,3.01946,False
trace,en,23,62,225,0.004,0.00058,6.87855,False
trace,en,23,70,202,0.0036,0.00023,15.56202,False
trace,en,23,75,171,0.00304,0.00061,4.99007,False
trace,en,23,77,213,0.00379,0.00046,8.20473,False
trace,en,23,78,185,0.00329,0.00103,3.20999,False
trace,en,23,79,162,0.00288,0.00047,6.11786,False
trace,en,23,80,291,0.00518,0.00072,7.18544,False
trace,en,23,104,1474,0.02624,0.0042,6.23937,False
trace,en,23,127,158,0.00281,9e-05,30.43069,False
trace,en,23,146,241,0.00429,0.00049,8.75782,False
trace,en,23,152,6238,0.11103,0.02801,3.96382,False
trace,en,23,155,2147,0.03821,0.01149,3.32672,False
trace,en,23,167,155,0.00276,0.00037,7.46322,False
trace,en,23,198,225,0.004,0.00056,7.10407,False
trace,en,23,206,204,0.00363,0.00025,14.55195,False
trace,en,23,211,290,0.00516,0.00068,7.54781,False
trace,en,23,216,154,0.00274,0.00044,6.17923,False
trace,en,23,217,279,0.00497,0.00133,3.73161,False
trace,en,23,232,658,0.01171,0.00059,19.80162,False
trace,en,23,272,271,0.00482,0.00104,4.66022,False
trace,en,23,279,183,0.00326,0.0009,3.63357,False
trace,en,23,312,1269,0.02259,0.00115,19.71037,False
trace,en,23,314,222,0.00395,0.00019,20.3605,False
trace,en,23,335,197,0.00351,0.00104,3.38768,False
trace,en,23,345,222,0.00395,0.00081,4.85876,False
trace,en,24,17,273,0.00486,0.00069,7.01062,False
trace,en,24,36,273,0.00486,0.00141,3.43658,False
trace,en,24,54,252,0.00449,0.00112,4.01116,False
trace,en,24,71,318,0.00566,0.00104,5.42005,False
trace,en,24,76,1295,0.02305,0.00412,5.59229,False
trace,en,24,86,211,0.00376,0.00059,6.34976,False
trace,en,24,94,467,0.00831,0.00016,52.90817,False
trace,en,24,117,353,0.00628,0.00127,4.9626,False
trace,en,24,120,271,0.00482,0.00132,3.64996,False
trace,en,24,121,230,0.00409,0.00131,3.11957,False
trace,en,24,146,333,0.00593,0.00195,3.0396,False
trace,en,24,158,2946,0.05243,0.00414,12.66512,False
trace,en,24,171,2430,0.04325,0.01294,3.34297,False
trace,en,24,193,175,0.00311,0.00028,11.23496,False
trace,en,24,197,223,0.00397,0.00026,15.33916,False
trace,en,24,206,260,0.00463,0.00063,7.36409,False
trace,en,24,212,609,0.01084,0.00177,6.10901,False
trace,en,24,227,223,0.00397,0.00093,4.25244,False
trace,en,24,271,177,0.00315,9e-05,34.09008,False
trace,en,24,282,764,0.0136,0.00432,3.15088,False
trace,en,24,310,214,0.00381,2e-05,206.08127,False
trace,en,24,315,391,0.00696,0.00086,8.09746,False
trace,en,24,317,261,0.00465,0.00152,3.04657,False
trace,en,24,330,316,0.00562,0.00046,12.17228,False
trace,en,24,335,159,0.00283,0.00027,10.55976,False
trace,en,24,341,153,0.00272,0.00031,8.66697,False
trace,en,24,361,152,0.00271,4e-05,73.18774,False
trace,en,24,378,841,0.01497,0.00399,3.74945,False
trace,en,25,3,197,0.00351,0.00067,5.19754,False
trace,en,25,8,318,0.00566,0.0002,27.83936,False
trace,en,25,12,181,0.00322,0.00086,3.74844,False
trace,en,25,21,6391,0.11375,0.0092,12.35846,False
trace,en,25,36,184,0.00327,0.00109,3.00324,False
trace,en,25,38,414,0.00737,0.00113,6.53575,False
trace,en,25,41,163,0.0029,0.00026,11.21203,False
trace,en,25,43,571,0.01016,0.00124,8.20703,False
trace,en,25,45,150,0.00267,0.00043,6.28041,False
trace,en,25,62,331,0.00589,0.00013,45.53598,False
trace,en,25,79,465,0.00828,0.00098,8.44893,False
trace,en,25,104,901,0.01604,0.00154,10.39114,False
trace,en,25,156,712,0.01267,0.00332,3.8198,False
trace,en,25,170,224,0.00399,0.00025,15.97861,False
trace,en,25,194,295,0.00525,0.00114,4.61925,False
trace,en,25,204,890,0.01584,0.00064,24.84252,False
trace,en,25,206,185,0.00329,0.00066,5.01843,False
trace,en,25,211,901,0.01604,0.00349,4.59079,False
trace,en,25,235,500,0.0089,0.00234,3.80631,False
trace,en,25,241,1145,0.02038,0.00021,95.88096,False
trace,en,25,256,584,0.01039,0.00077,13.55157,False
trace,en,25,270,198,0.00352,0.00047,7.47739,False
trace,en,25,273,168,0.00299,0.00091,3.3017,False
trace,en,25,290,196,0.00349,0.00077,4.54813,False
trace,en,25,301,1011,0.01799,0.00354,5.08402,False
trace,en,25,308,349,0.00621,0.0002,30.55326,False
trace,en,25,309,161,0.00287,0.00055,5.25568,False
trace,en,25,350,274,0.00488,0.00096,5.07425,False
trace,en,25,359,8080,0.14381,0.0466,3.08587,False
trace,en,26,29,801,0.01426,0.00208,6.85654,False
trace,en,26,37,718,0.01278,0.0017,7.51556,False
trace,en,26,44,736,0.0131,0.00012,109.04084,False
trace,en,26,56,554,0.00986,4e-05,266.75005,False
trace,en,26,58,802,0.01427,0.00034,41.7472,False
trace,en,26,63,3398,0.06048,0.00993,6.08793,False
trace,en,26,80,155,0.00276,0.00088,3.14241,False
trace,en,26,82,260,0.00463,0.00146,3.16936,False
trace,en,26,89,443,0.00788,0.00013,60.94393,False
trace,en,26,100,529,0.00942,0.00099,9.52197,False
trace,en,26,112,234,0.00416,0.00123,3.38859,False
trace,en,26,125,183,0.00326,0.00034,9.52586,False
trace,en,26,144,263,0.00468,0.00039,12.06039,False
trace,en,26,163,173,0.00308,0.00027,11.48955,False
trace,en,26,168,153,0.00272,0.00079,3.42648,False
trace,en,26,170,914,0.01627,0.0027,6.02862,False
trace,en,26,183,213,0.00379,0.00088,4.31828,False
trace,en,26,204,858,0.01527,0.00249,6.14313,False
trace,en,26,235,1225,0.0218,0.0027,8.07994,False
trace,en,26,246,178,0.00317,0.00085,3.72638,False
trace,en,26,253,222,0.00395,0.0005,7.91797,False
trace,en,26,273,220,0.00392,5e-05,84.7437,False
trace,en,26,287,195,0.00347,0.00025,13.90995,False
trace,en,26,288,150,0.00267,0.00058,4.5857,False
trace,en,26,290,272,0.00484,0.00095,5.08612,False
trace,en,26,301,182,0.00324,0.00018,17.52654,False
trace,en,26,302,167,0.00297,0.00046,6.43282,False
trace,en,26,303,151,0.00269,0.00032,8.30928,False
trace,en,26,307,601,0.0107,0.00014,77.16813,False
trace,en,26,308,244,0.00434,0.0012,3.61494,False
trace,en,26,315,277,0.00493,0.00127,3.89416,False
trace,en,26,317,163,0.0029,0.00056,5.14651,False
trace,en,26,347,189,0.00336,0.00028,12.13376,False
trace,en,26,354,755,0.01344,0.00213,6.29491,False
trace,en,26,355,167,0.00297,0.00082,3.61394,False
trace,en,26,357,579,0.01031,0.00235,4.39035,False
trace,en,26,363,372,0.00662,0.00098,6.75915,False
trace,en,26,364,193,0.00344,0.0006,5.71872,False
trace,en,26,368,168,0.00299,0.00088,3.40597,False
trace,en,26,379,368,0.00655,0.00131,4.99131,False
trace,en,27,9,186,0.00331,0.00034,9.68202,False
trace,en,27,18,531,0.00945,0.00227,4.15733,False
trace,en,27,46,697,0.01241,0.00408,3.04403,False
trace,en,27,49,274,0.00488,0.00028,17.59074,False
trace,en,27,54,567,0.01009,0.00196,5.15112,False
trace,en,27,62,560,0.00997,0.00063,15.86112,False
trace,en,27,75,482,0.00858,0.00103,8.36332,False
trace,en,27,76,311,0.00554,0.0006,9.21514,False
trace,en,27,84,1582,0.02816,0.00213,13.24748,False
trace,en,27,98,915,0.01629,0.00267,6.09787,False
trace,en,27,207,174,0.0031,0.00077,4.03762,False
trace,en,27,208,1585,0.02821,0.00237,11.92461,False
trace,en,27,211,222,0.00395,0.0008,4.9146,False
trace,en,27,223,443,0.00788,0.00073,10.80019,False
trace,en,27,252,173,0.00308,0.00016,19.59981,False
trace,en,27,262,820,0.01459,3e-05,526.43813,False
trace,en,27,264,181,0.00322,0.00035,9.17381,False
trace,en,27,266,1496,0.02663,0.00883,3.0139,False
trace,en,27,279,456,0.00812,0.00164,4.96188,False
trace,en,27,305,332,0.00591,0.0009,6.59206,False
trace,en,27,319,152,0.00271,0.00018,14.63755,False
trace,en,27,330,197,0.00351,7e-05,47.42758,False
trace,en,27,348,395,0.00703,9e-05,76.07673,False
trace,en,27,350,516,0.00918,0.00024,38.22356,False
trace,en,27,352,171,0.00304,0.00019,15.68309,False
trace,en,27,363,7747,0.13789,0.02861,4.81934,False
trace,en,28,25,448,0.00797,0.00177,4.51751,False
trace,en,28,38,4281,0.0762,0.01172,6.50251,False
trace,en,28,64,219,0.0039,0.00044,8.78734,False
trace,en,28,109,965,0.01718,0.0014,12.3085,False
trace,en,28,134,221,0.00393,0.00054,7.3387,False
trace,en,28,149,355,0.00632,0.00018,35.98566,False
trace,en,28,161,734,0.01306,0.00203,6.42581,False
trace,en,28,165,589,0.01048,0.00061,17.18803,False
trace,en,28,166,316,0.00562,0.00032,17.38897,False
trace,en,28,181,352,0.00627,0.00043,14.73803,False
trace,en,28,236,727,0.01294,0.00041,31.82266,False
trace,en,28,266,646,0.0115,0.00216,5.31706,False
trace,en,28,272,580,0.01032,0.00013,79.79115,False
trace,en,28,284,355,0.00632,0.00036,17.53148,False
trace,en,28,289,205,0.00365,0.0008,4.53826,False
trace,en,28,308,195,0.00347,0.00042,8.34597,False
trace,en,28,315,5747,0.10229,0.01031,9.91817,False
trace,en,28,318,247,0.0044,6e-05,79.28672,False
trace,en,28,327,229,0.00408,0.00043,9.38409,False
trace,en,28,328,1989,0.0354,0.00081,43.53182,False
trace,en,28,331,195,0.00347,0.00086,4.03837,False
trace,en,28,340,149,0.00265,0.00043,6.10581,False
trace,en,28,357,2906,0.05172,0.01328,3.89488,False
trace,en,28,368,222,0.00395,0.0012,3.289,False
trace,en,29,22,1401,0.02494,0.00601,4.15126,False
trace,en,29,35,1204,0.02143,0.00667,3.21177,False
trace,en,29,39,3075,0.05473,0.00867,6.31389,False
trace,en,29,45,555,0.00988,0.00121,8.15974,False
trace,en,29,50,660,0.01175,0.00136,8.64732,False
trace,en,29,62,1393,0.02479,0.00205,12.08517,False
trace,en,29,89,477,0.00849,0.00011,76.55823,False
trace,en,29,106,476,0.00847,6e-05,130.96754,False
trace,en,29,115,288,0.00513,0.00137,3.74788,False
trace,en,29,130,1688,0.03004,0.00832,3.61231,False
trace,en,29,247,164,0.00292,0.00043,6.72049,False
trace,en,29,251,302,0.00538,0.00029,18.7629,False
trace,en,29,254,269,0.00479,0.00079,6.02433,False
trace,en,29,273,178,0.00317,0.0003,10.71334,False
trace,en,29,276,430,0.00765,0.00011,69.01476,False
trace,en,29,277,247,0.0044,0.0007,6.25948,False
trace,en,29,300,215,0.00383,0.00073,5.24163,False
trace,en,29,310,392,0.00698,0.00013,53.92781,False
trace,en,29,312,239,0.00425,0.00015,28.76952,False
trace,en,29,317,754,0.01342,0.00408,3.29297,False
trace,en,29,325,389,0.00692,0.00219,3.16123,False
trace,en,29,326,255,0.00454,0.00086,5.28095,False
trace,en,29,330,268,0.00477,0.00143,3.3301,False
trace,en,29,337,322,0.00573,0.0003,18.79302,False
trace,en,29,345,489,0.0087,0.00155,5.60602,False
trace,en,29,360,764,0.0136,0.00382,3.56285,False
trace,en,29,362,731,0.01301,0.00256,5.08268,False
trace,en,29,379,658,0.01171,0.00181,6.46583,False
trace,en,30,0,195,0.00347,0.00079,4.36708,False
trace,en,30,8,334,0.00594,0.00114,5.22993,False
trace,en,30,12,239,0.00425,0.00102,4.18466,False
trace,en,30,17,153,0.00272,0.00063,4.33348,False
trace,en,30,27,546,0.00972,0.0007,13.83674,False
trace,en,30,50,1474,0.02624,0.00321,8.18131,False
trace,en,30,110,506,0.00901,0.0007,12.82306,False
trace,en,30,130,365,0.0065,0.00144,4.50633,False
trace,en,30,131,183,0.00326,0.0008,4.05123,False
trace,en,30,138,147,0.00262,0.0008,3.25426,False
trace,en,30,157,698,0.01242,0.00338,3.67307,False
trace,en,30,172,159,0.00283,0.00087,3.2578,False
trace,en,30,181,836,0.01488,0.00274,5.42131,False
trace,en,30,205,203,0.00361,0.00057,6.30607,False
trace,en,30,207,466,0.00829,0.00213,3.88534,False
trace,en,30,210,671,0.01194,0.00072,16.56848,False
trace,en,30,253,177,0.00315,7e-05,42.6126,False
trace,en,30,258,487,0.00867,0.00209,4.15026,False
trace,en,30,274,273,0.00486,0.00092,5.25796,False
trace,en,30,284,384,0.00683,0.00212,3.22961,False
trace,en,30,296,227,0.00404,0.00042,9.71557,False
trace,en,30,298,604,0.01075,0.00201,5.33624,False
trace,en,30,330,212,0.00377,6e-05,58.33008,False
trace,en,30,352,1292,0.023,0.00029,80.27042,False
trace,en,30,360,389,0.00692,0.00154,4.4863,False
trace,en,30,379,7652,0.1362,0.04205,3.23905,False
trace,en,30,380,150,0.00267,0.00075,3.56665,False
trace,en,31,5,1078,0.01919,0.00073,26.28127,False
trace,en,31,10,157,0.00279,0.0006,4.65201,False
trace,en,31,26,297,0.00529,0.00161,3.28747,False
trace,en,31,34,208,0.0037,0.0008,4.60467,False
trace,en,31,36,820,0.01459,0.00338,4.31507,False
trace,en,31,48,736,0.0131,0.00389,3.36706,False
trace,en,31,53,624,0.01111,0.0016,6.94693,False
trace,en,31,62,291,0.00518,0.00091,5.66125,False
trace,en,31,66,198,0.00352,0.00079,4.43426,False
trace,en,31,75,334,0.00594,0.00081,7.31002,False
trace,en,31,94,1086,0.01933,0.00069,27.88838,False
trace,en,31,99,479,0.00853,0.00072,11.82757,False
trace,en,31,138,410,0.0073,0.00156,4.67253,False
trace,en,31,140,176,0.00313,0.00102,3.08159,False
trace,en,31,145,382,0.0068,0.00025,27.24924,False
trace,en,31,164,256,0.00456,0.00041,11.20578,False
trace,en,31,186,437,0.00778,0.00116,6.73327,False
trace,en,31,208,422,0.00751,0.00165,4.54061,False
trace,en,31,210,237,0.00422,0.0012,3.51123,False
trace,en,31,213,524,0.00933,0.00156,5.97172,False
trace,en,31,216,296,0.00527,0.00105,5.00082,False
trace,en,31,218,278,0.00495,0.0001,48.6751,False
trace,en,31,238,269,0.00479,0.00146,3.27906,False
trace,en,31,251,312,0.00555,0.00157,3.53476,False
trace,en,31,261,185,0.00329,0.00054,6.14325,False
trace,en,31,264,148,0.00263,0.00024,10.96335,False
trace,en,31,269,2769,0.04928,0.01331,3.70352,False
trace,en,31,278,186,0.00331,0.00051,6.51336,False
trace,en,31,285,533,0.00949,0.00053,18.00973,False
trace,en,31,294,149,0.00265,0.00055,4.86395,False
trace,en,31,303,785,0.01397,0.00387,3.60836,False
trace,en,31,320,870,0.01548,0.00091,16.92539,False
trace,en,31,364,400,0.00712,0.00061,11.67269,False
trace,en,32,12,347,0.00618,0.00031,19.65646,False
trace,en,32,34,499,0.00888,0.00215,4.12477,False
trace,en,32,35,480,0.00854,0.00122,7.00361,False
trace,en,32,37,334,0.00594,0.00147,4.0458,False
trace,en,32,49,558,0.00993,0.0014,7.07042,False
trace,en,32,50,203,0.00361,0.0009,4.03069,False
trace,en,32,53,155,0.00276,0.00027,10.2941,False
trace,en,32,67,199,0.00354,0.00099,3.58199,False
trace,en,32,83,222,0.00395,0.00099,3.99599,False
trace,en,32,89,273,0.00486,0.00069,7.01062,False
trace,en,32,98,169,0.00301,0.00016,19.14664,False
trace,en,32,101,371,0.0066,0.00158,4.17862,False
trace,en,32,115,615,0.01095,0.00092,11.84486,False
trace,en,32,163,158,0.00281,2e-05,152.15346,False
trace,en,32,181,1429,0.02543,0.00712,3.57434,False
trace,en,32,184,267,0.00475,0.00099,4.80598,False
trace,en,32,245,278,0.00495,0.00085,5.81985,False
trace,en,32,252,627,0.01116,0.00322,3.47011,False
trace,en,32,279,443,0.00788,0.00161,4.90353,False
trace,en,32,296,309,0.0055,0.00056,9.75626,False
trace,en,32,314,1348,0.02399,0.00125,19.2314,False
trace,en,32,316,224,0.00399,0.00127,3.14907,False
trace,en,32,329,1174,0.0209,0.00464,4.50422,False
trace,en,32,332,378,0.00673,0.00173,3.89318,False
trace,en,32,337,264,0.0047,0.00126,3.73869,False
trace,en,33,19,220,0.00392,0.00043,9.21127,False
trace,en,33,23,254,0.00452,0.00025,18.1186,False
trace,en,33,30,250,0.00445,0.00096,4.62979,False
trace,en,33,100,162,0.00288,0.00043,6.63853,False
trace,en,33,120,439,0.00781,0.00133,5.8716,False
trace,en,33,129,166,0.00295,0.0003,9.68833,False
trace,en,33,143,5979,0.10642,0.01063,10.01349,False
trace,en,33,169,339,0.00603,0.00152,3.98117,False
trace,en,33,170,203,0.00361,0.00014,26.06511,False
trace,en,33,173,235,0.00418,0.00087,4.81498,False
trace,en,33,174,150,0.00267,0.00031,8.49703,False
trace,en,33,185,324,0.00577,0.00026,22.28649,False
trace,en,33,188,666,0.01185,0.00368,3.22289,False
trace,en,33,190,282,0.00502,0.00162,3.1036,False
trace,en,33,194,226,0.00402,0.00077,5.24427,False
trace,en,33,198,1710,0.03044,0.00906,3.36066,False
trace,en,33,204,173,0.00308,0.00073,4.21768,False
trace,en,33,207,500,0.0089,0.00252,3.52746,False
trace,en,33,220,176,0.00313,0.00091,3.42399,False
trace,en,33,221,220,0.00392,0.00117,3.33637,False
trace,en,33,225,402,0.00716,0.00021,33.66301,False
trace,en,33,257,302,0.00538,0.00152,3.54665,False
trace,en,33,261,325,0.00578,0.00106,5.44302,False
trace,en,33,281,415,0.00739,0.00018,39.96436,False
trace,en,33,282,299,0.00532,0.00088,6.06181,False
trace,en,33,290,467,0.00831,0.00111,7.49532,False
trace,en,33,297,244,0.00434,0.00035,12.3669,False
trace,en,33,312,245,0.00436,0.00054,8.13566,False
trace,en,33,317,819,0.01458,9e-05,157.73884,False
trace,en,33,330,1662,0.02958,0.00946,3.12598,False
trace,en,33,333,194,0.00345,0.00087,3.97492,False
trace,en,33,365,249,0.00443,0.00139,3.19715,False
trace,en,33,368,177,0.00315,0.00096,3.27789,False
trace,en,33,373,215,0.00383,0.00083,4.60098,False
trace,en,33,378,220,0.00392,0.00123,3.18585,False
trace,en,33,381,210,0.00374,0.00095,3.92678,False
trace,en,34,17,187,0.00333,0.00076,4.3922,False
trace,en,34,24,455,0.0081,0.00192,4.21311,False
trace,en,34,32,216,0.00384,0.00098,3.92467,False
trace,en,34,53,180,0.0032,0.00051,6.30325,False
trace,en,34,54,2723,0.04847,0.00947,5.11657,False
trace,en,34,65,6958,0.12384,0.03626,3.41515,False
trace,en,34,78,199,0.00354,0.00047,7.51515,False
trace,en,34,82,190,0.00338,0.00103,3.29675,False
trace,en,34,100,203,0.00361,0.00071,5.07762,False
trace,en,34,112,809,0.0144,0.00026,55.64745,False
trace,en,34,115,918,0.01634,0.00179,9.11372,False
trace,en,34,119,203,0.00361,0.00034,10.56694,False
trace,en,34,148,3006,0.0535,0.00528,10.13929,False
trace,en,34,154,363,0.00646,0.00091,7.06197,False
trace,en,34,157,210,0.00374,0.00012,31.1122,False
trace,en,34,159,308,0.00548,0.00048,11.40781,False
trace,en,34,168,234,0.00416,0.00085,4.89872,False
trace,en,34,181,565,0.01006,0.00079,12.65333,False
trace,en,34,184,171,0.00304,0.0002,14.97022,False
trace,en,34,200,255,0.00454,1e-05,491.12826,False
trace,en,34,207,297,0.00529,0.00061,8.66697,False
trace,en,34,219,439,0.00781,0.00119,6.55435,False
trace,en,34,247,377,0.00671,0.00177,3.78177,False
trace,en,34,253,185,0.00329,0.00084,3.91548,False
trace,en,34,265,508,0.00904,0.00295,3.0671,False
trace,en,34,278,558,0.00993,0.00131,7.56834,False
trace,en,34,281,196,0.00349,0.00089,3.93224,False
trace,en,34,297,151,0.00269,0.00035,7.65329,False
trace,en,34,332,231,0.00411,0.00104,3.97236,False
trace,en,34,341,472,0.0084,0.00134,6.26944,False
trace,en,34,342,234,0.00416,0.00111,3.75569,False
trace,en,34,358,150,0.00267,0.0003,8.75451,False
trace,en,34,363,288,0.00513,0.00127,4.0488,False
trace,en,34,381,256,0.00456,0.00131,3.47221,False
trace,en,34,383,207,0.00368,0.00037,9.96701,False
trace,en,35,25,154,0.00274,0.00059,4.63442,False
trace,en,35,34,498,0.00886,0.00033,26.64291,False
trace,en,35,41,214,0.00381,0.00072,5.28414,False
trace,en,35,53,205,0.00365,0.00097,3.76027,False
trace,en,35,63,227,0.00404,0.0006,6.72616,False
trace,en,35,73,596,0.01061,8e-05,127.54355,False
trace,en,35,81,170,0.00303,0.0002,14.88267,False
trace,en,35,104,336,0.00598,0.00103,5.83003,False
trace,en,35,107,351,0.00625,0.00127,4.93448,False
trace,en,35,110,632,0.01125,0.00342,3.2898,False
trace,en,35,114,149,0.00265,0.00073,3.63257,False
trace,en,35,116,406,0.00723,0.00069,10.42604,False
trace,en,35,117,351,0.00625,0.00132,4.72744,False
trace,en,35,127,334,0.00594,0.00167,3.55404,False
trace,en,35,164,150,0.00267,0.00046,5.77798,False
trace,en,35,166,463,0.00824,0.00139,5.9449,False
trace,en,35,178,618,0.011,0.00138,7.98835,False
trace,en,35,185,770,0.0137,0.00052,26.48241,False
trace,en,35,215,7509,0.13365,0.03088,4.32743,False
trace,en,35,234,454,0.00808,0.00201,4.0295,False
trace,en,35,235,2120,0.03773,0.00884,4.26657,False
trace,en,35,239,270,0.00481,0.00066,7.3242,False
trace,en,35,242,282,0.00502,0.00089,5.6576,False
trace,en,35,251,225,0.004,0.00051,7.87906,False
trace,en,35,271,355,0.00632,0.00208,3.03879,False
trace,en,35,281,177,0.00315,0.00051,6.1982,False
trace,en,35,303,410,0.0073,0.00164,4.43628,False
trace,en,35,311,977,0.01739,0.00298,5.84377,False
trace,en,35,312,353,0.00628,0.0014,4.50249,False
trace,en,35,336,315,0.00561,0.00094,5.94792,False
trace,en,35,340,212,0.00377,0.00098,3.85199,False
trace,en,35,354,323,0.00575,0.0017,3.38096,False
trace,en,35,373,200,0.00356,0.00055,6.52879,False
trace,en,35,374,204,0.00363,0.00072,5.03721,False
trace,en,35,378,159,0.00283,0.00048,5.88909,False
trace,en,36,0,354,0.0063,0.00157,4.0106,False
trace,en,36,6,255,0.00454,0.00018,25.84886,False
trace,en,36,9,1013,0.01803,0.00183,9.85369,False
trace,en,36,10,250,0.00445,0.00047,9.44114,False
trace,en,36,18,691,0.0123,0.0009,13.72022,False
trace,en,36,28,151,0.00269,0.00081,3.30483,False
trace,en,36,41,820,0.01459,0.00116,12.53424,False
trace,en,36,61,148,0.00263,0.00067,3.95899,False
trace,en,36,71,163,0.0029,0.00022,13.0807,False
trace,en,36,73,167,0.00297,0.0008,3.69702,False
trace,en,36,82,241,0.00429,0.00045,9.47274,False
trace,en,36,87,786,0.01399,0.00322,4.35009,False
trace,en,36,108,176,0.00313,0.00103,3.05383,False
trace,en,36,119,662,0.01178,0.00016,75.00044,False
trace,en,36,121,389,0.00692,0.00086,8.05604,False
trace,en,36,135,203,0.00361,0.00058,6.20598,False
trace,en,36,148,254,0.00452,0.00017,27.1779,False
trace,en,36,170,157,0.00279,0.00091,3.05435,False
trace,en,36,171,257,0.00457,0.00102,4.49982,False
trace,en,36,183,1450,0.02581,0.0018,14.32149,False
trace,en,36,192,247,0.0044,0.00103,4.28577,False
trace,en,36,195,616,0.01096,0.0029,3.77838,False
trace,en,36,196,176,0.00313,0.00026,12.10624,False
trace,en,36,208,232,0.00413,0.00108,3.81906,False
trace,en,36,210,294,0.00523,0.00149,3.51703,False
trace,en,36,214,1471,0.02618,0.00743,3.5238,False
trace,en,36,220,179,0.00319,0.00032,9.85008,False
trace,en,36,221,376,0.00669,0.00052,12.93167,False
trace,en,36,233,381,0.00678,0.00157,4.31649,False
trace,en,36,265,296,0.00527,0.00169,3.11527,False
trace,en,36,272,208,0.0037,0.00032,11.4459,False
trace,en,36,275,154,0.00274,0.00031,8.72362,False
trace,en,36,337,303,0.00539,0.00107,5.03083,False
trace,en,36,339,719,0.0128,0.00216,5.9179,False
trace,en,36,353,1017,0.0181,0.00552,3.28096,False
trace,en,36,358,873,0.01554,5e-05,336.27841,False
trace,en,36,372,163,0.0029,0.00055,5.23228,False
trace,en,36,376,161,0.00287,0.00089,3.23005,False
trace,en,37,4,407,0.00724,0.00232,3.12302,False
trace,en,37,28,320,0.0057,0.00185,3.08159,False
trace,en,37,31,290,0.00516,0.00139,3.72359,False
trace,en,37,35,630,0.01121,0.00299,3.74499,False
trace,en,37,43,538,0.00958,0.00123,7.79086,False
trace,en,37,64,928,0.01652,0.00246,6.71925,False
trace,en,37,68,154,0.00274,0.00032,8.47437,False
trace,en,37,73,209,0.00372,0.0004,9.36122,False
trace,en,37,119,158,0.00281,0.00067,4.16859,False
trace,en,37,126,241,0.00429,0.00131,3.26876,False
trace,en,37,130,891,0.01586,0.00109,14.54288,False
trace,en,37,134,222,0.00395,0.00019,20.3605,False
trace,en,37,145,217,0.00386,0.00011,34.82838,False
trace,en,37,151,154,0.00274,0.0008,3.40923,False
trace,en,37,156,386,0.00687,0.00203,3.37924,False
trace,en,37,192,640,0.01139,0.00014,82.17571,False
trace,en,37,223,233,0.00415,0.00062,6.69786,False
trace,en,37,227,207,0.00368,0.0008,4.58254,False
trace,en,37,228,874,0.01556,0.00151,10.3271,False
trace,en,37,230,411,0.00732,0.00161,4.54933,False
trace,en,37,246,163,0.0029,0.0006,4.8298,False
trace,en,37,249,179,0.00319,9e-05,34.47528,False
trace,en,37,251,165,0.00294,5e-05,63.55777,False
trace,en,37,258,1061,0.01888,0.00405,4.66548,False
trace,en,37,268,571,0.01016,0.00161,6.32036,False
trace,en,37,272,275,0.00489,0.00072,6.79036,False
trace,en,37,283,193,0.00344,0.00094,3.64428,False
trace,en,37,310,477,0.00849,0.00195,4.35402,False
trace,en,37,315,158,0.00281,0.0003,9.22142,False
trace,en,37,320,281,0.005,0.00065,7.73149,False
trace,en,37,349,181,0.00322,0.0002,15.84567,False
trace,en,37,355,547,0.00974,0.00274,3.55918,False
trace,en,37,359,5966,0.10619,0.00967,10.98516,False
trace,en,37,364,289,0.00514,0.00026,19.879,False
trace,en,37,366,288,0.00513,0.00082,6.23243,False
trace,en,37,369,635,0.0113,0.00373,3.02724,False
trace,en,37,377,846,0.01506,0.0042,3.58108,False
trace,en,38,13,336,0.00598,0.00028,21.57112,False
trace,en,38,16,160,0.00285,0.0005,5.70665,False
trace,en,38,24,1290,0.02296,0.00297,7.73997,False
trace,en,38,30,891,0.01586,0.00305,5.20018,False
trace,en,38,31,494,0.00879,0.00152,5.76631,False
trace,en,38,82,178,0.00317,0.00081,3.89576,False
trace,en,38,87,239,0.00425,0.00091,4.64962,False
trace,en,38,90,151,0.00269,0.00064,4.21485,False
trace,en,38,94,203,0.00361,0.00027,13.48195,False
trace,en,38,96,339,0.00603,0.00075,8.06064,False
trace,en,38,103,619,0.01102,0.00224,4.9264,False
trace,en,38,144,285,0.00507,0.00099,5.12998,False
trace,en,38,150,404,0.00719,0.00152,4.74452,False
trace,en,38,162,287,0.00511,0.00116,4.42208,False
trace,en,38,179,321,0.00571,0.00037,15.4561,False
trace,en,38,194,217,0.00386,0.00112,3.45405,False
trace,en,38,202,213,0.00379,0.00034,11.08747,False
trace,en,38,208,497,0.00885,0.00166,5.31788,False
trace,en,38,215,175,0.00311,0.0003,10.53278,False
trace,en,38,233,281,0.005,6e-05,77.31487,False
trace,en,38,234,152,0.00271,0.00052,5.2277,False
trace,en,38,237,224,0.00399,0.00038,10.5225,False
trace,en,38,257,408,0.00726,0.00108,6.71628,False
trace,en,38,264,744,0.01324,0.002,6.63398,False
trace,en,38,269,1444,0.0257,0.00093,27.53598,False
trace,en,38,271,524,0.00933,0.00272,3.43272,False
trace,en,38,280,676,0.01203,0.00084,14.30738,False
trace,en,38,283,169,0.00301,0.00068,4.39855,False
trace,en,38,301,858,0.01527,0.00215,7.09228,False
trace,en,38,307,229,0.00408,0.00077,5.31388,False
trace,en,38,316,323,0.00575,0.00046,12.44192,False
trace,en,38,319,225,0.004,0.00067,5.93628,False
trace,en,38,344,382,0.0068,0.00055,12.26216,False
trace,en,38,364,921,0.01639,0.00398,4.11564,False
trace,en,39,6,453,0.00806,0.00183,4.40644,False
trace,en,39,15,204,0.00363,0.00114,3.19433,False
trace,en,39,25,181,0.00322,0.00083,3.87339,False
trace,en,39,30,296,0.00527,0.00104,5.04508,False
trace,en,39,48,1456,0.02591,0.00075,34.62032,False
trace,en,39,53,320,0.0057,0.00177,3.22679,False
trace,en,39,65,216,0.00384,0.0003,12.6065,False
trace,en,39,71,162,0.00288,0.00021,13.56569,False
trace,en,39,88,167,0.00297,0.00058,5.10541,False
trace,en,39,99,484,0.00861,0.00153,5.61555,False
trace,en,39,101,224,0.00399,0.00091,4.3578,False
trace,en,39,102,263,0.00468,0.00122,3.8374,False
trace,en,39,118,235,0.00418,0.0004,10.52578,False
trace,en,39,124,259,0.00461,0.00066,7.02581,False
trace,en,39,144,729,0.01298,0.0028,4.63383,False
trace,en,39,149,1871,0.0333,0.00181,18.38537,False
trace,en,39,153,717,0.01276,0.00067,19.17968,False
trace,en,39,210,450,0.00801,0.00158,5.0684,False
trace,en,39,212,345,0.00614,0.00152,4.05163,False
trace,en,39,215,246,0.00438,0.00111,3.94829,False
trace,en,39,223,191,0.0034,0.00024,14.14864,False
trace,en,39,234,954,0.01698,0.00021,79.88685,False
trace,en,39,240,231,0.00411,0.0011,3.73869,False
trace,en,39,242,520,0.00926,0.00122,7.58725,False
trace,en,39,261,598,0.01064,0.00056,18.88105,False
trace,en,39,262,351,0.00625,0.00057,10.90361,False
trace,en,39,268,351,0.00625,0.00114,5.49613,False
trace,en,39,281,361,0.00643,0.00044,14.48507,False
trace,en,39,283,257,0.00457,0.00146,3.13279,False
trace,en,39,317,291,0.00518,0.00028,18.68213,False
trace,en,39,322,324,0.00577,0.0012,4.80017,False
trace,en,39,352,397,0.00707,0.00234,3.02221,False
trace,en,39,354,358,0.00637,0.00093,6.82679,False
trace,en,39,367,1131,0.02013,0.00078,25.93212,False
trace,zh,0,52,286,0.00451,9e-05,50.56375,False
trace,zh,0,54,494,0.00779,0.00025,31.44146,False
trace,zh,0,65,337,0.00531,0.00091,5.82851,False
trace,zh,0,87,221,0.00348,0.00064,5.40997,False
trace,zh,0,92,308,0.00485,0.00061,7.90451,False
trace,zh,0,94,678,0.01069,0.00323,3.30924,False
trace,zh,0,103,585,0.00922,0.00015,62.05551,False
trace,zh,0,144,2300,0.03625,0.00053,67.77193,False
trace,zh,0,174,745,0.01174,0.00367,3.20384,False
trace,zh,0,177,360,0.00567,0.00036,15.91167,False
trace,zh,0,199,326,0.00514,0.0003,17.29068,False
trace,zh,0,228,573,0.00903,0.00265,3.40201,False
trace,zh,0,230,382,0.00602,0.00117,5.15107,False
trace,zh,0,272,328,0.00517,0.00039,13.38212,False
trace,zh,0,287,278,0.00438,0.0009,4.86093,False
trace,zh,0,306,175,0.00276,0.00066,4.15603,False
trace,zh,0,330,877,0.01382,0.00362,3.82316,False
trace,zh,1,58,528,0.00832,0.00016,52.50851,False
trace,zh,1,79,259,0.00408,5e-05,82.42245,False
trace,zh,1,94,735,0.01159,0.00177,6.53356,False
trace,zh,1,95,618,0.00974,0.00067,14.4609,False
trace,zh,1,102,454,0.00716,0.00179,3.9911,False
trace,zh,1,116,473,0.00746,0.00052,14.4735,False
trace,zh,1,123,335,0.00528,0.00039,13.66772,False
trace,zh,1,137,368,0.0058,0.00115,5.04784,False
trace,zh,1,140,197,0.00311,0.00065,4.74939,False
trace,zh,1,145,288,0.00454,0.00033,13.88655,False
trace,zh,1,200,634,0.00999,0.00331,3.02036,False
trace,zh,1,207,700,0.01103,0.00064,17.13564,False
trace,zh,1,237,504,0.00794,0.00084,9.43468,False
trace,zh,1,261,462,0.00728,9e-05,81.67991,False
trace,zh,1,278,176,0.00277,0.00057,4.82837,False
trace,zh,1,302,333,0.00525,0.00055,9.46176,False
trace,zh,1,334,2160,0.03405,0.00268,12.68236,False
trace,zh,1,343,875,0.01379,0.00253,5.45989,False
trace,zh,1,383,1783,0.0281,0.0002,141.85254,False
trace,zh,2,11,1619,0.02552,0.00136,18.80365,False
trace,zh,2,61,677,0.01067,6e-05,179.53668,False
trace,zh,2,74,675,0.01064,0.00236,4.51276,False
trace,zh,2,89,598,0.00943,0.0027,3.48541,False
trace,zh,2,97,258,0.00407,0.00084,4.82966,False
trace,zh,2,120,3571,0.05629,0.01021,5.51121,False
trace,zh,2,144,827,0.01304,0.00402,3.24112,False
trace,zh,2,148,296,0.00467,0.00014,33.64182,False
trace,zh,2,169,205,0.00323,0.00015,21.74595,False
trace,zh,2,187,753,0.01187,0.00217,5.471,False
trace,zh,2,201,624,0.00984,0.00018,55.16046,False
trace,zh,2,210,275,0.00433,0.00117,3.70823,False
trace,zh,2,211,420,0.00662,0.00218,3.03768,False
trace,zh,2,226,1087,0.01713,0.0036,4.76473,False
trace,zh,2,254,438,0.0069,0.00177,3.89347,False
trace,zh,2,264,187,0.00295,2e-05,148.77412,False
trace,zh,2,265,284,0.00448,0.00117,3.82959,False
trace,zh,2,275,251,0.00396,5e-05,79.87658,False
trace,zh,2,305,1030,0.01623,0.00363,4.47787,False
trace,zh,2,310,328,0.00517,2e-05,260.95139,False
trace,zh,2,321,306,0.00482,0.00136,3.55399,False
trace,zh,2,355,413,0.00651,0.00083,7.82324,False
trace,zh,2,371,366,0.00577,2e-05,291.18356,False
trace,zh,2,381,565,0.00891,0.00044,20.43203,False
trace,zh,3,1,238,0.00375,0.00027,14.02584,False
trace,zh,3,3,174,0.00274,0.00054,5.03387,False
trace,zh,3,6,416,0.00656,0.00094,6.96764,False
trace,zh,3,41,451,0.00711,4e-05,179.40408,False
trace,zh,3,104,359,0.00566,0.00167,3.38005,False
trace,zh,3,138,272,0.00429,0.00066,6.45966,False
trace,zh,3,167,3248,0.05119,0.01412,3.62674,False
trace,zh,3,170,292,0.0046,0.00112,4.11169,False
trace,zh,3,221,331,0.00522,0.00056,9.23993,False
trace,zh,3,222,429,0.00676,0.00206,3.28178,False
trace,zh,3,269,413,0.00651,0.00057,11.33021,False
trace,zh,3,286,976,0.01538,0.0012,12.83454,False
trace,zh,3,310,1578,0.02487,0.0002,125.54308,False
trace,zh,3,316,188,0.00296,0.00024,12.46414,False
trace,zh,3,331,650,0.01025,0.00111,9.23445,False
trace,zh,3,369,756,0.01192,3e-05,400.97409,False
trace,zh,3,373,334,0.00526,0.00015,35.42999,False
trace,zh,4,30,411,0.00648,0.00035,18.68485,False
trace,zh,4,39,306,0.00482,0.0007,6.85771,False
trace,zh,4,63,332,0.00523,0.00158,3.30167,False
trace,zh,4,78,341,0.00537,0.00029,18.70993,False
trace,zh,4,89,221,0.00348,0.00095,3.663,False
trace,zh,4,90,465,0.00733,0.00231,3.1755,False
trace,zh,4,114,749,0.01181,0.0007,16.78569,False
trace,zh,4,125,490,0.00772,0.0024,3.22178,False
trace,zh,4,127,2820,0.04445,0.00165,26.86881,False
trace,zh,4,142,318,0.00501,0.00031,16.32229,False
trace,zh,4,202,422,0.00665,0.00218,3.05215,False
trace,zh,4,208,325,0.00512,0.00047,11.00275,False
trace,zh,4,221,2504,0.03947,0.00116,34.05369,False
trace,zh,4,225,538,0.00848,0.00204,4.15557,False
trace,zh,4,265,237,0.00374,0.00102,3.66123,False
trace,zh,4,283,209,0.00329,1e-05,332.55391,False
trace,zh,4,313,1492,0.02352,0.00571,4.12156,False
trace,zh,4,371,317,0.005,0.00105,4.75849,False
trace,zh,5,20,254,0.004,0.0,404.15642,True
trace,zh,5,23,1017,0.01603,4e-05,404.55421,False
trace,zh,5,26,314,0.00495,0.0009,5.4904,False
trace,zh,5,107,534,0.00842,0.00275,3.05641,False
trace,zh,5,126,204,0.00322,1e-05,324.59807,False
trace,zh,5,136,1992,0.0314,0.00707,4.43922,False
trace,zh,5,169,1084,0.01709,0.00405,4.21718,False
trace,zh,5,212,477,0.00752,0.00146,5.16317,False
trace,zh,5,232,2483,0.03914,0.01266,3.09145,False
trace,zh,5,274,284,0.00448,6e-05,75.31524,False
trace,zh,5,280,1420,0.02238,0.00646,3.46543,False
trace,zh,5,381,208,0.00328,0.0009,3.63695,False
trace,zh,6,8,643,0.01013,0.00331,3.06323,False
trace,zh,6,47,2017,0.03179,0.00802,3.9622,False
trace,zh,6,67,504,0.00794,0.00218,3.64522,False
trace,zh,6,84,202,0.00318,0.00046,6.9873,False
trace,zh,6,117,3346,0.05274,0.01743,3.02503,False
trace,zh,6,124,173,0.00273,0.00066,4.10854,False
trace,zh,6,150,456,0.00719,0.00041,17.69688,False
trace,zh,6,159,739,0.01165,0.00183,6.35607,False
trace,zh,6,194,205,0.00323,0.00072,4.46835,False
trace,zh,6,233,336,0.0053,0.00058,9.06156,False
trace,zh,6,280,641,0.0101,0.00272,3.70887,False
trace,zh,6,317,212,0.00334,0.00069,4.81896,False
trace,zh,6,340,273,0.0043,0.00043,10.10206,False
trace,zh,6,345,500,0.00788,0.00018,44.19908,False
trace,zh,6,383,298,0.0047,0.00062,7.52647,False
trace,zh,7,28,339,0.00534,0.00032,16.85643,False
trace,zh,7,31,229,0.00361,0.00109,3.31252,False
trace,zh,7,57,247,0.00389,0.00015,26.20122,False
trace,zh,7,69,365,0.00575,0.0014,4.11898,False
trace,zh,7,201,2249,0.03545,0.01041,3.40489,False
trace,zh,7,241,1728,0.02724,0.00294,9.2577,False
trace,zh,7,248,523,0.00824,0.00064,12.80277,False
trace,zh,7,258,489,0.00771,0.0018,4.27517,False
trace,zh,7,284,702,0.01106,0.00131,8.46212,False
trace,zh,7,293,301,0.00474,0.00051,9.39101,False
trace,zh,7,298,603,0.0095,0.00278,3.4145,False
trace,zh,7,361,725,0.01143,0.0007,16.24783,False
trace,zh,7,365,246,0.00388,0.00057,6.74874,False
trace,zh,7,380,456,0.00719,0.00105,6.84502,False
trace,zh,8,8,853,0.01344,0.00203,6.62081,False
trace,zh,8,38,229,0.00361,0.00018,20.24318,False
trace,zh,8,54,565,0.00891,0.00044,20.43203,False
trace,zh,8,143,206,0.00325,0.001,3.24535,False
trace,zh,8,182,645,0.01017,0.0019,5.34533,False
trace,zh,8,202,498,0.00785,0.00115,6.83104,False
trace,zh,8,210,523,0.00824,0.00248,3.32872,False
trace,zh,8,271,2768,0.04363,0.012,3.63695,False
trace,zh,8,298,172,0.00271,0.00054,4.97601,False
trace,zh,8,354,378,0.00596,0.00167,3.55894,False
trace,zh,9,5,434,0.00684,0.00127,5.39505,False
trace,zh,9,10,2219,0.03498,0.00668,5.23858,False
trace,zh,9,66,188,0.00296,0.00068,4.33535,False
trace,zh,9,71,793,0.0125,0.00097,12.87546,False
trace,zh,9,96,469,0.00739,0.00241,3.07102,False
trace,zh,9,102,2120,0.03342,0.00807,4.13899,False
trace,zh,9,110,553,0.00872,0.00173,5.02809,False
trace,zh,9,117,578,0.00911,0.00177,5.13796,False
trace,zh,9,180,178,0.00281,0.00059,4.72046,False
trace,zh,9,190,317,0.005,0.00165,3.02036,False
trace,zh,9,238,935,0.01474,0.00451,3.26976,False
trace,zh,9,278,350,0.00552,0.00166,3.31493,False
trace,zh,9,331,349,0.0055,0.00134,4.11346,False
trace,zh,9,335,392,0.00618,0.00177,3.48457,False
trace,zh,9,341,225,0.00355,0.00113,3.14046,False
trace,zh,9,357,352,0.00555,0.0008,6.9147,False
trace,zh,9,365,190,0.00299,0.00088,3.39687,False
trace,zh,10,11,195,0.00307,0.00045,6.89506,False
trace,zh,10,58,513,0.00809,0.00243,3.33171,False
trace,zh,10,68,337,0.00531,0.00038,14.11114,False
trace,zh,10,94,366,0.00577,0.00064,8.95949,False
trace,zh,10,103,179,0.00282,0.00067,4.18851,False
trace,zh,10,108,375,0.00591,0.00149,3.97792,False
trace,zh,10,113,582,0.00917,0.00111,8.26839,False
trace,zh,10,114,226,0.00356,0.00076,4.67018,False
trace,zh,10,115,368,0.0058,0.00191,3.03394,False
trace,zh,10,123,176,0.00277,0.00059,4.66742,False
trace,zh,10,193,367,0.00578,0.00134,4.32562,False
trace,zh,10,230,205,0.00323,0.00087,3.7067,False
trace,zh,10,232,189,0.00298,0.00042,7.16025,False
trace,zh,10,248,392,0.00618,0.00053,11.55069,False
trace,zh,10,274,1921,0.03028,0.00932,3.24828,False
trace,zh,10,307,2921,0.04604,0.01415,3.25476,False
trace,zh,10,322,647,0.0102,0.00195,5.22581,False
trace,zh,10,323,641,0.0101,0.00247,4.09614,False
trace,zh,10,332,1569,0.02473,0.00224,11.04664,False
trace,zh,10,351,185,0.00292,2e-05,147.18295,False
trace,zh,10,372,861,0.01357,0.00078,17.34171,False
trace,zh,10,381,1386,0.02185,0.0027,8.07823,False
trace,zh,11,7,180,0.00284,0.0006,4.69525,False
trace,zh,11,23,423,0.00667,0.00042,16.02532,False
trace,zh,11,24,540,0.00851,0.00196,4.33955,False
trace,zh,11,35,2003,0.03157,0.00703,4.48888,False
trace,zh,11,50,580,0.00914,0.00251,3.64773,False
trace,zh,11,56,564,0.00889,0.00174,5.09897,False
trace,zh,11,60,1611,0.02539,0.00766,3.31613,False
trace,zh,11,74,552,0.0087,0.00159,5.45543,False
trace,zh,11,78,637,0.01004,0.00253,3.9748,False
trace,zh,11,85,1069,0.01685,0.00329,5.12337,False
trace,zh,11,94,221,0.00348,0.00039,9.01661,False
trace,zh,11,111,207,0.00326,0.00088,3.7008,False
trace,zh,11,131,1611,0.02539,0.00548,4.63539,False
trace,zh,11,155,828,0.01305,0.00114,11.4564,False
trace,zh,11,194,1880,0.02963,0.00209,14.17722,False
trace,zh,11,246,290,0.00457,0.00092,4.9617,False
trace,zh,11,253,288,0.00454,0.00122,3.72566,False
trace,zh,11,302,275,0.00433,0.00073,5.91312,False
trace,zh,11,356,389,0.00613,0.00198,3.09482,False
trace,zh,11,377,680,0.01072,0.00158,6.80499,False
trace,zh,12,0,178,0.00281,0.00016,17.70173,False
trace,zh,12,21,1679,0.02646,0.00064,41.10107,False
trace,zh,12,27,963,0.01518,0.00347,4.37798,False
trace,zh,12,33,331,0.00522,0.00086,6.05375,False
trace,zh,12,44,213,0.00336,0.00067,4.9841,False
trace,zh,12,109,767,0.01209,0.00297,4.06808,False
trace,zh,12,116,661,0.01042,0.00338,3.08434,False
trace,zh,12,124,1122,0.01768,0.00272,6.49196,False
trace,zh,12,135,1854,0.02922,0.00825,3.54144,False
trace,zh,12,146,366,0.00577,0.0018,3.19982,False
trace,zh,12,154,292,0.0046,0.00045,10.32491,False
trace,zh,12,176,416,0.00656,0.00161,4.06089,False
trace,zh,12,178,181,0.00285,0.0002,14.40006,False
trace,zh,12,201,610,0.00961,0.00106,9.07114,False
trace,zh,12,235,291,0.00459,0.00128,3.58938,False
trace,zh,12,264,227,0.00358,0.0004,9.02987,False
trace,zh,12,280,1008,0.01589,0.00474,3.34843,False
trace,zh,12,305,321,0.00506,0.0007,7.19387,False
trace,zh,12,318,1977,0.03116,0.00169,18.39612,False
trace,zh,12,360,474,0.00747,0.00159,4.68455,False
trace,zh,12,367,383,0.00604,0.00047,12.96632,False
trace,zh,13,13,203,0.0032,0.0008,3.98774,False
trace,zh,13,19,1652,0.02604,0.00862,3.02139,False
trace,zh,13,26,192,0.00303,0.00096,3.14953,False
trace,zh,13,30,206,0.00325,0.00081,3.99732,False
trace,zh,13,80,421,0.00664,0.00023,29.12527,False
trace,zh,13,119,191,0.00301,0.0,303.9129,True
trace,zh,13,135,427,0.00673,3e-05,226.4761,False
trace,zh,13,148,715,0.01127,0.00202,5.57688,False
trace,zh,13,155,542,0.00854,7e-05,123.20179,False
trace,zh,13,186,623,0.00982,8e-05,123.91213,False
trace,zh,13,189,420,0.00662,0.00035,19.094,False
trace,zh,13,216,388,0.00612,0.00049,12.59944,False
trace,zh,13,235,1020,0.01608,0.00516,3.11514,False
trace,zh,13,264,798,0.01258,0.00137,9.2011,False
trace,zh,13,268,346,0.00545,0.00013,42.34952,False
trace,zh,13,282,435,0.00686,0.00026,26.62145,False
trace,zh,13,298,428,0.00675,0.00207,3.25847,False
trace,zh,13,301,391,0.00616,0.00075,8.18614,False
trace,zh,13,312,182,0.00287,0.00083,3.44753,False
trace,zh,13,314,180,0.00284,0.0002,14.3205,False
trace,zh,13,330,317,0.005,0.00025,20.176,False
trace,zh,13,334,2431,0.03832,0.00073,52.27199,False
trace,zh,13,355,395,0.00623,0.00139,4.48936,False
trace,zh,13,376,2374,0.03742,0.01024,3.65322,False
trace,zh,13,382,321,0.00506,0.00166,3.04027,False
trace,zh,14,10,419,0.0066,0.00206,3.20528,False
trace,zh,14,30,610,0.00961,0.0032,3.00499,False
trace,zh,14,58,281,0.00443,0.00035,12.7748,False
trace,zh,14,59,733,0.01155,0.00354,3.26702,False
trace,zh,14,72,682,0.01075,0.00097,11.07322,False
trace,zh,14,102,175,0.00276,0.00039,7.13985,False
trace,zh,14,119,393,0.00619,0.00033,18.94935,False
trace,zh,14,122,215,0.00339,0.00068,4.95798,False
trace,zh,14,124,186,0.00293,7e-05,42.27958,False
trace,zh,14,146,317,0.005,0.00121,4.13443,False
trace,zh,14,159,447,0.00705,0.00047,15.13301,False
trace,zh,14,185,1813,0.02858,0.00043,67.08804,False
trace,zh,14,206,235,0.0037,0.00123,3.01552,False
trace,zh,14,280,267,0.00421,0.00122,3.454,False
trace,zh,14,284,1158,0.01825,0.00441,4.14061,False
trace,zh,14,299,627,0.00988,0.00322,3.06973,False
trace,zh,14,304,486,0.00766,0.00238,3.22211,False
trace,zh,14,305,508,0.00801,0.00238,3.36797,False
trace,zh,14,307,197,0.00311,0.00019,16.49789,False
trace,zh,14,337,2717,0.04283,0.01021,4.19321,False
trace,zh,14,349,367,0.00578,0.00172,3.35608,False
trace,zh,14,354,754,0.01188,0.00271,4.37861,False
trace,zh,14,357,318,0.00501,0.00118,4.25203,False
trace,zh,14,358,4257,0.0671,0.01102,6.09137,False
trace,zh,14,370,363,0.00572,0.00119,4.81328,False
trace,zh,15,10,191,0.00301,0.00039,7.79264,False
trace,zh,15,30,2643,0.04166,0.00029,145.01567,False
trace,zh,15,63,230,0.00363,0.00068,5.30389,False
trace,zh,15,71,357,0.00563,1e-05,568.04662,False
trace,zh,15,73,1196,0.01885,0.0044,4.28612,False
trace,zh,15,78,868,0.01368,0.00324,4.22365,False
trace,zh,15,131,269,0.00424,0.00067,6.29447,False
trace,zh,15,173,326,0.00514,0.0,518.72045,True
trace,zh,15,183,199,0.00314,5e-05,63.32845,False
trace,zh,15,203,199,0.00314,0.00016,19.79014,False
trace,zh,15,227,238,0.00375,0.00068,5.48837,False
trace,zh,15,253,2163,0.03409,0.00012,286.80785,False
trace,zh,15,256,238,0.00375,5e-05,75.73955,False
trace,zh,15,263,450,0.00709,0.00054,13.01864,False
trace,zh,15,265,280,0.00441,0.00042,10.60778,False
trace,zh,15,278,251,0.00396,3e-05,133.12764,False
trace,zh,15,290,346,0.00545,7e-05,78.64911,False
trace,zh,15,305,1414,0.02229,0.00693,3.21416,False
trace,zh,15,311,182,0.00287,0.0006,4.74742,False
trace,zh,15,312,657,0.01036,0.00247,4.19838,False
trace,zh,15,313,566,0.00892,0.00201,4.43646,False
trace,zh,15,340,221,0.00348,0.00019,18.50778,False
trace,zh,15,351,1285,0.02025,0.0047,4.31361,False
trace,zh,15,365,760,0.01198,0.0023,5.21244,False
trace,zh,15,367,380,0.00599,0.00011,54.96759,False
trace,zh,15,379,257,0.00405,0.00117,3.46551,False
trace,zh,16,20,2262,0.03565,0.01188,3.00185,False
trace,zh,16,48,2572,0.04054,0.00882,4.59829,False
trace,zh,16,97,1892,0.02982,0.00781,3.82042,False
trace,zh,16,109,822,0.01296,0.00322,4.02443,False
trace,zh,16,129,579,0.00913,0.00056,16.16291,False
trace,zh,16,134,423,0.00667,0.00145,4.61002,False
trace,zh,16,173,407,0.00642,0.00186,3.44471,False
trace,zh,16,213,1663,0.02621,0.00021,126.00527,False
trace,zh,16,229,182,0.00287,0.00084,3.40697,False
trace,zh,16,241,221,0.00348,0.00088,3.9511,False
trace,zh,16,267,296,0.00467,0.00139,3.36418,False
trace,zh,16,277,566,0.00892,0.00085,10.4721,False
trace,zh,16,286,280,0.00441,0.00096,4.59306,False
trace,zh,16,297,979,0.01543,0.00317,4.86798,False
trace,zh,16,302,397,0.00626,0.00177,3.52901,False
trace,zh,16,304,759,0.01196,0.0009,13.27138,False
trace,zh,16,309,2305,0.03633,0.00911,3.98657,False
trace,zh,16,339,475,0.00749,0.00226,3.31493,False
trace,zh,16,356,866,0.01365,0.00371,3.67454,False
trace,zh,16,362,374,0.00589,0.00116,5.08629,False
trace,zh,16,364,1189,0.01874,0.00484,3.86891,False
trace,zh,17,48,466,0.00735,0.0021,3.49757,False
trace,zh,17,63,308,0.00485,0.00121,4.01704,False
trace,zh,17,65,430,0.00678,0.00201,3.37045,False
trace,zh,17,72,798,0.01258,0.00275,4.56745,False
trace,zh,17,107,428,0.00675,0.00154,4.39367,False
trace,zh,17,121,171,0.0027,0.00076,3.53363,False
trace,zh,17,145,404,0.00637,0.00132,4.83332,False
trace,zh,17,197,657,0.01036,0.00293,3.53175,False
trace,zh,17,203,402,0.00634,0.00198,3.19825,False
trace,zh,17,209,238,0.00375,0.00056,6.64382,False
trace,zh,17,221,584,0.0092,0.00013,71.48012,False
trace,zh,17,267,1011,0.01594,0.00453,3.52007,False
trace,zh,17,275,823,0.01297,0.00402,3.22544,False
trace,zh,17,283,230,0.00363,0.00086,4.20653,False
trace,zh,17,331,1606,0.02531,0.00798,3.17049,False
trace,zh,17,336,2267,0.03573,0.00723,4.94134,False
trace,zh,17,350,343,0.00541,0.00124,4.36616,False
trace,zh,17,370,611,0.00963,0.00073,13.13788,False
trace,zh,17,372,285,0.00449,0.00047,9.64857,False
trace,zh,17,375,255,0.00402,0.0012,3.35329,False
trace,zh,18,1,227,0.00358,0.00019,19.01026,False
trace,zh,18,33,318,0.00501,0.00024,21.08296,False
trace,zh,18,71,1538,0.02424,0.00431,5.62578,False
trace,zh,18,74,217,0.00342,0.00096,3.55962,False
trace,zh,18,90,2622,0.04133,0.01,4.13483,False
trace,zh,18,122,194,0.00306,0.00012,25.72387,False
trace,zh,18,231,280,0.00441,0.00073,6.02063,False
trace,zh,18,258,330,0.0052,0.00152,3.43193,False
trace,zh,18,266,778,0.01226,0.00322,3.80901,False
trace,zh,18,293,300,0.00473,0.00142,3.33811,False
trace,zh,18,298,196,0.00309,0.00088,3.50414,False
trace,zh,18,338,220,0.00347,0.00098,3.53593,False
trace,zh,18,345,619,0.00976,0.00158,6.15583,False
trace,zh,18,358,216,0.0034,0.00051,6.73906,False
trace,zh,18,370,1426,0.02248,0.00612,3.67153,False
trace,zh,18,371,1839,0.02899,0.00531,5.45925,False
trace,zh,18,379,199,0.00314,0.00095,3.29836,False
trace,zh,19,0,922,0.01453,0.00458,3.17545,False
trace,zh,19,12,215,0.00339,0.00029,11.79658,False
trace,zh,19,26,381,0.00601,7e-05,86.60495,False
trace,zh,19,36,268,0.00422,0.00022,19.38331,False
trace,zh,19,55,254,0.004,5e-05,80.83128,False
trace,zh,19,90,218,0.00344,0.00013,26.68265,False
trace,zh,19,119,227,0.00358,4e-05,90.29873,False
trace,zh,19,132,301,0.00474,1e-05,478.94127,False
trace,zh,19,170,189,0.00298,0.00098,3.03768,False
trace,zh,19,184,304,0.00479,0.00071,6.71826,False
trace,zh,19,192,791,0.01247,0.00413,3.01826,False
trace,zh,19,226,239,0.00377,0.0008,4.69492,False
trace,zh,19,242,281,0.00443,0.00011,40.64708,False
trace,zh,19,247,673,0.01061,0.00346,3.06835,False
trace,zh,19,264,219,0.00345,0.00077,4.46751,False
trace,zh,19,278,241,0.0038,0.00109,3.4861,False
trace,zh,19,317,498,0.00785,0.00025,31.69605,False
trace,zh,19,323,308,0.00485,2e-05,245.03972,False
trace,zh,19,331,1836,0.02894,0.00093,31.07854,False
trace,zh,19,332,316,0.00498,0.0003,16.76029,False
trace,zh,19,347,832,0.01311,0.00042,31.52026,False
trace,zh,19,350,1856,0.02925,0.00862,3.39449,False
trace,zh,19,372,930,0.01466,0.00027,54.80686,False
trace,zh,19,377,237,0.00374,7e-05,53.87237,False
trace,zh,20,0,168,0.00265,0.00013,20.56277,False
trace,zh,20,43,1686,0.02657,0.00063,41.91731,False
trace,zh,20,57,198,0.00312,0.00029,10.86383,False
trace,zh,20,62,238,0.00375,0.00081,4.61827,False
trace,zh,20,70,3147,0.0496,0.01327,3.73687,False
trace,zh,20,81,1568,0.02471,0.00684,3.61064,False
trace,zh,20,92,474,0.00747,0.00014,53.87237,False
trace,zh,20,95,547,0.00862,0.00281,3.06468,False
trace,zh,20,121,1745,0.0275,0.00825,3.33324,False
trace,zh,20,141,247,0.00389,0.00014,28.07273,False
trace,zh,20,151,308,0.00485,0.00109,4.45527,False
trace,zh,20,155,276,0.00435,9e-05,48.79579,False
trace,zh,20,183,755,0.0119,0.00258,4.6205,False
trace,zh,20,188,309,0.00487,4e-05,122.91765,False
trace,zh,20,198,747,0.01177,0.00308,3.82187,False
trace,zh,20,199,226,0.00356,0.00097,3.66943,False
trace,zh,20,227,895,0.01411,0.00314,4.49241,False
trace,zh,20,235,470,0.00741,1e-05,747.8485,False
trace,zh,20,256,333,0.00525,0.00033,16.05632,False
trace,zh,20,300,183,0.00288,0.00065,4.41187,False
trace,zh,20,373,260,0.0041,0.00022,18.8047,False
trace,zh,21,17,224,0.00353,0.00066,5.31972,False
trace,zh,21,18,1126,0.01775,0.00367,4.84231,False
trace,zh,21,25,612,0.00965,0.00051,19.094,False
trace,zh,21,52,410,0.00646,0.00207,3.12143,False
trace,zh,21,84,290,0.00457,0.00124,3.69151,False
trace,zh,21,85,430,0.00678,0.00096,7.05363,False
trace,zh,21,94,398,0.00627,0.0,633.28447,True
trace,zh,21,107,871,0.01373,0.00417,3.29194,False
trace,zh,21,117,225,0.00355,0.00086,4.11509,False
trace,zh,21,120,632,0.00996,0.00272,3.65679,False
trace,zh,21,153,272,0.00429,0.00016,27.04984,False
trace,zh,21,189,1570,0.02475,0.00199,12.42852,False
trace,zh,21,190,563,0.00887,0.00253,3.51305,False
trace,zh,21,215,463,0.0073,0.00161,4.5197,False
trace,zh,21,233,511,0.00805,0.00245,3.29185,False
trace,zh,21,238,331,0.00522,1e-05,526.67628,False
trace,zh,21,266,484,0.00763,0.00025,30.80499,False
trace,zh,21,271,459,0.00723,6e-05,121.72428,False
trace,zh,21,289,1051,0.01657,0.005,3.31152,False
trace,zh,21,303,795,0.01253,1e-05,1264.97778,False
trace,zh,21,325,437,0.00689,0.0008,8.58444,False
trace,zh,21,343,763,0.01203,0.00364,3.30807,False
trace,zh,22,4,448,0.00706,0.0008,8.80053,False
trace,zh,22,10,662,0.01043,0.00245,4.26459,False
trace,zh,22,37,241,0.0038,0.0,383.47125,True
trace,zh,22,61,262,0.00413,0.00107,3.86005,False
trace,zh,22,76,172,0.00271,9e-05,30.40897,False
trace,zh,22,94,506,0.00798,0.00017,47.36062,False
trace,zh,22,112,1963,0.03094,0.00798,3.87526,False
trace,zh,22,113,805,0.01269,0.00409,3.10143,False
trace,zh,22,114,169,0.00266,0.0003,8.96357,False
trace,zh,22,118,1103,0.01739,0.00504,3.44805,False
trace,zh,22,124,278,0.00438,0.00036,12.28735,False
trace,zh,22,176,191,0.00301,0.00094,3.19908,False
trace,zh,22,194,229,0.00361,0.00036,10.12159,False
trace,zh,22,195,504,0.00794,0.00167,4.74526,False
trace,zh,22,196,488,0.00769,0.0001,77.64895,False
trace,zh,22,203,337,0.00531,0.00136,3.91404,False
trace,zh,22,226,189,0.00298,0.00053,5.67416,False
trace,zh,22,229,343,0.00541,0.00028,19.4918,False
trace,zh,22,252,509,0.00802,8e-05,101.238,False
trace,zh,22,275,221,0.00348,0.00018,19.53599,False
trace,zh,22,291,736,0.0116,0.00053,22.09621,False
trace,zh,22,314,3215,0.05067,0.01384,3.66185,False
trace,zh,22,324,212,0.00334,0.00068,4.8888,False
trace,zh,22,332,335,0.00528,6e-05,88.84016,False
trace,zh,22,339,224,0.00353,0.0002,17.82107,False
trace,zh,22,363,884,0.01393,0.00355,3.92903,False
trace,zh,22,376,470,0.00741,0.0017,4.34796,False
trace,zh,23,17,2372,0.03739,0.01003,3.72581,False
trace,zh,23,21,687,0.01083,0.00028,39.04042,False
trace,zh,23,31,373,0.00588,1e-05,593.5053,False
trace,zh,23,65,1153,0.01817,0.00368,4.94506,False
trace,zh,23,71,180,0.00284,0.00069,4.09157,False
trace,zh,23,74,242,0.00381,0.00074,5.13417,False
trace,zh,23,83,353,0.00556,0.0,561.68196,True
trace,zh,23,98,191,0.00301,0.00023,13.2136,False
trace,zh,23,112,403,0.00635,0.00146,4.36218,False
trace,zh,23,129,226,0.00356,0.00107,3.32966,False
trace,zh,23,138,214,0.00337,6e-05,56.75162,False
trace,zh,23,181,287,0.00452,0.00142,3.19346,False
trace,zh,23,200,212,0.00334,0.00031,10.88153,False
trace,zh,23,202,434,0.00684,0.00147,4.66599,False
trace,zh,23,203,346,0.00545,0.0,550.54379,True
trace,zh,23,234,600,0.00946,0.00025,38.18801,False
trace,zh,23,236,616,0.00971,0.00292,3.32257,False
trace,zh,23,241,310,0.00489,1e-05,493.26177,False
trace,zh,23,246,402,0.00634,0.0,639.64914,True
trace,zh,23,252,917,0.01445,2e-05,729.55008,False
trace,zh,23,259,188,0.00296,4e-05,74.78485,False
trace,zh,23,278,1133,0.01786,0.00046,39.19114,False
trace,zh,23,287,797,0.01256,0.00203,6.18615,False
trace,zh,23,289,205,0.00323,0.0,326.18924,True
trace,zh,23,292,1280,0.02018,0.00281,7.17146,False
trace,zh,23,310,1351,0.02129,0.00012,179.13889,False
trace,zh,23,340,413,0.00651,0.00074,8.76203,False
trace,zh,23,353,242,0.00381,0.00058,6.52648,False
trace,zh,23,359,663,0.01045,0.0,1054.94373,True
trace,zh,23,369,372,0.00586,0.0002,29.59571,False
trace,zh,24,34,604,0.00952,0.00088,10.79848,False
trace,zh,24,81,712,0.01122,0.00055,20.23055,False
trace,zh,24,82,345,0.00544,0.00119,4.57461,False
trace,zh,24,103,1747,0.02754,0.00859,3.20619,False
trace,zh,24,139,204,0.00322,0.0006,5.32128,False
trace,zh,24,166,394,0.00621,0.00183,3.38876,False
trace,zh,24,187,1731,0.02728,0.00684,3.99175,False
trace,zh,24,190,1224,0.01929,0.00514,3.75258,False
trace,zh,24,207,455,0.00717,0.00026,27.84542,False
trace,zh,24,242,182,0.00287,0.00043,6.73471,False
trace,zh,24,243,1006,0.01586,0.00098,16.16883,False
trace,zh,24,297,213,0.00336,0.00105,3.19735,False
trace,zh,24,308,2905,0.04579,0.01259,3.63677,False
trace,zh,24,320,523,0.00824,0.00256,3.22551,False
trace,zh,24,357,695,0.01095,0.00014,78.99008,False
trace,zh,24,372,2436,0.0384,0.00768,5.0014,False
trace,zh,24,383,511,0.00805,0.0026,3.10338,False
trace,zh,25,75,3113,0.04907,0.00489,10.02693,False
trace,zh,25,93,610,0.00961,0.0026,3.70463,False
trace,zh,25,132,789,0.01244,0.00078,15.89153,False
trace,zh,25,227,2533,0.03992,0.00185,21.55308,False
trace,zh,25,236,206,0.00325,9e-05,36.42004,False
trace,zh,25,238,2191,0.03453,0.00647,5.33882,False
trace,zh,25,272,941,0.01483,0.00312,4.7533,False
trace,zh,25,293,588,0.00927,0.00281,3.29439,False
trace,zh,25,355,432,0.00681,0.00063,10.74038,False
trace,zh,26,45,348,0.00549,0.00169,3.23816,False
trace,zh,26,78,662,0.01043,0.00344,3.0356,False
trace,zh,26,127,3431,0.05408,0.00942,5.74058,False
trace,zh,26,196,205,0.00323,0.00048,6.79561,False
trace,zh,26,197,172,0.00271,0.0002,13.68404,False
trace,zh,26,231,1109,0.01748,0.00491,3.55767,False
trace,zh,26,245,880,0.01387,0.0009,15.38711,False
trace,zh,26,338,1871,0.02949,0.00936,3.15034,False
trace,zh,26,341,2235,0.03523,0.01,3.52105,False
trace,zh,26,352,171,0.0027,0.00061,4.38854,False
trace,zh,27,21,204,0.00322,0.00014,23.18558,False
trace,zh,27,39,1927,0.03037,0.00774,3.92597,False
trace,zh,27,44,243,0.00383,0.00017,22.74433,False
trace,zh,27,56,425,0.0067,0.0006,11.086,False
trace,zh,27,60,236,0.00372,3e-05,125.17181,False
trace,zh,27,85,483,0.00761,0.0021,3.62516,False
trace,zh,27,132,200,0.00315,0.00105,3.0022,False
trace,zh,27,150,246,0.00388,0.00113,3.43357,False
trace,zh,27,195,248,0.00391,0.00043,9.17696,False
trace,zh,27,204,324,0.00511,0.0006,8.45144,False
trace,zh,27,225,2330,0.03673,0.01044,3.51748,False
trace,zh,27,228,1073,0.01691,0.00139,12.19516,False
trace,zh,27,239,169,0.00266,0.00058,4.55775,False
trace,zh,27,250,1269,0.02,0.00562,3.56118,False
trace,zh,27,328,270,0.00426,0.00116,3.67192,False
trace,zh,27,331,887,0.01398,0.00243,5.76067,False
trace,zh,27,360,182,0.00287,0.00091,3.14774,False
trace,zh,27,366,593,0.00935,0.00238,3.93151,False
trace,zh,28,4,435,0.00686,0.00097,7.06283,False
trace,zh,28,5,291,0.00459,0.00109,4.20936,False
trace,zh,28,11,1504,0.02371,0.00495,4.78623,False
trace,zh,28,14,246,0.00388,0.0,391.42709,True
trace,zh,28,23,282,0.00444,0.00038,11.80813,False
trace,zh,28,58,1096,0.01728,0.00312,5.53625,False
trace,zh,28,65,372,0.00586,0.00113,5.19223,False
trace,zh,28,73,530,0.00835,0.00031,27.20382,False
trace,zh,28,107,490,0.00772,0.0006,12.78151,False
trace,zh,28,124,844,0.0133,0.00123,10.8302,False
trace,zh,28,162,976,0.01538,0.0039,3.94157,False
trace,zh,28,216,1048,0.01652,0.00193,8.5515,False
trace,zh,28,228,244,0.00385,0.00109,3.5295,False
trace,zh,28,230,261,0.00411,0.00135,3.05364,False
trace,zh,28,241,982,0.01548,0.00402,3.84859,False
trace,zh,28,258,445,0.00701,0.00048,14.75144,False
trace,zh,28,312,408,0.00643,0.00101,6.36467,False
trace,zh,28,362,433,0.00682,0.00109,6.26341,False
trace,zh,29,2,194,0.00306,0.00092,3.31921,False
trace,zh,29,5,602,0.00949,0.00013,73.68327,False
trace,zh,29,24,2175,0.03428,0.00748,4.58383,False
trace,zh,29,51,600,0.00946,0.00015,63.64668,False
trace,zh,29,55,2223,0.03504,0.0023,15.2464,False
trace,zh,29,92,829,0.01307,0.0041,3.18618,False
trace,zh,29,97,435,0.00686,0.00195,3.51349,False
trace,zh,29,156,776,0.01223,0.00016,77.1716,False
trace,zh,29,164,661,0.01042,0.0032,3.25623,False
trace,zh,29,178,544,0.00857,0.00188,4.55576,False
trace,zh,29,216,214,0.00337,0.00044,7.73886,False
trace,zh,29,225,208,0.00328,0.00066,4.93974,False
trace,zh,29,281,464,0.00731,0.0004,18.45754,False
trace,zh,29,292,548,0.00864,0.00187,4.61354,False
trace,zh,29,303,348,0.00549,9e-05,61.52512,False
trace,zh,29,307,1602,0.02525,0.00793,3.18233,False
trace,zh,29,349,431,0.00679,0.00078,8.68092,False
trace,zh,29,361,228,0.00359,0.00089,4.03096,False
trace,zh,29,371,385,0.00607,9e-05,68.06659,False
trace,zh,30,32,281,0.00443,0.00067,6.57526,False
trace,zh,30,51,1761,0.02776,0.00566,4.90726,False
trace,zh,30,93,348,0.00549,0.00154,3.57243,False
trace,zh,30,99,1594,0.02512,0.00558,4.50501,False
trace,zh,30,102,1227,0.01934,0.00035,55.78177,False
trace,zh,30,139,1122,0.01768,0.0045,3.93236,False
trace,zh,30,152,194,0.00306,0.0,308.6864,True
trace,zh,30,164,437,0.00689,0.00202,3.40853,False
trace,zh,30,167,381,0.00601,0.00197,3.04641,False
trace,zh,30,178,410,0.00646,0.00082,7.85998,False
trace,zh,30,182,337,0.00531,0.00158,3.3514,False
trace,zh,30,187,221,0.00348,0.0,351.64791,True
trace,zh,30,196,505,0.00796,0.00014,57.39567,False
trace,zh,30,206,1204,0.01898,0.00448,4.23842,False
trace,zh,30,213,818,0.01289,0.00419,3.07701,False
trace,zh,30,216,1685,0.02656,0.00853,3.11396,False
trace,zh,30,251,718,0.01132,0.00141,8.04548,False
trace,zh,30,270,550,0.00867,0.00096,9.02208,False
trace,zh,30,275,217,0.00342,0.00053,6.39413,False
trace,zh,30,283,351,0.00553,0.00158,3.51258,False
trace,zh,30,292,184,0.0029,0.00074,3.90366,False
trace,zh,30,305,595,0.00938,0.00186,5.03587,False
trace,zh,30,350,1097,0.01729,0.0002,87.27551,False
trace,zh,30,353,368,0.0058,0.00023,25.45867,False
trace,zh,30,369,229,0.00361,8e-05,45.54716,False
trace,zh,31,8,370,0.00583,0.00048,12.26525,False
trace,zh,31,21,461,0.00727,4e-05,183.382,False
trace,zh,31,28,1664,0.02623,0.00837,3.13338,False
trace,zh,31,51,201,0.00317,0.00053,6.03443,False
trace,zh,31,84,616,0.00971,0.00222,4.37571,False
trace,zh,31,102,220,0.00347,0.00093,3.72401,False
trace,zh,31,106,331,0.00522,9e-05,58.51959,False
trace,zh,31,120,928,0.01463,0.00386,3.78616,False
trace,zh,31,128,335,0.00528,0.00077,6.83386,False
trace,zh,31,179,396,0.00624,1e-05,630.10214,False
trace,zh,31,200,385,0.00607,2e-05,306.29965,False
trace,zh,31,214,390,0.00615,0.00021,29.55024,False
trace,zh,31,227,2426,0.03824,0.00058,65.42663,False
trace,zh,31,297,5802,0.09145,0.02603,3.51292,False
trace,zh,31,313,433,0.00682,0.00221,3.08958,False
trace,zh,31,376,241,0.0038,0.00059,6.39119,False
trace,zh,31,377,257,0.00405,0.00111,3.65116,False
trace,zh,32,11,345,0.00544,0.00057,9.4647,False
trace,zh,32,17,510,0.00804,0.0,811.49518,True
trace,zh,32,27,183,0.00288,0.00031,9.39302,False
trace,zh,32,60,1092,0.01721,0.00145,11.90106,False
trace,zh,32,77,570,0.00898,0.00083,10.7972,False
trace,zh,32,84,297,0.00468,0.0,472.5766,True
trace,zh,32,116,282,0.00444,0.00017,26.39465,False
trace,zh,32,131,354,0.00558,2e-05,281.63656,False
trace,zh,32,215,1625,0.02561,0.0062,4.13043,False
trace,zh,32,216,226,0.00356,0.00025,14.38415,False
trace,zh,32,244,234,0.00369,0.00102,3.61488,False
trace,zh,32,272,478,0.00753,0.00078,9.62757,False
trace,zh,32,303,3584,0.05649,0.01851,3.05123,False
trace,zh,32,319,187,0.00295,0.00044,6.76246,False
trace,zh,32,328,1524,0.02402,0.00311,7.72273,False
trace,zh,32,345,174,0.00274,0.00062,4.39465,False
trace,zh,32,360,255,0.00402,0.00082,4.88853,False
trace,zh,32,362,171,0.0027,0.0007,3.83225,False
trace,zh,32,372,1827,0.0288,0.00126,22.89025,False
trace,zh,33,32,2418,0.03811,0.00841,4.53173,False
trace,zh,33,66,966,0.01523,0.00376,4.04491,False
trace,zh,33,73,293,0.00462,0.00026,17.93123,False
trace,zh,33,85,3569,0.05625,0.0024,23.46643,False
trace,zh,33,110,294,0.00463,0.0014,3.31775,False
trace,zh,33,132,235,0.0037,3e-05,124.64142,False
trace,zh,33,136,2917,0.04598,0.00273,16.81679,False
trace,zh,33,156,428,0.00675,1e-05,681.01948,False
trace,zh,33,160,1540,0.02427,0.00057,42.24823,False
trace,zh,33,161,887,0.01398,0.0026,5.38689,False
trace,zh,33,172,1998,0.03149,0.00179,17.56437,False
trace,zh,33,195,750,0.01182,0.0,1193.37526,True
trace,zh,33,197,605,0.00954,2e-05,481.32802,False
trace,zh,33,199,241,0.0038,0.00109,3.4861,False
trace,zh,33,214,435,0.00686,0.00122,5.6273,False
trace,zh,33,274,592,0.00933,0.00282,3.30516,False
trace,zh,33,319,455,0.00717,0.00189,3.79048,False
trace,zh,33,332,566,0.00892,0.00132,6.77143,False
trace,zh,33,336,1193,0.0188,0.0,1898.26225,True
trace,zh,33,369,2403,0.03788,0.01128,3.35696,False
trace,zh,34,2,397,0.00626,6e-05,105.28222,False
trace,zh,34,6,1833,0.02889,0.00168,17.15652,False
trace,zh,34,23,834,0.01315,0.0,1327.03329,True
trace,zh,34,35,462,0.00728,0.00023,31.9617,False
trace,zh,34,49,1030,0.01623,0.00403,4.02679,False
trace,zh,34,63,461,0.00727,0.00116,6.26947,False
trace,zh,34,77,335,0.00528,7e-05,76.14871,False
trace,zh,34,87,249,0.00392,9e-05,44.02229,False
trace,zh,34,125,346,0.00545,0.0012,4.54995,False
trace,zh,34,128,2229,0.03513,0.00347,10.13346,False
trace,zh,34,145,229,0.00361,0.0,364.37725,True
trace,zh,34,151,212,0.00334,0.00034,9.92139,False
trace,zh,34,161,240,0.00378,0.00121,3.13016,False
trace,zh,34,175,209,0.00329,0.00013,25.58107,False
trace,zh,34,182,338,0.00533,0.00031,17.34885,False
trace,zh,34,189,2119,0.0334,0.00032,105.36509,False
trace,zh,34,194,4649,0.07328,0.00038,194.66672,False
trace,zh,34,202,404,0.00637,4e-05,160.70787,False
trace,zh,34,279,671,0.01058,0.00038,28.09666,False
trace,zh,34,300,215,0.00339,0.00066,5.10598,False
trace,zh,34,315,429,0.00676,0.00139,4.87579,False
trace,zh,34,320,289,0.00456,0.0,459.84727,True
trace,zh,34,351,1675,0.0264,0.00463,5.70708,False
trace,zh,34,357,487,0.00768,0.00232,3.31153,False
trace,zh,34,375,276,0.00435,0.00078,5.55901,False
trace,zh,35,26,291,0.00459,0.00129,3.56177,False
trace,zh,35,27,214,0.00337,0.00032,10.64093,False
trace,zh,35,35,2770,0.04366,0.00062,69.96084,False
trace,zh,35,45,562,0.00886,1e-05,894.23586,False
trace,zh,35,99,476,0.0075,0.00113,6.64382,False
trace,zh,35,100,660,0.0104,0.00336,3.09785,False
trace,zh,35,101,2557,0.0403,0.00011,369.874,False
trace,zh,35,113,831,0.0131,0.00159,8.21279,False
trace,zh,35,135,332,0.00523,0.00097,5.39048,False
trace,zh,35,142,570,0.00898,0.00011,82.45138,False
trace,zh,35,148,440,0.00694,1e-05,700.11349,False
trace,zh,35,150,2117,0.03337,0.0007,47.44367,False
trace,zh,35,175,364,0.00574,0.00012,48.2654,False
trace,zh,35,208,5680,0.08953,0.00146,61.48183,False
trace,zh,35,209,909,0.01433,0.00468,3.06434,False
trace,zh,35,220,203,0.0032,0.00018,17.94483,False
trace,zh,35,222,678,0.01069,0.00028,38.52897,False
trace,zh,35,255,643,0.01013,0.0032,3.16756,False
trace,zh,35,257,631,0.00995,1e-05,1004.02639,False
trace,zh,35,259,950,0.01497,0.00464,3.22993,False
trace,zh,35,280,272,0.00429,0.00099,4.32797,False
trace,zh,35,291,498,0.00785,0.0,792.40117,True
trace,zh,35,345,184,0.0029,0.0004,7.31937,False
trace,zh,35,375,176,0.00277,0.0,280.04539,True
trace,zh,36,20,572,0.00902,2e-05,455.07377,False
trace,zh,36,48,246,0.00388,0.0002,19.57135,False
trace,zh,36,65,852,0.01343,0.00314,4.27658,False
trace,zh,36,68,317,0.005,1e-05,504.39994,False
trace,zh,36,69,258,0.00407,0.00124,3.28417,False
trace,zh,36,75,241,0.0038,0.0,383.47125,True
trace,zh,36,81,507,0.00799,0.00016,50.4201,False
trace,zh,36,86,217,0.00342,0.0001,34.52832,False
trace,zh,36,88,191,0.00301,0.0001,30.39129,False
trace,zh,36,90,3619,0.05704,9e-05,639.82594,False
trace,zh,36,110,184,0.0029,0.00066,4.36977,False
trace,zh,36,120,2460,0.03877,0.00025,156.57083,False
trace,zh,36,126,1609,0.02536,0.00549,4.62128,False
trace,zh,36,130,869,0.0137,0.00353,3.88406,False
trace,zh,36,131,397,0.00626,1e-05,631.6933,False
trace,zh,36,132,387,0.0061,0.00185,3.29295,False
trace,zh,36,133,2425,0.03822,0.01007,3.79408,False
trace,zh,36,139,612,0.00965,0.00115,8.39478,False
trace,zh,36,147,199,0.00314,0.0004,7.91606,False
trace,zh,36,185,287,0.00452,0.00051,8.95421,False
trace,zh,36,188,316,0.00498,0.00063,7.85639,False
trace,zh,36,205,412,0.00649,0.00092,7.04904,False
trace,zh,36,206,1962,0.03092,4e-05,780.46742,False
trace,zh,36,209,189,0.00298,0.00091,3.26881,False
trace,zh,36,237,403,0.00635,0.0,641.24031,True
trace,zh,36,256,312,0.00492,0.00019,26.12864,False
trace,zh,36,259,433,0.00682,0.00046,14.97772,False
trace,zh,36,279,1064,0.01677,0.00469,3.57928,False
trace,zh,36,294,253,0.00399,0.00092,4.32866,False
trace,zh,36,297,543,0.00856,2e-05,432.00184,False
trace,zh,36,303,443,0.00698,0.00205,3.40525,False
trace,zh,36,315,885,0.01395,0.00374,3.72535,False
trace,zh,36,334,331,0.00522,0.00164,3.17275,False
trace,zh,36,378,710,0.01119,0.00128,8.75759,False
trace,zh,37,25,375,0.00591,1e-05,596.68763,False
trace,zh,37,49,847,0.01335,0.00248,5.39087,False
trace,zh,37,88,909,0.01433,1e-05,1446.37082,False
trace,zh,37,108,332,0.00523,5e-05,105.65349,False
trace,zh,37,133,1666,0.02626,0.00024,110.45351,False
trace,zh,37,146,847,0.01335,0.0,1347.71846,True
trace,zh,37,152,354,0.00558,1e-05,563.27312,False
trace,zh,37,154,170,0.00268,0.00045,6.01108,False
trace,zh,37,184,294,0.00463,4e-05,116.95078,False
trace,zh,37,185,1383,0.0218,0.00017,129.44612,False
trace,zh,37,193,394,0.00621,0.0,626.9198,True
trace,zh,37,211,1316,0.02074,3e-05,697.99193,False
trace,zh,37,235,2374,0.03742,0.00035,107.92659,False
trace,zh,37,261,297,0.00468,0.00024,19.69069,False
trace,zh,37,270,222,0.0035,0.00082,4.25589,False
trace,zh,37,301,334,0.00526,0.00145,3.64007,False
trace,zh,37,323,682,0.01075,0.00106,10.14183,False
trace,zh,37,335,241,0.0038,0.00027,14.20264,False
trace,zh,37,342,2034,0.03206,0.0,3236.43371,True
trace,zh,37,352,254,0.004,0.00101,3.96232,False
trace,zh,37,353,350,0.00552,0.00039,14.2797,False
trace,zh,37,354,1687,0.02659,0.00851,3.12491,False
trace,zh,37,356,175,0.00276,1e-05,278.45423,False
trace,zh,37,358,917,0.01445,0.00241,6.00453,False
trace,zh,37,365,884,0.01393,0.00276,5.04155,False
trace,zh,37,376,1291,0.02035,0.0,2054.19661,True
trace,zh,38,5,424,0.00668,0.0,674.65481,True
trace,zh,38,88,3175,0.05004,0.01246,4.01586,False
trace,zh,38,118,946,0.01491,0.00368,4.05726,False
trace,zh,38,128,188,0.00296,3e-05,99.71313,False
trace,zh,38,129,3851,0.0607,8e-05,765.94802,False
trace,zh,38,135,915,0.01442,0.00014,103.99413,False
trace,zh,38,140,842,0.01327,0.004,3.31624,False
trace,zh,38,146,566,0.00892,0.00049,18.3796,False
trace,zh,38,154,5567,0.08775,0.00046,192.5658,False
trace,zh,38,161,833,0.01313,2e-05,662.72106,False
trace,zh,38,164,242,0.00381,0.00017,22.65073,False
trace,zh,38,184,936,0.01475,0.0,1489.33232,True
trace,zh,38,195,1173,0.01849,0.00567,3.26301,False
trace,zh,38,238,540,0.00851,9e-05,95.47002,False
trace,zh,38,248,330,0.0052,9e-05,58.34279,False
trace,zh,38,267,185,0.00292,0.00023,12.79852,False
trace,zh,38,279,650,0.01025,5e-05,206.85171,False
trace,zh,38,304,855,0.01348,2e-05,680.2239,False
trace,zh,38,314,188,0.00296,0.00095,3.11604,False
trace,zh,38,327,227,0.00358,0.00082,4.35175,False
trace,zh,38,331,173,0.00273,0.00044,6.25618,False
trace,zh,38,341,460,0.00725,4e-05,182.98421,False
trace,zh,38,359,228,0.00359,0.0002,18.1393,False
trace,zh,38,362,311,0.0049,0.00063,7.73208,False
trace,zh,38,367,195,0.00307,0.00063,4.84809,False
trace,zh,39,0,1852,0.02919,0.00623,4.68496,False
trace,zh,39,11,432,0.00681,0.00021,32.73258,False
trace,zh,39,16,1258,0.01983,2e-05,1000.84405,False
trace,zh,39,17,263,0.00415,0.00011,38.04336,False
trace,zh,39,31,234,0.00369,0.00065,5.64141,False
trace,zh,39,43,619,0.00976,7e-05,140.70463,False
trace,zh,39,57,1480,0.02333,4e-05,588.73179,False
trace,zh,39,77,2179,0.03435,1e-05,3467.15292,False
trace,zh,39,98,253,0.00399,0.00131,3.04974,False
trace,zh,39,111,1232,0.01942,0.00114,17.04624,False
trace,zh,39,114,728,0.01147,0.0,1158.36959,True
trace,zh,39,120,565,0.00891,0.0018,4.93961,False
trace,zh,39,137,594,0.00936,3e-05,315.05107,False
trace,zh,39,143,735,0.01159,1e-05,1169.50775,False
trace,zh,39,154,220,0.00347,0.0001,35.00567,False
trace,zh,39,192,195,0.00307,0.00085,3.60788,False
trace,zh,39,207,778,0.01226,0.00359,3.41969,False
trace,zh,39,209,5091,0.08024,0.001,80.20427,False
trace,zh,39,225,704,0.0111,0.0001,112.01816,False
trace,zh,39,233,637,0.01004,4e-05,253.39335,False
trace,zh,39,239,749,0.01181,0.0,1191.78409,True
trace,zh,39,245,221,0.00348,0.0,351.64791,True
trace,zh,39,270,391,0.00616,0.0,622.1463,True
trace,zh,39,300,277,0.00437,0.00021,20.98825,False
trace,zh,39,324,181,0.00285,0.00092,3.09679,False
trace,zh,39,340,488,0.00769,0.0,776.4895,True
trace,zh,39,345,784,0.01236,2e-05,623.73747,False
trace,zh,39,364,358,0.00564,0.00078,7.2106,False
trace,zh,39,366,1892,0.02982,0.00056,52.81558,False
chat,1:zh essay,0,7,32,0.01998,0.00121,16.51818,False
chat,1:zh essay,0,52,40,0.02497,0.00548,4.55859,False
chat,1:zh essay,0,54,70,0.0437,0.01095,3.98876,False
chat,1:zh essay,0,92,47,0.02934,0.00576,5.09183,False
chat,1:zh essay,0,103,27,0.01685,0.00299,5.64125,False
chat,1:zh essay,0,146,61,0.03808,0.01174,3.24419,False
chat,1:zh essay,0,177,41,0.02559,0.00583,4.38764,False
chat,1:zh essay,0,199,38,0.02372,0.00455,5.21032,False
chat,1:zh essay,0,200,35,0.02185,0.00413,5.29543,False
chat,1:zh essay,0,217,30,0.01873,0.00356,5.26517,False
chat,1:zh essay,0,227,20,0.01248,0.00078,15.95506,False
chat,1:zh essay,0,230,41,0.02559,0.00484,5.29098,False
chat,1:zh essay,0,233,21,0.01311,0.00228,5.75878,False
chat,1:zh essay,0,249,36,0.02247,0.00711,3.1591,False
chat,1:zh essay,0,264,23,0.01436,0.00469,3.05805,False
chat,1:zh essay,0,272,26,0.01623,0.00477,3.40533,False
chat,1:zh essay,0,287,86,0.05368,0.00903,5.94232,False
chat,1:zh essay,0,309,62,0.0387,0.00349,11.10342,False
chat,1:zh essay,0,332,26,0.01623,0.00455,3.56496,False
chat,1:zh essay,0,354,27,0.01685,0.00484,3.4843,False
chat,1:zh essay,1,9,35,0.02185,0.00477,4.5841,False
chat,1:zh essay,1,58,36,0.02247,0.00391,5.74382,False
chat,1:zh essay,1,73,22,0.01373,0.00292,4.70869,False
chat,1:zh essay,1,94,244,0.15231,0.04922,3.09417,False
chat,1:zh essay,1,123,44,0.02747,0.00405,6.7739,False
chat,1:zh essay,1,140,49,0.03059,0.00292,10.48753,False
chat,1:zh essay,1,145,38,0.02372,0.00512,4.6314,False
chat,1:zh essay,1,153,27,0.01685,0.00228,7.40414,False
chat,1:zh essay,1,168,26,0.01623,0.00484,3.35525,False
chat,1:zh essay,1,204,21,0.01311,0.00349,3.76083,False
chat,1:zh essay,1,205,26,0.01623,0.00455,3.56496,False
chat,1:zh essay,1,237,37,0.0231,0.00405,5.69623,False
chat,1:zh essay,1,261,60,0.03745,0.00469,7.97753,False
chat,1:zh essay,1,278,25,0.01561,0.00356,4.38764,False
chat,1:zh essay,1,331,40,0.02497,0.00164,15.26136,False
chat,1:zh essay,1,335,102,0.06367,0.00704,9.0412,False
chat,1:zh essay,1,367,55,0.03433,0.00718,4.77862,False
chat,1:zh essay,1,383,23,0.01436,0.00477,3.01241,False
chat,1:zh essay,2,70,31,0.01935,0.00242,8.00099,False
chat,1:zh essay,2,97,31,0.01935,0.00356,5.44067,False
chat,1:zh essay,2,148,40,0.02497,0.00455,5.48455,False
chat,1:zh essay,2,210,31,0.01935,0.00583,3.31748,False
chat,1:zh essay,2,255,50,0.03121,0.00569,5.48455,False
chat,1:zh essay,2,275,52,0.03246,0.00341,9.50655,False
chat,1:zh essay,2,330,51,0.03184,0.00107,29.83596,False
chat,1:zh essay,2,348,146,0.09114,0.01309,6.96299,False
chat,1:zh essay,2,355,37,0.0231,0.00562,4.10994,False
chat,1:zh essay,2,371,36,0.02247,0.00619,3.63115,False
chat,1:zh essay,3,1,35,0.02185,0.00213,10.23783,False
chat,1:zh essay,3,41,34,0.02122,0.00519,4.08712,False
chat,1:zh essay,3,85,48,0.02996,0.00434,6.90514,False
chat,1:zh essay,3,165,88,0.05493,0.01238,4.43807,False
chat,1:zh essay,3,170,25,0.01561,0.00441,3.53842,False
chat,1:zh essay,3,227,70,0.0437,0.001,43.8764,False
chat,1:zh essay,3,247,25,0.01561,0.00277,5.62518,False
chat,1:zh essay,3,256,42,0.02622,0.00612,4.2856,False
chat,1:zh essay,3,267,22,0.01373,0.00185,7.42524,False
chat,1:zh essay,3,362,98,0.06117,0.01665,3.67512,False
chat,1:zh essay,3,375,28,0.01748,0.00484,3.61335,False
chat,1:zh essay,4,30,30,0.01873,0.00441,4.2461,False
chat,1:zh essay,4,56,21,0.01311,0.00384,3.41261,False
chat,1:zh essay,4,75,27,0.01685,0.0027,6.23507,False
chat,1:zh essay,4,120,20,0.01248,0.001,12.53612,False
chat,1:zh essay,4,184,25,0.01561,0.00156,9.97191,False
chat,1:zh essay,4,211,71,0.04432,0.01323,3.3497,False
chat,1:zh essay,4,251,90,0.05618,0.00242,23.22868,False
chat,1:zh essay,4,256,56,0.03496,0.00477,7.33456,False
chat,1:zh essay,4,283,74,0.04619,0.01088,4.24425,False
chat,1:zh essay,4,330,36,0.02247,0.00619,3.63115,False
chat,1:zh essay,4,369,62,0.0387,0.00142,27.20337,False
chat,1:zh essay,5,14,23,0.01436,0.00477,3.01241,False
chat,1:zh essay,5,66,59,0.03683,0.00441,8.35067,False
chat,1:zh essay,5,126,40,0.02497,0.00469,5.31835,False
chat,1:zh essay,5,129,32,0.01998,0.00299,6.68593,False
chat,1:zh essay,5,159,39,0.02434,0.00341,7.12992,False
chat,1:zh essay,5,178,21,0.01311,0.00071,18.42809,False
chat,1:zh essay,5,189,80,0.04994,0.00171,29.25094,False
chat,1:zh essay,5,209,21,0.01311,0.00156,8.3764,False
chat,1:zh essay,5,231,52,0.03246,0.00327,9.91988,False
chat,1:zh essay,5,323,106,0.06617,0.00697,9.49163,False
chat,1:zh essay,5,367,24,0.01498,0.00135,11.08457,False
chat,1:zh essay,5,370,80,0.04994,0.00121,41.29544,False
chat,1:zh essay,6,9,25,0.01561,0.00277,5.62518,False
chat,1:zh essay,6,30,34,0.02122,0.00192,11.05035,False
chat,1:zh essay,6,68,40,0.02497,0.0027,9.23714,False
chat,1:zh essay,6,84,33,0.0206,0.00391,5.26517,False
chat,1:zh essay,6,88,32,0.01998,0.00036,56.1618,False
chat,1:zh essay,6,118,95,0.0593,0.01373,4.31944,False
chat,1:zh essay,6,150,30,0.01873,0.00341,5.48455,False
chat,1:zh essay,6,169,39,0.02434,0.00057,42.77949,False
chat,1:zh essay,6,172,22,0.01373,0.00071,19.30562,False
chat,1:zh essay,6,175,45,0.02809,0.00797,3.52578,False
chat,1:zh essay,6,191,39,0.02434,0.00455,5.34744,False
chat,1:zh essay,6,199,26,0.01623,0.00114,14.25983,False
chat,1:zh essay,6,249,86,0.05368,0.01558,3.446,False
chat,1:zh essay,6,252,71,0.04432,0.00221,20.09822,False
chat,1:zh essay,6,329,67,0.04182,0.00676,6.18888,False
chat,1:zh essay,6,336,35,0.02185,0.00028,76.78371,False
chat,1:zh essay,6,341,23,0.01436,0.00377,3.80814,False
chat,1:zh essay,7,70,113,0.07054,0.00156,45.07303,False
chat,1:zh essay,7,146,93,0.05805,0.00135,42.95269,False
chat,1:zh essay,7,161,29,0.0181,0.00277,6.52521,False
chat,1:zh essay,7,172,45,0.02809,0.0027,10.39178,False
chat,1:zh essay,7,227,155,0.09675,0.017,5.69108,False
chat,1:zh essay,7,277,36,0.02247,0.00235,9.57303,False
chat,1:zh essay,7,301,24,0.01498,0.0005,30.08668,False
chat,1:zh essay,7,307,28,0.01748,0.00562,3.11023,False
chat,1:zh essay,7,321,51,0.03184,0.00171,18.64747,False
chat,1:zh essay,7,374,43,0.02684,0.00277,9.67531,False
chat,1:zh essay,7,376,165,0.103,0.00256,40.22004,False
chat,1:zh essay,8,8,20,0.01248,0.00363,3.44129,False
chat,1:zh essay,8,17,21,0.01311,0.00213,6.1427,False
chat,1:zh essay,8,49,32,0.01998,0.00185,10.80035,False
chat,1:zh essay,8,98,53,0.03308,0.0106,3.12141,False
chat,1:zh essay,8,105,77,0.04806,0.01408,3.41261,False
chat,1:zh essay,8,107,43,0.02684,0.00598,4.49211,False
chat,1:zh essay,8,180,73,0.04557,0.00156,29.11798,False
chat,1:zh essay,8,198,27,0.01685,7e-05,236.93258,False
chat,1:zh essay,8,244,28,0.01748,0.00057,30.71348,False
chat,1:zh essay,8,315,65,0.04057,0.00242,16.77627,False
chat,1:zh essay,8,325,49,0.03059,0.00896,3.41261,False
chat,1:zh essay,8,340,71,0.04432,0.00797,5.5629,False
chat,1:zh essay,8,344,106,0.06617,0.0037,17.88807,False
chat,1:zh essay,8,347,26,0.01623,0.0027,6.00414,False
chat,1:zh essay,8,366,137,0.08552,0.02781,3.07471,False
chat,1:zh essay,9,8,56,0.03496,0.00889,3.93133,False
chat,1:zh essay,9,19,95,0.0593,0.00462,12.82541,False
chat,1:zh essay,9,45,172,0.10737,0.01387,7.74025,False
chat,1:zh essay,9,47,95,0.0593,0.0133,4.45803,False
chat,1:zh essay,9,74,20,0.01248,0.00036,35.10112,False
chat,1:zh essay,9,87,25,0.01561,0.00043,36.56367,False
chat,1:zh essay,9,111,31,0.01935,0.00384,5.03766,False
chat,1:zh essay,9,157,54,0.03371,0.00036,94.77303,False
chat,1:zh essay,9,176,27,0.01685,0.00121,13.93721,False
chat,1:zh essay,9,181,29,0.0181,0.00178,10.17933,False
chat,1:zh essay,9,196,47,0.02934,0.00206,14.22201,False
chat,1:zh essay,9,241,22,0.01373,0.00363,3.78542,False
chat,1:zh essay,9,276,46,0.02871,0.00156,18.34831,False
chat,1:zh essay,9,300,65,0.04057,0.00868,4.67535,False
chat,1:zh essay,9,323,140,0.08739,0.00633,13.80381,False
chat,1:zh essay,9,365,20,0.01248,0.00156,7.97753,False
chat,1:zh essay,10,24,64,0.03995,0.00505,7.91011,False
chat,1:zh essay,10,91,36,0.02247,0.00391,5.74382,False
chat,1:zh essay,10,139,39,0.02434,0.00043,57.03933,False
chat,1:zh essay,10,158,41,0.02559,0.00413,6.20322,False
chat,1:zh essay,10,186,22,0.01373,0.00441,3.11381,False
chat,1:zh essay,10,195,34,0.02122,0.00299,7.1038,False
chat,1:zh essay,10,197,59,0.03683,0.00427,8.62903,False
chat,1:zh essay,10,262,36,0.02247,0.00306,7.34675,False
chat,1:zh essay,10,313,33,0.0206,0.00128,16.08801,False
chat,1:zh essay,10,318,71,0.04432,0.00178,24.9218,False
chat,1:zh essay,10,322,38,0.02372,0.00448,5.29303,False
chat,1:zh essay,10,327,26,0.01623,0.00455,3.56496,False
chat,1:zh essay,10,328,163,0.10175,0.00285,35.75927,False
chat,1:zh essay,10,380,106,0.06617,0.00285,23.25449,False
chat,1:zh essay,11,38,48,0.02996,0.00071,42.12135,False
chat,1:zh essay,11,111,40,0.02497,0.00569,4.38764,False
chat,1:zh essay,11,157,53,0.03308,0.00519,6.37109,False
chat,1:zh essay,11,188,120,0.07491,0.00583,12.84187,False
chat,1:zh essay,11,201,29,0.0181,0.00434,4.17185,False
chat,1:zh essay,11,246,22,0.01373,0.00448,3.06438,False
chat,1:zh essay,11,251,29,0.0181,0.00149,12.11825,False
chat,1:zh essay,11,272,37,0.0231,0.00057,40.58567,False
chat,1:zh essay,11,297,29,0.0181,0.00327,5.53224,False
chat,1:zh essay,11,320,42,0.02622,0.0037,7.08773,False
chat,1:zh essay,11,372,47,0.02934,0.00036,82.48764,False
chat,1:zh essay,11,380,107,0.06679,0.00662,10.09629,False
chat,1:zh essay,12,36,22,0.01373,0.00356,3.86112,False
chat,1:zh essay,12,76,25,0.01561,0.00085,18.28184,False
chat,1:zh essay,12,79,67,0.04182,0.00519,8.05402,False
chat,1:zh essay,12,178,34,0.02122,0.00569,3.72949,False
chat,1:zh essay,12,220,126,0.07865,0.00534,14.74247,False
chat,1:zh essay,12,224,31,0.01935,0.00505,3.83146,False
chat,1:zh essay,12,247,30,0.01873,0.00213,8.77528,False
chat,1:zh essay,12,286,41,0.02559,0.00135,18.93613,False
chat,1:zh essay,12,309,107,0.06679,0.00832,8.02526,False
chat,1:zh essay,12,315,61,0.03808,0.00178,21.41169,False
chat,1:zh essay,12,360,20,0.01248,0.00107,11.70037,False
chat,1:zh essay,12,375,21,0.01311,0.00206,6.35451,False
chat,1:zh essay,13,37,58,0.0362,0.00427,8.48277,False
chat,1:zh essay,13,65,27,0.01685,0.00341,4.9361,False
chat,1:zh essay,13,80,41,0.02559,0.00541,4.73403,False
chat,1:zh essay,13,119,42,0.02622,0.00448,5.85019,False
chat,1:zh essay,13,135,38,0.02372,0.00647,3.6644,False
chat,1:zh essay,13,186,30,0.01873,0.00605,3.09716,False
chat,1:zh essay,13,233,77,0.04806,0.0005,96.52809,False
chat,1:zh essay,13,275,46,0.02871,0.00327,8.77528,False
chat,1:zh essay,13,283,53,0.03308,0.01074,3.08007,False
chat,1:zh essay,13,301,22,0.01373,0.00434,3.16486,False
chat,1:zh essay,13,320,23,0.01436,0.00263,5.4549,False
chat,1:zh essay,13,321,57,0.03558,0.0027,13.16292,False
chat,1:zh essay,13,330,52,0.03246,0.00519,6.25089,False
chat,1:zh essay,14,22,21,0.01311,0.00213,6.1427,False
chat,1:zh essay,14,119,38,0.02372,0.00142,16.67303,False
chat,1:zh essay,14,130,37,0.0231,0.00434,5.32271,False
chat,1:zh essay,14,149,27,0.01685,0.00185,9.11279,False
chat,1:zh essay,14,160,37,0.0231,0.00747,3.09224,False
chat,1:zh essay,14,161,33,0.0206,0.00085,24.13202,False
chat,1:zh essay,14,219,48,0.02996,0.00192,15.6005,False
chat,1:zh essay,14,247,52,0.03246,0.00455,7.12992,False
chat,1:zh essay,14,266,22,0.01373,7e-05,193.05618,False
chat,1:zh essay,14,268,42,0.02622,0.00021,122.85393,False
chat,1:zh essay,14,282,41,0.02559,0.0079,3.24132,False
chat,1:zh essay,14,322,51,0.03184,0.00128,24.8633,False
chat,1:zh essay,14,350,50,0.03121,0.00356,8.77528,False
chat,1:zh essay,14,382,90,0.05618,0.00598,9.40209,False
chat,1:zh essay,15,10,21,0.01311,0.00235,5.58427,False
chat,1:zh essay,15,24,25,0.01561,0.00349,4.47718,False
chat,1:zh essay,15,71,37,0.0231,0.00491,4.70559,False
chat,1:zh essay,15,78,73,0.04557,0.00775,5.87702,False
chat,1:zh essay,15,173,31,0.01935,0.0032,6.04519,False
chat,1:zh essay,15,183,23,0.01436,0.00206,6.95971,False
chat,1:zh essay,15,203,34,0.02122,0.00377,5.62943,False
chat,1:zh essay,15,225,24,0.01498,0.00405,3.69486,False
chat,1:zh essay,15,239,39,0.02434,0.00164,14.87982,False
chat,1:zh essay,15,240,23,0.01436,0.00448,3.20367,False
chat,1:zh essay,15,256,27,0.01685,0.0042,4.01581,False
chat,1:zh essay,15,273,55,0.03433,0.00249,13.78973,False
chat,1:zh essay,15,285,130,0.08115,0.00192,42.25135,False
chat,1:zh essay,15,295,21,0.01311,0.00221,5.94455,False
chat,1:zh essay,16,24,25,0.01561,0.00078,19.94382,False
chat,1:zh essay,16,71,44,0.02747,0.00171,16.08801,False
chat,1:zh essay,16,99,95,0.0593,0.00519,11.41989,False
chat,1:zh essay,16,120,28,0.01748,0.00228,7.67837,False
chat,1:zh essay,16,195,35,0.02185,0.00505,4.32584,False
chat,1:zh essay,16,215,96,0.05993,0.00242,24.77726,False
chat,1:zh essay,16,229,34,0.02122,0.00555,3.82512,False
chat,1:zh essay,16,234,77,0.04806,0.00114,42.23104,False
chat,1:zh essay,16,249,22,0.01373,7e-05,193.05618,False
chat,1:zh essay,16,294,44,0.02747,0.00761,3.60853,False
chat,1:zh essay,16,298,43,0.02684,7e-05,377.33708,False
chat,1:zh essay,16,320,24,0.01498,0.0,210.60674,True
chat,1:zh essay,16,334,101,0.06305,0.01572,4.01042,False
chat,1:zh essay,16,349,26,0.01623,0.00462,3.51011,False
chat,1:zh essay,16,379,25,0.01561,0.00185,8.43777,False
chat,1:zh essay,17,84,22,0.01373,0.00036,38.61124,False
chat,1:zh essay,17,123,42,0.02622,0.00171,15.35674,False
chat,1:zh essay,17,129,42,0.02622,0.00825,3.17726,False
chat,1:zh essay,17,136,32,0.01998,0.00306,6.53044,False
chat,1:zh essay,17,141,25,0.01561,0.00085,18.28184,False
chat,1:zh essay,17,147,53,0.03308,0.0005,66.44141,False
chat,1:zh essay,17,244,45,0.02809,0.001,28.20626,False
chat,1:zh essay,17,339,82,0.05119,0.01103,4.64241,False
chat,1:zh essay,17,348,69,0.04307,0.00413,10.43956,False
chat,1:zh essay,17,350,26,0.01623,0.00228,7.12992,False
chat,1:zh essay,17,359,54,0.03371,0.00505,6.67416,False
chat,1:zh essay,18,8,36,0.02247,0.00036,63.18202,False
chat,1:zh essay,18,35,22,0.01373,0.00384,3.57511,False
chat,1:zh essay,18,89,46,0.02871,0.001,28.83307,False
chat,1:zh essay,18,186,61,0.03808,0.00512,7.43461,False
chat,1:zh essay,18,210,21,0.01311,0.00221,5.94455,False
chat,1:zh essay,18,223,31,0.01935,0.00235,8.24345,False
chat,1:zh essay,18,230,92,0.05743,0.001,57.66613,False
chat,1:zh essay,18,237,22,0.01373,0.00128,10.72534,False
chat,1:zh essay,18,246,32,0.01998,0.0,280.80899,True
chat,1:zh essay,18,253,90,0.05618,0.00491,11.44602,False
chat,1:zh essay,18,258,27,0.01685,0.00185,9.11279,False
chat,1:zh essay,18,270,75,0.04682,0.00405,11.54642,False
chat,1:zh essay,18,298,38,0.02372,0.00256,9.2628,False
chat,1:zh essay,18,326,164,0.10237,0.03322,3.08168,False
chat,1:zh essay,18,330,44,0.02747,0.00612,4.48968,False
chat,1:zh essay,19,7,30,0.01873,0.00541,3.46393,False
chat,1:zh essay,19,26,30,0.01873,0.00455,4.11341,False
chat,1:zh essay,19,55,25,0.01561,0.00441,3.53842,False
chat,1:zh essay,19,90,37,0.0231,0.0042,5.50314,False
chat,1:zh essay,19,95,49,0.03059,0.00128,23.88826,False
chat,1:zh essay,19,111,172,0.10737,0.01793,5.98948,False
chat,1:zh essay,19,119,29,0.0181,0.00299,6.05912,False
chat,1:zh essay,19,132,37,0.0231,0.0042,5.50314,False
chat,1:zh essay,19,163,25,0.01561,0.00156,9.97191,False
chat,1:zh essay,19,186,24,0.01498,0.00064,23.40075,False
chat,1:zh essay,19,226,24,0.01498,0.00334,4.48099,False
chat,1:zh essay,19,236,36,0.02247,0.00349,6.44715,False
chat,1:zh essay,19,242,24,0.01498,0.00334,4.48099,False
chat,1:zh essay,19,301,24,0.01498,0.00334,4.48099,False
chat,1:zh essay,19,317,36,0.02247,0.00477,4.71508,False
chat,1:zh essay,19,323,27,0.01685,0.00526,3.20179,False
chat,1:zh essay,19,332,31,0.01935,0.00263,7.35226,False
chat,1:zh essay,19,334,29,0.0181,0.00562,3.22131,False
chat,1:zh essay,20,0,45,0.02809,0.00726,3.87145,False
chat,1:zh essay,20,20,26,0.01623,0.00135,12.00828,False
chat,1:zh essay,20,34,99,0.0618,0.00889,6.95002,False
chat,1:zh essay,20,66,31,0.01935,0.0005,38.86196,False
chat,1:zh essay,20,92,32,0.01998,0.00626,3.19101,False
chat,1:zh essay,20,104,29,0.0181,0.00285,6.36208,False
chat,1:zh essay,20,120,25,0.01561,0.00057,27.42275,False
chat,1:zh essay,20,136,64,0.03995,0.00156,25.52809,False
chat,1:zh essay,20,141,29,0.0181,0.00413,4.38764,False
chat,1:zh essay,20,155,49,0.03059,0.00491,6.23172,False
chat,1:zh essay,20,172,21,0.01311,0.00341,3.83919,False
chat,1:zh essay,20,188,46,0.02871,0.00377,7.61628,False
chat,1:zh essay,20,193,27,0.01685,0.00235,7.17978,False
chat,1:zh essay,20,218,183,0.11423,0.02696,4.23714,False
chat,1:zh essay,20,235,30,0.01873,0.00548,3.41894,False
chat,1:zh essay,20,294,68,0.04245,0.00398,10.6557,False
chat,1:zh essay,20,303,53,0.03308,0.00213,15.503,False
chat,1:zh essay,20,366,81,0.05056,0.00164,30.90425,False
chat,1:zh essay,20,374,29,0.0181,0.00313,5.78371,False
chat,1:zh essay,21,78,24,0.01498,0.00021,70.20225,False
chat,1:zh essay,21,85,39,0.02434,0.00327,7.43991,False
chat,1:zh essay,21,94,39,0.02434,0.00726,3.35525,False
chat,1:zh essay,21,127,33,0.0206,0.00213,9.65281,False
chat,1:zh essay,21,144,144,0.08989,0.00285,31.59101,False
chat,1:zh essay,21,152,31,0.01935,0.00598,3.2385,False
chat,1:zh essay,21,174,27,0.01685,0.0032,5.26517,False
chat,1:zh essay,21,214,39,0.02434,0.00555,4.38764,False
chat,1:zh essay,21,266,45,0.02809,0.00669,4.20093,False
chat,1:zh essay,21,271,29,0.0181,0.00512,3.53449,False
chat,1:zh essay,21,288,48,0.02996,0.00704,4.25468,False
chat,1:zh essay,21,305,66,0.0412,0.00142,28.95843,False
chat,1:zh essay,21,307,39,0.02434,0.00114,21.38975,False
chat,1:zh essay,21,320,63,0.03933,0.00277,14.17545,False
chat,1:zh essay,21,322,28,0.01748,0.00036,49.14157,False
chat,1:zh essay,21,326,31,0.01935,0.00534,3.62712,False
chat,1:zh essay,21,328,21,0.01311,0.00043,30.71348,False
chat,1:zh essay,21,346,23,0.01436,0.00071,20.18315,False
chat,1:zh essay,22,5,76,0.04744,0.00932,5.091,False
chat,1:zh essay,22,16,42,0.02622,0.00512,5.11891,False
chat,1:zh essay,22,37,54,0.03371,0.00469,7.17978,False
chat,1:zh essay,22,48,104,0.06492,0.02127,3.05227,False
chat,1:zh essay,22,94,33,0.0206,0.00519,3.96691,False
chat,1:zh essay,22,119,43,0.02684,0.00078,34.30337,False
chat,1:zh essay,22,124,22,0.01373,0.00313,4.38764,False
chat,1:zh essay,22,140,211,0.13171,0.00598,22.04267,False
chat,1:zh essay,22,194,43,0.02684,0.0069,3.89007,False
chat,1:zh essay,22,229,20,0.01248,0.00384,3.2501,False
chat,1:zh essay,22,243,34,0.02122,0.0005,42.62279,False
chat,1:zh essay,22,252,34,0.02122,0.00377,5.62943,False
chat,1:zh essay,22,270,55,0.03433,0.00036,96.52809,False
chat,1:zh essay,22,291,24,0.01498,0.00327,4.57841,False
chat,1:zh essay,22,332,56,0.03496,0.00377,9.27199,False
chat,1:zh essay,22,339,30,0.01873,0.00491,3.81534,False
chat,1:zh essay,23,31,41,0.02559,0.00519,4.92858,False
chat,1:zh essay,23,61,39,0.02434,0.00754,3.22864,False
chat,1:zh essay,23,83,24,0.01498,0.00341,4.38764,False
chat,1:zh essay,23,95,132,0.0824,0.01558,5.28921,False
chat,1:zh essay,23,117,31,0.01935,0.00192,10.07532,False
chat,1:zh essay,23,145,28,0.01748,0.00384,4.55015,False
chat,1:zh essay,23,200,25,0.01561,0.00398,3.91754,False
chat,1:zh essay,23,203,35,0.02185,0.00605,3.61335,False
chat,1:zh essay,23,229,30,0.01873,0.00363,5.16193,False
chat,1:zh essay,23,240,42,0.02622,0.00747,3.51011,False
chat,1:zh essay,23,241,36,0.02247,0.00555,4.05013,False
chat,1:zh essay,23,252,29,0.0181,0.00349,5.19353,False
chat,1:zh essay,23,259,49,0.03059,0.00377,8.113,False
chat,1:zh essay,23,278,52,0.03246,0.00498,6.51878,False
chat,1:zh essay,23,280,42,0.02622,0.0037,7.08773,False
chat,1:zh essay,23,288,56,0.03496,0.00341,10.23783,False
chat,1:zh essay,23,289,66,0.0412,0.0074,5.56893,False
chat,1:zh essay,23,310,46,0.02871,0.00619,4.6398,False
chat,1:zh essay,23,327,41,0.02559,0.00185,13.83794,False
chat,1:zh essay,23,353,22,0.01373,0.00299,4.59658,False
chat,1:zh essay,23,359,29,0.0181,0.00562,3.22131,False
chat,1:zh essay,23,369,59,0.03683,0.00405,9.08319,False
chat,1:zh essay,24,29,38,0.02372,0.00085,27.78839,False
chat,1:zh essay,24,74,163,0.10175,0.00946,10.75467,False
chat,1:zh essay,24,82,27,0.01685,0.00071,23.69326,False
chat,1:zh essay,24,99,24,0.01498,0.00171,8.77528,False
chat,1:zh essay,24,106,24,0.01498,0.00121,12.38863,False
chat,1:zh essay,24,116,166,0.10362,0.00932,11.11982,False
chat,1:zh essay,24,129,43,0.02684,0.00718,3.73601,False
chat,1:zh essay,24,186,22,0.01373,0.00377,3.64257,False
chat,1:zh essay,24,207,25,0.01561,0.00448,3.48225,False
chat,1:zh essay,24,244,20,0.01248,0.00285,4.38764,False
chat,1:zh essay,24,279,74,0.04619,0.00341,13.52856,False
chat,1:zh essay,24,305,28,0.01748,0.0005,35.10112,False
chat,1:zh essay,24,324,66,0.0412,0.00398,10.3423,False
chat,1:zh essay,24,352,93,0.05805,0.00192,30.22597,False
chat,1:zh essay,24,357,20,0.01248,0.0027,4.61857,False
chat,1:zh essay,24,360,59,0.03683,0.00363,10.1518,False
chat,1:zh essay,24,371,22,0.01373,0.00078,17.55056,False
chat,1:zh essay,24,381,39,0.02434,0.001,24.44543,False
chat,1:zh essay,25,9,22,0.01373,0.00377,3.64257,False
chat,1:zh essay,25,51,239,0.14919,0.0074,20.16627,False
chat,1:zh essay,25,132,61,0.03808,0.00349,10.92433,False
chat,1:zh essay,25,137,62,0.0387,0.00092,41.85134,False
chat,1:zh essay,25,191,115,0.07179,0.01615,4.44563,False
chat,1:zh essay,25,201,27,0.01685,0.00121,13.93721,False
chat,1:zh essay,25,202,31,0.01935,0.00142,13.60169,False
chat,1:zh essay,25,249,20,0.01248,0.00057,21.9382,False
chat,1:zh essay,25,257,20,0.01248,0.00043,29.25094,False
chat,1:zh essay,25,284,26,0.01623,0.00121,13.42102,False
chat,1:zh essay,25,294,32,0.01998,0.00107,18.7206,False
chat,1:zh essay,25,345,26,0.01623,0.00107,15.21049,False
chat,1:zh essay,25,362,85,0.05306,0.00235,22.603,False
chat,1:zh essay,25,366,88,0.05493,0.00299,18.3863,False
chat,1:zh essay,25,369,114,0.07116,0.01985,3.5856,False
chat,1:zh essay,25,370,33,0.0206,0.00206,9.98566,False
chat,1:zh essay,26,23,50,0.03121,0.00071,43.8764,False
chat,1:zh essay,26,52,109,0.06804,0.01515,4.49064,False
chat,1:zh essay,26,96,31,0.01935,0.00349,5.55171,False
chat,1:zh essay,26,99,35,0.02185,0.00434,5.035,False
chat,1:zh essay,26,124,51,0.03184,0.00576,5.52518,False
chat,1:zh essay,26,203,41,0.02559,0.00164,15.64289,False
chat,1:zh essay,26,219,138,0.08614,0.0037,23.28825,False
chat,1:zh essay,26,222,47,0.02934,0.00164,17.9321,False
chat,1:zh essay,26,224,21,0.01311,0.00256,5.11891,False
chat,1:zh essay,26,246,32,0.01998,0.00647,3.08581,False
chat,1:zh essay,26,312,59,0.03683,0.00455,8.08971,False
chat,1:zh essay,26,316,37,0.0231,0.00121,19.09914,False
chat,1:zh essay,26,337,21,0.01311,0.00028,46.07022,False
chat,1:zh essay,26,352,28,0.01748,0.00484,3.61335,False
chat,1:zh essay,26,379,21,0.01311,0.00149,8.77528,False
chat,1:zh essay,27,21,48,0.02996,0.00477,6.28677,False
chat,1:zh essay,27,30,44,0.02747,0.00114,24.13202,False
chat,1:zh essay,27,42,104,0.06492,0.00135,48.03312,False
chat,1:zh essay,27,60,45,0.02809,0.00903,3.10935,False
chat,1:zh essay,27,120,56,0.03496,0.00213,16.38052,False
chat,1:zh essay,27,150,55,0.03433,0.00811,4.23369,False
chat,1:zh essay,27,156,84,0.05243,0.00939,5.58427,False
chat,1:zh essay,27,181,62,0.0387,0.00114,34.00421,False
chat,1:zh essay,27,184,23,0.01436,0.00299,4.80551,False
chat,1:zh essay,27,188,33,0.0206,0.00263,7.8266,False
chat,1:zh essay,27,218,50,0.03121,0.00078,39.88764,False
chat,1:zh essay,27,275,32,0.01998,0.00469,4.25468,False
chat,1:zh essay,27,300,32,0.01998,0.00562,3.55454,False
chat,1:zh essay,27,331,151,0.09426,0.02959,3.18526,False
chat,1:zh essay,27,340,37,0.0231,0.00171,13.52856,False
chat,1:zh essay,27,376,53,0.03308,0.00846,3.90832,False
chat,1:zh essay,28,21,181,0.11298,0.02668,4.23554,False
chat,1:zh essay,28,37,33,0.0206,0.00213,9.65281,False
chat,1:zh essay,28,73,224,0.13983,0.03493,4.00339,False
chat,1:zh essay,28,78,23,0.01436,0.00071,20.18315,False
chat,1:zh essay,28,155,21,0.01311,0.00064,20.47566,False
chat,1:zh essay,28,164,31,0.01935,0.00014,136.01685,False
chat,1:zh essay,28,204,71,0.04432,0.00135,32.79184,False
chat,1:zh essay,28,216,103,0.06429,0.00341,18.83029,False
chat,1:zh essay,28,267,130,0.08115,0.00142,57.03933,False
chat,1:zh essay,28,301,22,0.01373,0.00128,10.72534,False
chat,1:zh essay,28,307,22,0.01373,0.00028,48.26404,False
chat,1:zh essay,28,309,45,0.02809,0.00149,18.80417,False
chat,1:zh essay,28,379,32,0.01998,0.00185,10.80035,False
chat,1:zh essay,29,12,30,0.01873,0.00199,9.40209,False
chat,1:zh essay,29,51,31,0.01935,0.00327,5.91378,False
chat,1:zh essay,29,74,20,0.01248,0.00199,6.26806,False
chat,1:zh essay,29,90,207,0.12921,0.00455,28.38255,False
chat,1:zh essay,29,146,83,0.05181,0.00299,17.34163,False
chat,1:zh essay,29,185,72,0.04494,0.00263,17.07622,False
chat,1:zh essay,29,198,55,0.03433,0.00149,22.98288,False
chat,1:zh essay,29,223,60,0.03745,0.00171,21.9382,False
chat,1:zh essay,29,292,235,0.14669,0.02561,5.72831,False
chat,1:zh essay,29,316,37,0.0231,0.00548,4.21669,False
chat,1:zh essay,29,349,76,0.04744,0.00768,6.1752,False
chat,1:zh essay,29,368,27,0.01685,0.00043,39.48876,False
chat,1:zh essay,29,371,29,0.0181,0.00519,3.48607,False
chat,1:zh essay,29,377,31,0.01935,0.00114,17.00211,False
chat,1:zh essay,30,5,23,0.01436,0.00178,8.07326,False
chat,1:zh essay,30,48,38,0.02372,0.00733,3.23748,False
chat,1:zh essay,30,89,32,0.01998,0.00092,21.60069,False
chat,1:zh essay,30,102,212,0.13233,0.02845,4.6509,False
chat,1:zh essay,30,104,46,0.02871,0.00519,5.52963,False
chat,1:zh essay,30,129,181,0.11298,0.00875,12.91322,False
chat,1:zh essay,30,187,69,0.04307,0.00562,7.66449,False
chat,1:zh essay,30,198,54,0.03371,0.00839,4.01581,False
chat,1:zh essay,30,238,118,0.07366,0.01743,4.22646,False
chat,1:zh essay,30,251,22,0.01373,0.00142,9.65281,False
chat,1:zh essay,30,257,26,0.01623,0.00071,22.81573,False
chat,1:zh essay,30,271,84,0.05243,0.00107,49.14157,False
chat,1:zh essay,30,343,90,0.05618,0.0027,20.78356,False
chat,1:zh essay,30,369,29,0.0181,0.00526,3.43896,False
chat,1:zh essay,30,372,62,0.0387,0.00605,6.40079,False
chat,1:zh essay,31,21,37,0.0231,0.00697,3.31312,False
chat,1:zh essay,31,69,30,0.01873,0.00327,5.72301,False
chat,1:zh essay,31,113,62,0.0387,0.00313,12.36517,False
chat,1:zh essay,31,126,59,0.03683,0.0005,73.96308,False
chat,1:zh essay,31,200,29,0.0181,0.00121,14.9696,False
chat,1:zh essay,31,205,132,0.0824,0.00384,21.45069,False
chat,1:zh essay,31,214,24,0.01498,0.00498,3.00867,False
chat,1:zh essay,31,220,54,0.03371,0.00341,9.87219,False
chat,1:zh essay,31,227,212,0.13233,0.03578,3.69853,False
chat,1:zh essay,31,248,172,0.10737,0.03393,3.16425,False
chat,1:zh essay,31,328,105,0.06554,0.00676,9.69899,False
chat,1:zh essay,31,353,102,0.06367,0.00398,15.98355,False
chat,1:zh essay,31,373,25,0.01561,0.00078,19.94382,False
chat,1:zh essay,32,27,158,0.09863,0.0042,23.4999,False
chat,1:zh essay,32,51,48,0.02996,0.0037,8.10026,False
chat,1:zh essay,32,60,71,0.04432,0.00128,34.61361,False
chat,1:zh essay,32,64,27,0.01685,0.00085,19.74438,False
chat,1:zh essay,32,84,31,0.01935,0.00057,34.00421,False
chat,1:zh essay,32,96,33,0.0206,0.00107,19.30562,False
chat,1:zh essay,32,147,142,0.08864,0.0074,11.98163,False
chat,1:zh essay,32,158,43,0.02684,0.00199,13.47632,False
chat,1:zh essay,32,230,30,0.01873,0.00164,11.44602,False
chat,1:zh essay,32,259,53,0.03308,0.00135,24.47842,False
chat,1:zh essay,32,293,33,0.0206,0.00377,5.46385,False
chat,1:zh essay,32,320,26,0.01623,0.00213,7.60524,False
chat,1:zh essay,32,321,24,0.01498,0.00391,3.82921,False
chat,1:zh essay,32,349,107,0.06679,0.00228,29.34235,False
chat,1:zh essay,32,362,22,0.01373,0.00455,3.0165,False
chat,1:zh essay,33,73,42,0.02622,0.0074,3.54386,False
chat,1:zh essay,33,74,94,0.05868,0.0101,5.80899,False
chat,1:zh essay,33,112,118,0.07366,0.00149,49.30872,False
chat,1:zh essay,33,114,98,0.06117,0.00299,20.47566,False
chat,1:zh essay,33,132,33,0.0206,0.00427,4.8264,False
chat,1:zh essay,33,139,39,0.02434,0.00306,7.95898,False
chat,1:zh essay,33,160,88,0.05493,0.00747,7.35452,False
chat,1:zh essay,33,167,39,0.02434,0.00171,14.25983,False
chat,1:zh essay,33,195,24,0.01498,0.001,15.04334,False
chat,1:zh essay,33,199,23,0.01436,0.00327,4.38764,False
chat,1:zh essay,33,219,108,0.06742,0.00839,8.03161,False
chat,1:zh essay,33,235,23,0.01436,0.00441,3.25535,False
chat,1:zh essay,33,267,23,0.01436,7e-05,201.83146,False
chat,1:zh essay,33,284,22,0.01373,0.00185,7.42524,False
chat,1:zh essay,33,315,22,0.01373,0.00313,4.38764,False
chat,1:zh essay,33,321,33,0.0206,0.00107,19.30562,False
chat,1:zh essay,33,377,50,0.03121,0.00605,5.16193,False
chat,1:zh essay,34,70,46,0.02871,0.00427,6.72772,False
chat,1:zh essay,34,77,127,0.07928,0.01401,5.65716,False
chat,1:zh essay,34,86,158,0.09863,0.00384,25.67582,False
chat,1:zh essay,34,161,31,0.01935,0.00171,11.33474,False
chat,1:zh essay,34,202,31,0.01935,0.00135,14.31756,False
chat,1:zh essay,34,214,93,0.05805,0.00804,7.22213,False
chat,1:zh essay,34,226,118,0.07366,0.00277,26.55085,False
chat,1:zh essay,34,232,40,0.02497,0.00121,20.64772,False
chat,1:zh essay,34,267,38,0.02372,0.00384,6.1752,False
chat,1:zh essay,34,271,20,0.01248,0.0032,3.90012,False
chat,1:zh essay,34,272,100,0.06242,0.01458,4.28062,False
chat,1:zh essay,34,295,45,0.02809,0.00178,15.79551,False
chat,1:zh essay,34,300,49,0.03059,0.00519,5.89026,False
chat,1:zh essay,34,312,56,0.03496,0.00192,18.20058,False
chat,1:zh essay,34,320,49,0.03059,0.00192,15.92551,False
chat,1:zh essay,34,378,22,0.01373,0.00149,9.19315,False
chat,1:zh essay,35,27,132,0.0824,0.0271,3.04025,False
chat,1:zh essay,35,54,35,0.02185,0.00434,5.035,False
chat,1:zh essay,35,57,49,0.03059,0.00377,8.113,False
chat,1:zh essay,35,65,54,0.03371,0.00121,27.87442,False
chat,1:zh essay,35,66,202,0.12609,0.01053,11.97707,False
chat,1:zh essay,35,67,28,0.01748,0.00071,24.57079,False
chat,1:zh essay,35,123,34,0.02122,0.00341,6.21582,False
chat,1:zh essay,35,143,83,0.05181,0.00192,26.97586,False
chat,1:zh essay,35,148,43,0.02684,0.00242,11.09815,False
chat,1:zh essay,35,150,215,0.13421,0.0286,4.69325,False
chat,1:zh essay,35,212,28,0.01748,0.00149,11.70037,False
chat,1:zh essay,35,257,80,0.04994,0.01515,3.29588,False
chat,1:zh essay,35,331,34,0.02122,0.00285,7.45899,False
chat,1:zh essay,36,20,30,0.01873,0.00605,3.09716,False
chat,1:zh essay,36,39,184,0.11486,0.03073,3.73762,False
chat,1:zh essay,36,54,74,0.04619,0.01117,4.13612,False
chat,1:zh essay,36,68,28,0.01748,0.00249,7.02022,False
chat,1:zh essay,36,72,175,0.10924,0.0064,17.06305,False
chat,1:zh essay,36,75,37,0.0231,0.00164,14.11676,False
chat,1:zh essay,36,113,20,0.01248,0.0,175.50562,True
chat,1:zh essay,36,131,59,0.03683,0.00541,6.81239,False
chat,1:zh essay,36,154,22,0.01373,0.00028,48.26404,False
chat,1:zh essay,36,185,45,0.02809,0.00462,6.07519,False
chat,1:zh essay,36,237,44,0.02747,0.00377,7.28514,False
chat,1:zh essay,36,246,28,0.01748,0.00092,18.90061,False
chat,1:zh essay,36,250,32,0.01998,0.00334,5.97466,False
chat,1:zh essay,36,251,74,0.04619,0.00491,9.41117,False
chat,1:zh essay,36,254,21,0.01311,0.00135,9.69899,False
chat,1:zh essay,36,256,44,0.02747,0.00569,4.8264,False
chat,1:zh essay,36,297,30,0.01873,0.00576,3.2501,False
chat,1:zh essay,36,309,63,0.03933,0.00206,19.06354,False
chat,1:zh essay,36,323,21,0.01311,0.00199,6.58146,False
chat,1:zh essay,37,88,34,0.02122,0.0027,7.85157,False
chat,1:zh essay,37,109,39,0.02434,0.00199,12.22271,False
chat,1:zh essay,37,116,51,0.03184,0.00455,6.9928,False
chat,1:zh essay,37,133,217,0.13546,0.02575,5.26032,False
chat,1:zh essay,37,152,81,0.05056,0.00149,33.84751,False
chat,1:zh essay,37,159,75,0.04682,0.00256,18.28184,False
chat,1:zh essay,37,200,28,0.01748,0.00178,9.82831,False
chat,1:zh essay,37,201,38,0.02372,0.00349,6.80532,False
chat,1:zh essay,37,222,127,0.07928,0.00285,27.86152,False
chat,1:zh essay,37,261,121,0.07553,0.01544,4.89313,False
chat,1:zh essay,37,314,20,0.01248,0.00014,87.75281,False
chat,1:zh essay,37,356,37,0.0231,0.00605,3.81983,False
chat,1:zh essay,37,357,46,0.02871,0.001,28.83307,False
chat,1:zh essay,38,3,47,0.02934,0.00128,22.91323,False
chat,1:zh essay,38,69,38,0.02372,0.00107,22.23071,False
chat,1:zh essay,38,72,54,0.03371,0.01024,3.29073,False
chat,1:zh essay,38,128,204,0.12734,0.0239,5.32785,False
chat,1:zh essay,38,141,69,0.04307,0.01259,3.42087,False
chat,1:zh essay,38,156,38,0.02372,0.00341,6.9471,False
chat,1:zh essay,38,184,24,0.01498,0.00256,5.85019,False
chat,1:zh essay,38,198,20,0.01248,0.00384,3.2501,False
chat,1:zh essay,38,200,28,0.01748,0.00021,81.90262,False
chat,1:zh essay,38,266,72,0.04494,0.00114,39.48876,False
chat,1:zh essay,38,267,30,0.01873,0.0032,5.85019,False
chat,1:zh essay,38,297,53,0.03308,0.0027,12.23921,False
chat,1:zh essay,38,337,61,0.03808,0.00235,16.22097,False
chat,1:zh essay,38,341,30,0.01873,0.00071,26.32584,False
chat,1:zh essay,38,362,238,0.14856,0.03756,3.95552,False
chat,1:zh essay,39,3,49,0.03059,0.00341,8.9581,False
chat,1:zh essay,39,46,58,0.0362,0.00171,21.20693,False
chat,1:zh essay,39,88,200,0.12484,0.02568,4.86165,False
chat,1:zh essay,39,143,33,0.0206,0.00277,7.42524,False
chat,1:zh essay,39,162,32,0.01998,0.00384,5.20017,False
chat,1:zh essay,39,186,53,0.03308,0.001,33.22071,False
chat,1:zh essay,39,211,39,0.02434,0.00761,3.19847,False
chat,1:zh essay,39,225,38,0.02372,0.00605,3.92307,False
chat,1:zh essay,39,251,147,0.09176,0.02632,3.4864,False
chat,1:zh essay,39,270,39,0.02434,0.00263,9.24962,False
chat,1:zh essay,39,280,21,0.01311,0.00292,4.49466,False
chat,1:zh essay,39,299,41,0.02559,0.00292,8.77528,False
chat,1:zh essay,39,338,27,0.01685,0.00107,15.79551,False
chat,1:zh essay,39,340,44,0.02747,0.00213,12.87041,False
chat,1:zh essay,39,364,29,0.0181,0.00391,4.62697,False
chat,1:zh essay,39,373,29,0.0181,0.00341,5.30173,False
chat,1:zh essay,39,376,130,0.08115,0.00221,36.79957,False
chat,2:zh follow-up,0,249,24,0.04706,0.00739,6.36555,False
chat,2:zh follow-up,0,287,24,0.04706,0.01248,3.77218,False
chat,2:zh follow-up,1,367,23,0.0451,0.00878,5.13711,False
chat,2:zh follow-up,1,383,21,0.04118,0.00455,9.04092,False
chat,2:zh follow-up,2,36,22,0.04314,0.00931,4.63496,False
chat,2:zh follow-up,2,348,78,0.15294,0.01663,9.19468,False
chat,2:zh follow-up,3,131,63,0.12353,0.03769,3.27753,False
chat,2:zh follow-up,3,137,26,0.05098,0.01505,3.38751,False
chat,2:zh follow-up,3,165,33,0.06471,0.01512,4.28076,False
chat,2:zh follow-up,3,373,22,0.04314,0.01089,3.96078,False
chat,2:zh follow-up,4,3,29,0.05686,0.00667,8.52941,False
chat,2:zh follow-up,4,22,46,0.0902,0.00983,9.17094,False
chat,2:zh follow-up,4,211,28,0.0549,0.01512,3.63216,False
chat,2:zh follow-up,4,251,22,0.04314,0.00673,6.40715,False
chat,2:zh follow-up,5,323,59,0.11569,0.00957,12.08722,False
chat,2:zh follow-up,6,140,26,0.05098,0.00832,6.12979,False
chat,2:zh follow-up,6,209,22,0.04314,0.01003,4.29954,False
chat,2:zh follow-up,6,252,25,0.04902,0.00508,9.64477,False
chat,2:zh follow-up,7,170,27,0.05294,0.0068,7.78698,False
chat,2:zh follow-up,7,345,46,0.0902,0.02271,3.9723,False
chat,2:zh follow-up,7,376,32,0.06275,0.01116,5.62478,False
chat,2:zh follow-up,8,105,26,0.05098,0.01644,3.10182,False
chat,2:zh follow-up,8,340,39,0.07647,0.0095,8.04534,False
chat,2:zh follow-up,9,41,32,0.06275,0.00719,8.72099,False
chat,2:zh follow-up,9,45,35,0.06863,0.02191,3.13164,False
chat,2:zh follow-up,9,47,37,0.07255,0.01617,4.48619,False
chat,2:zh follow-up,9,323,33,0.06471,0.01294,5.0015,False
chat,2:zh follow-up,10,24,21,0.04118,0.00752,5.47214,False
chat,2:zh follow-up,10,197,22,0.04314,0.0064,6.73742,False
chat,2:zh follow-up,10,328,25,0.04902,0.01175,4.17217,False
chat,2:zh follow-up,10,341,20,0.03922,0.00224,17.47405,False
chat,2:zh follow-up,11,35,26,0.05098,0.0099,5.14902,False
chat,2:zh follow-up,11,100,33,0.06471,0.00238,27.23039,False
chat,2:zh follow-up,11,188,22,0.04314,0.01188,3.63072,False
chat,2:zh follow-up,11,240,26,0.05098,0.01267,4.02267,False
chat,2:zh follow-up,11,380,46,0.0902,0.01017,8.87319,False
chat,2:zh follow-up,12,143,31,0.06078,0.00132,46.04412,False
chat,2:zh follow-up,12,309,55,0.10784,0.01116,9.66759,False
chat,2:zh follow-up,13,65,48,0.09412,0.00178,52.81046,False
chat,2:zh follow-up,13,213,52,0.10196,0.00502,20.32508,False
chat,2:zh follow-up,14,157,38,0.07451,0.00343,21.70814,False
chat,2:zh follow-up,14,166,57,0.11176,0.00535,20.90414,False
chat,2:zh follow-up,14,176,34,0.06667,0.0004,168.33333,False
chat,2:zh follow-up,14,302,68,0.13333,0.00198,67.33333,False
chat,2:zh follow-up,15,78,43,0.08431,0.00917,9.18959,False
chat,2:zh follow-up,15,312,28,0.0549,0.00997,5.50838,False
chat,2:zh follow-up,16,99,36,0.07059,0.00871,8.1016,False
chat,2:zh follow-up,16,294,21,0.04118,0.00858,4.79864,False
chat,2:zh follow-up,16,334,36,0.07059,0.01888,3.7392,False
chat,2:zh follow-up,16,343,49,0.09608,0.00185,51.98529,False
chat,2:zh follow-up,17,114,21,0.04118,0.00185,22.27941,False
chat,2:zh follow-up,17,339,25,0.04902,0.01399,3.50305,False
chat,2:zh follow-up,17,359,69,0.13529,0.0037,36.60189,False
chat,2:zh follow-up,18,17,57,0.11176,0.00752,14.85294,False
chat,2:zh follow-up,18,35,49,0.09608,0.00178,53.91068,False
chat,2:zh follow-up,18,186,26,0.05098,0.00706,7.21825,False
chat,2:zh follow-up,18,253,43,0.08431,0.00766,11.01166,False
chat,2:zh follow-up,19,69,20,0.03922,0.01069,3.66739,False
chat,2:zh follow-up,19,278,22,0.04314,0.01353,3.18795,False
chat,2:zh follow-up,19,372,27,0.05294,0.00898,5.89749,False
chat,2:zh follow-up,20,11,51,0.1,0.00066,151.5,False
chat,2:zh follow-up,20,101,22,0.04314,0.00363,11.88235,False
chat,2:zh follow-up,20,233,20,0.03922,0.0064,6.12492,False
chat,2:zh follow-up,20,326,49,0.09608,0.00211,45.48713,False
chat,2:zh follow-up,20,374,44,0.08627,0.00191,45.07099,False
chat,2:zh follow-up,21,71,23,0.0451,0.01314,3.43334,False
chat,2:zh follow-up,21,144,34,0.06667,0.0099,6.73333,False
chat,2:zh follow-up,21,208,36,0.07059,0.01162,6.0762,False
chat,2:zh follow-up,21,214,25,0.04902,0.00607,8.07225,False
chat,2:zh follow-up,21,266,20,0.03922,0.00785,4.99259,False
chat,2:zh follow-up,22,5,48,0.09412,0.0105,8.96781,False
chat,2:zh follow-up,22,16,42,0.08235,0.00475,17.32843,False
chat,2:zh follow-up,22,114,35,0.06863,0.02,3.43137,False
chat,2:zh follow-up,22,117,50,0.09804,0.0132,7.42647,False
chat,2:zh follow-up,22,164,26,0.05098,0.01096,4.65273,False
chat,2:zh follow-up,22,326,23,0.0451,0.00363,12.42246,False
chat,2:zh follow-up,23,50,23,0.0451,0.00693,6.507,False
chat,2:zh follow-up,23,268,27,0.05294,0.00429,12.33937,False
chat,2:zh follow-up,23,288,24,0.04706,0.00528,8.91176,False
chat,2:zh follow-up,24,19,20,0.03922,0.0068,5.76813,False
chat,2:zh follow-up,24,74,41,0.08039,0.01683,4.77624,False
chat,2:zh follow-up,24,324,37,0.07255,0.00561,12.9308,False
chat,2:zh follow-up,24,360,26,0.05098,0.00554,9.19468,False
chat,2:zh follow-up,25,51,61,0.11961,0.01861,6.42574,False
chat,2:zh follow-up,25,94,24,0.04706,0.01446,3.25544,False
chat,2:zh follow-up,25,362,33,0.06471,0.00561,11.53287,False
chat,2:zh follow-up,26,163,28,0.0549,0.00515,10.66365,False
chat,2:zh follow-up,26,219,22,0.04314,0.01109,3.89006,False
chat,2:zh follow-up,27,21,21,0.04118,0.0062,6.63642,False
chat,2:zh follow-up,27,24,22,0.04314,0.0103,4.18929,False
chat,2:zh follow-up,27,120,26,0.05098,0.00396,12.87255,False
chat,2:zh follow-up,27,188,25,0.04902,0.00297,16.50327,False
chat,2:zh follow-up,27,300,20,0.03922,0.00601,6.52877,False
chat,2:zh follow-up,28,93,20,0.03922,0.00106,37.13235,False
chat,2:zh follow-up,28,216,22,0.04314,0.00851,5.06612,False
chat,2:zh follow-up,28,379,24,0.04706,0.00224,20.96886,False
chat,2:zh follow-up,29,74,26,0.05098,0.00145,35.10695,False
chat,2:zh follow-up,29,90,59,0.11569,0.01399,8.2672,False
chat,2:zh follow-up,29,146,41,0.08039,0.00554,14.4993,False
chat,2:zh follow-up,29,292,57,0.11176,0.03551,3.14728,False
chat,2:zh follow-up,30,71,20,0.03922,0.00158,24.7549,False
chat,2:zh follow-up,30,129,55,0.10784,0.01644,6.56154,False
chat,2:zh follow-up,30,187,32,0.06275,0.00766,8.19473,False
chat,2:zh follow-up,30,198,36,0.07059,0.00898,7.86332,False
chat,2:zh follow-up,32,27,46,0.0902,0.01129,7.99106,False
chat,2:zh follow-up,32,95,23,0.0451,0.00099,45.54902,False
chat,2:zh follow-up,32,131,38,0.07451,0.0231,3.22521,False
chat,2:zh follow-up,32,153,30,0.05882,0.00244,24.08585,False
chat,2:zh follow-up,32,349,22,0.04314,0.00772,5.58572,False
chat,2:zh follow-up,32,371,20,0.03922,0.01083,3.62267,False
chat,2:zh follow-up,33,197,24,0.04706,0.00997,4.72146,False
chat,2:zh follow-up,33,219,38,0.07451,0.01241,6.00438,False
chat,2:zh follow-up,33,227,21,0.04118,0.00125,32.83282,False
chat,2:zh follow-up,34,77,38,0.07451,0.01888,3.94694,False
chat,2:zh follow-up,34,214,38,0.07451,0.01109,6.71919,False
chat,2:zh follow-up,34,226,24,0.04706,0.00878,5.36046,False
chat,2:zh follow-up,34,267,37,0.07255,0.00363,19.98396,False
chat,2:zh follow-up,34,312,24,0.04706,0.00389,12.08375,False
chat,2:zh follow-up,35,54,25,0.04902,0.00469,10.45982,False
chat,2:zh follow-up,35,66,62,0.12157,0.01901,6.39502,False
chat,2:zh follow-up,35,123,21,0.04118,0.00403,10.22662,False
chat,2:zh follow-up,35,257,36,0.07059,0.01696,4.16114,False
chat,2:zh follow-up,36,54,26,0.05098,0.01353,3.76758,False
chat,2:zh follow-up,36,284,48,0.09412,0.0029,32.40642,False
chat,2:zh follow-up,36,297,20,0.03922,0.00601,6.52877,False
chat,2:zh follow-up,37,116,35,0.06863,0.00528,12.99632,False
chat,2:zh follow-up,37,159,26,0.05098,0.00561,9.08651,False
chat,2:zh follow-up,37,222,38,0.07451,0.00851,8.75057,False
chat,2:zh follow-up,38,297,20,0.03922,0.00469,8.36785,False
chat,2:zh follow-up,38,337,21,0.04118,0.00482,8.54553,False
chat,2:zh follow-up,39,154,33,0.06471,0.0136,4.75871,False
chat,2:zh follow-up,39,274,27,0.05294,0.00092,57.28992,False
chat,3:en explain,0,14,48,0.02005,0.00543,3.69424,False
chat,3:en explain,0,58,44,0.01838,0.00068,27.09106,False
chat,3:en explain,0,62,102,0.04261,0.00543,7.85025,False
chat,3:en explain,0,64,30,0.01253,0.00362,3.46335,False
chat,3:en explain,0,97,79,0.033,0.0055,5.99681,False
chat,3:en explain,0,112,25,0.01044,0.00294,3.55215,False
chat,3:en explain,0,128,29,0.01211,0.00324,3.73719,False
chat,3:en explain,0,132,34,0.0142,0.00369,3.84502,False
chat,3:en explain,0,141,20,0.00835,0.00271,3.07853,False
chat,3:en explain,0,203,25,0.01044,0.00271,3.84816,False
chat,3:en explain,0,258,28,0.0117,0.00264,4.43308,False
chat,3:en explain,0,269,36,0.01504,0.00377,3.98977,False
chat,3:en explain,0,299,67,0.02799,0.00769,3.63991,False
chat,3:en explain,0,302,29,0.01211,0.00234,5.18385,False
chat,3:en explain,0,318,25,0.01044,0.00226,4.61779,False
chat,3:en explain,0,325,26,0.01086,0.00256,4.23751,False
chat,3:en explain,0,327,28,0.0117,0.00234,5.00509,False
chat,3:en explain,0,335,80,0.03342,0.00791,4.22198,False
chat,3:en explain,0,379,24,0.01003,0.00286,3.4998,False
chat,3:en explain,1,16,23,0.00961,0.00188,5.09805,False
chat,3:en explain,1,24,27,0.01128,0.00143,7.87455,False
chat,3:en explain,1,104,28,0.0117,0.00362,3.23246,False
chat,3:en explain,1,113,20,0.00835,0.00143,5.833,False
chat,3:en explain,1,117,54,0.02256,0.00467,4.82634,False
chat,3:en explain,1,120,43,0.01796,0.00407,4.41256,False
chat,3:en explain,1,128,96,0.0401,0.00784,5.1151,False
chat,3:en explain,1,129,20,0.00835,0.00256,3.25962,False
chat,3:en explain,1,194,35,0.01462,0.00317,4.61779,False
chat,3:en explain,1,214,20,0.00835,0.00249,3.3584,False
chat,3:en explain,1,228,39,0.01629,0.00075,21.61128,False
chat,3:en explain,1,244,32,0.01337,0.00219,6.1146,False
chat,3:en explain,1,253,34,0.0142,0.00332,4.28195,False
chat,3:en explain,1,267,66,0.02757,0.00543,5.07957,False
chat,3:en explain,1,307,23,0.00961,0.00271,3.54031,False
chat,3:en explain,1,337,31,0.01295,0.00339,3.81738,False
chat,3:en explain,1,339,28,0.0117,0.00347,3.373,False
chat,3:en explain,1,371,33,0.01378,0.00128,10.75674,False
chat,3:en explain,1,378,51,0.0213,0.00505,4.21805,False
chat,3:en explain,2,6,67,0.02799,0.00452,6.18784,False
chat,3:en explain,2,15,21,0.00877,0.00271,3.23246,False
chat,3:en explain,2,41,58,0.02423,0.00603,4.01748,False
chat,3:en explain,2,46,24,0.01003,0.0006,16.62406,False
chat,3:en explain,2,87,41,0.01713,0.00445,3.85077,False
chat,3:en explain,2,109,30,0.01253,0.00407,3.07853,False
chat,3:en explain,2,121,22,0.00919,0.00256,3.58558,False
chat,3:en explain,2,136,29,0.01211,0.00377,3.21398,False
chat,3:en explain,2,194,44,0.01838,0.00528,3.48314,False
chat,3:en explain,2,220,42,0.01754,0.00286,6.12465,False
chat,3:en explain,2,233,46,0.01921,0.00362,5.31046,False
chat,3:en explain,2,269,39,0.01629,0.00369,4.41046,False
chat,3:en explain,2,279,25,0.01044,0.00256,4.07452,False
chat,3:en explain,2,293,61,0.02548,0.00339,7.51161,False
chat,3:en explain,2,303,181,0.07561,0.01553,4.86886,False
chat,3:en explain,2,324,29,0.01211,0.00302,4.01748,False
chat,3:en explain,3,11,23,0.00961,0.00309,3.10856,False
chat,3:en explain,3,24,135,0.05639,0.00942,5.98466,False
chat,3:en explain,3,55,22,0.00919,0.00188,4.87639,False
chat,3:en explain,3,62,31,0.01295,0.00317,4.09005,False
chat,3:en explain,3,92,25,0.01044,0.00324,3.22172,False
chat,3:en explain,3,101,35,0.01462,0.00211,6.92669,False
chat,3:en explain,3,137,144,0.06015,0.00829,7.25414,False
chat,3:en explain,3,150,26,0.01086,0.00324,3.35059,False
chat,3:en explain,3,225,238,0.09942,0.01312,7.57955,False
chat,3:en explain,3,246,54,0.02256,0.00482,4.67552,False
chat,3:en explain,3,281,69,0.02882,0.00513,5.62284,False
chat,3:en explain,3,283,22,0.00919,0.00279,3.29486,False
chat,3:en explain,3,295,24,0.01003,0.00211,4.74973,False
chat,3:en explain,3,361,72,0.03008,0.00837,3.59439,False
chat,3:en explain,4,35,26,0.01086,0.00324,3.35059,False
chat,3:en explain,4,83,31,0.01295,0.00415,3.12331,False
chat,3:en explain,4,141,31,0.01295,0.00415,3.12331,False
chat,3:en explain,4,144,28,0.0117,0.00249,4.70175,False
chat,3:en explain,4,173,20,0.00835,0.00204,4.10471,False
chat,3:en explain,4,226,247,0.10317,0.01199,8.60827,False
chat,3:en explain,4,235,119,0.04971,0.01161,4.28195,False
chat,3:en explain,4,258,20,0.00835,0.00234,3.57507,False
chat,3:en explain,4,279,82,0.03425,0.00641,5.34578,False
chat,3:en explain,4,292,25,0.01044,0.00279,3.74416,False
chat,3:en explain,4,343,23,0.00961,0.00083,11.58647,False
chat,3:en explain,4,347,21,0.00877,0.00211,4.15602,False
chat,3:en explain,4,350,30,0.01253,0.00392,3.19693,False
chat,3:en explain,4,359,31,0.01295,0.00415,3.12331,False
chat,3:en explain,4,360,28,0.0117,0.00294,3.97841,False
chat,3:en explain,4,368,29,0.01211,0.00294,4.12049,False
chat,3:en explain,4,383,62,0.0259,0.00324,7.98986,False
chat,3:en explain,5,1,33,0.01378,0.00249,5.54135,False
chat,3:en explain,5,58,27,0.01128,0.00332,3.40038,False
chat,3:en explain,5,76,30,0.01253,0.00038,33.24812,False
chat,3:en explain,5,100,25,0.01044,0.00286,3.64563,False
chat,3:en explain,5,139,51,0.0213,0.00505,4.21805,False
chat,3:en explain,5,156,44,0.01838,0.00543,3.38638,False
chat,3:en explain,5,161,20,0.00835,0.00121,6.92669,False
chat,3:en explain,5,207,191,0.07978,0.00995,8.01817,False
chat,3:en explain,5,219,72,0.03008,0.00663,4.53383,False
chat,3:en explain,5,221,21,0.00877,0.00271,3.23246,False
chat,3:en explain,5,223,50,0.02089,0.00068,30.7853,False
chat,3:en explain,5,225,23,0.00961,0.00271,3.54031,False
chat,3:en explain,5,228,31,0.01295,0.00317,4.09005,False
chat,3:en explain,5,310,50,0.02089,0.00603,3.46335,False
chat,3:en explain,5,319,53,0.02214,0.00384,5.75866,False
chat,3:en explain,5,338,38,0.01587,0.00422,3.7602,False
chat,3:en explain,5,371,259,0.10819,0.01794,6.0303,False
chat,3:en explain,6,76,219,0.09148,0.00957,9.55556,False
chat,3:en explain,6,77,51,0.0213,0.00377,5.65218,False
chat,3:en explain,6,113,239,0.09983,0.02133,4.6798,False
chat,3:en explain,6,133,24,0.01003,0.00302,3.32481,False
chat,3:en explain,6,145,209,0.0873,0.00709,12.32067,False
chat,3:en explain,6,149,152,0.06349,0.01304,4.8687,False
chat,3:en explain,6,183,66,0.02757,0.00889,3.0994,False
chat,3:en explain,6,190,112,0.04678,0.00799,5.85501,False
chat,3:en explain,6,254,49,0.02047,0.00354,5.77716,False
chat,3:en explain,6,273,27,0.01128,0.00332,3.40038,False
chat,3:en explain,6,291,33,0.01378,0.00392,3.51663,False
chat,3:en explain,6,300,48,0.02005,0.00015,132.99248,False
chat,3:en explain,6,314,22,0.00919,0.00181,5.07957,False
chat,3:en explain,6,378,24,0.01003,0.00286,3.4998,False
chat,3:en explain,7,7,42,0.01754,0.00513,3.4226,False
chat,3:en explain,7,56,27,0.01128,0.00075,14.96165,False
chat,3:en explain,7,80,160,0.06683,0.02156,3.10006,False
chat,3:en explain,7,101,343,0.14327,0.03973,3.60661,False
chat,3:en explain,7,137,113,0.0472,0.01003,4.70807,False
chat,3:en explain,7,165,21,0.00877,0.0,116.36842,True
chat,3:en explain,7,168,151,0.06307,0.01251,5.04063,False
chat,3:en explain,7,178,171,0.07143,0.00761,9.3819,False
chat,3:en explain,7,253,20,0.00835,8e-05,110.82707,False
chat,3:en explain,7,265,47,0.01963,0.00437,4.49041,False
chat,3:en explain,7,278,20,0.00835,0.00173,4.81857,False
chat,3:en explain,7,297,90,0.03759,0.0104,3.61393,False
chat,3:en explain,7,312,85,0.03551,0.00618,5.74409,False
chat,3:en explain,7,344,21,0.00877,0.00226,3.87895,False
chat,3:en explain,8,9,262,0.10944,0.01779,6.15184,False
chat,3:en explain,8,36,56,0.02339,0.00377,6.20632,False
chat,3:en explain,8,38,236,0.09858,0.00611,16.14518,False
chat,3:en explain,8,54,70,0.02924,0.00596,4.91006,False
chat,3:en explain,8,87,50,0.02089,0.00437,4.77703,False
chat,3:en explain,8,102,31,0.01295,0.00309,4.1898,False
chat,3:en explain,8,188,42,0.01754,0.00188,9.30947,False
chat,3:en explain,8,249,168,0.07018,0.01229,5.71133,False
chat,3:en explain,8,265,53,0.02214,0.00347,6.3846,False
chat,3:en explain,8,310,25,0.01044,0.00339,3.07853,False
chat,3:en explain,8,324,24,0.01003,0.00309,3.24372,False
chat,3:en explain,8,325,68,0.0284,0.00807,3.52161,False
chat,3:en explain,9,20,23,0.00961,0.00302,3.18628,False
chat,3:en explain,9,50,61,0.02548,0.00309,8.24445,False
chat,3:en explain,9,147,28,0.0117,0.00241,4.84868,False
chat,3:en explain,9,152,192,0.0802,0.01628,4.92565,False
chat,3:en explain,9,162,344,0.14369,0.02133,6.73578,False
chat,3:en explain,9,202,61,0.02548,0.00204,12.51935,False
chat,3:en explain,9,271,37,0.01546,0.004,3.86849,False
chat,3:en explain,9,288,27,0.01128,0.00113,9.97444,False
chat,3:en explain,9,301,105,0.04386,0.0107,4.09748,False
chat,3:en explain,9,319,53,0.02214,0.00384,5.75866,False
chat,3:en explain,9,325,75,0.03133,0.00053,59.37164,False
chat,3:en explain,9,353,25,0.01044,0.0009,11.54449,False
chat,3:en explain,9,380,157,0.06558,0.00942,6.95994,False
chat,3:en explain,10,19,22,0.00919,0.00302,3.04774,False
chat,3:en explain,10,35,231,0.09649,0.00912,10.57895,False
chat,3:en explain,10,39,20,0.00835,0.00166,5.03759,False
chat,3:en explain,10,66,107,0.0447,0.00196,22.8048,False
chat,3:en explain,10,68,42,0.01754,0.00053,33.24812,False
chat,3:en explain,10,123,37,0.01546,0.00173,8.91435,False
chat,3:en explain,10,132,23,0.00961,0.00128,7.49713,False
chat,3:en explain,10,154,24,0.01003,0.00143,6.9996,False
chat,3:en explain,10,186,33,0.01378,0.00384,3.58558,False
chat,3:en explain,10,273,24,0.01003,0.00196,5.1151,False
chat,3:en explain,10,276,67,0.02799,0.00045,61.87845,False
chat,3:en explain,10,285,309,0.12907,0.01349,9.5658,False
chat,3:en explain,10,288,72,0.03008,0.00942,3.19182,False
chat,3:en explain,10,295,103,0.04302,0.01297,3.31837,False
chat,3:en explain,10,305,93,0.03885,0.004,9.72351,False
chat,3:en explain,10,342,53,0.02214,0.00588,3.76528,False
chat,3:en explain,10,346,73,0.03049,0.00761,4.00514,False
chat,3:en explain,10,357,130,0.0543,0.00166,32.74436,False
chat,3:en explain,11,1,254,0.1061,0.01425,7.44711,False
chat,3:en explain,11,47,21,0.00877,0.00143,6.12465,False
chat,3:en explain,11,96,24,0.01003,0.00158,6.33298,False
chat,3:en explain,11,181,46,0.01921,0.00626,3.07111,False
chat,3:en explain,11,199,52,0.02172,0.00611,3.55741,False
chat,3:en explain,11,202,311,0.12991,0.02065,6.28964,False
chat,3:en explain,11,208,34,0.0142,0.00264,5.38303,False
chat,3:en explain,11,212,20,0.00835,0.00053,15.83244,False
chat,3:en explain,11,245,23,0.00961,0.00294,3.26798,False
chat,3:en explain,11,279,50,0.02089,0.00286,7.29125,False
chat,3:en explain,11,291,192,0.0802,0.00543,14.77694,False
chat,3:en explain,11,334,181,0.07561,0.00626,12.08416,False
chat,3:en explain,11,350,264,0.11028,0.02043,5.39822,False
chat,3:en explain,11,376,95,0.03968,0.00897,4.42377,False
chat,3:en explain,12,12,55,0.02297,0.00204,11.28794,False
chat,3:en explain,12,62,54,0.02256,0.00068,33.24812,False
chat,3:en explain,12,65,62,0.0259,0.00121,21.47274,False
chat,3:en explain,12,111,25,0.01044,0.00204,5.13088,False
chat,3:en explain,12,124,124,0.0518,0.00678,7.63475,False
chat,3:en explain,12,150,328,0.13701,0.02797,4.89909,False
chat,3:en explain,12,188,39,0.01629,0.00196,8.31203,False
chat,3:en explain,12,217,29,0.01211,0.00354,3.41913,False
chat,3:en explain,12,250,29,0.01211,0.0003,40.17481,False
chat,3:en explain,12,254,30,0.01253,0.00173,7.22785,False
chat,3:en explain,12,255,60,0.02506,0.00513,4.88943,False
chat,3:en explain,12,267,40,0.01671,0.00415,4.03008,False
chat,3:en explain,12,299,21,0.00877,0.00256,3.4226,False
chat,3:en explain,12,321,31,0.01295,0.00415,3.12331,False
chat,3:en explain,12,335,75,0.03133,0.0052,6.02321,False
chat,3:en explain,13,8,31,0.01295,0.00188,6.87128,False
chat,3:en explain,13,22,25,0.01044,0.00196,5.32822,False
chat,3:en explain,13,23,21,0.00877,0.00196,4.47571,False
chat,3:en explain,13,24,24,0.01003,0.00286,3.4998,False
chat,3:en explain,13,33,31,0.01295,0.00173,7.46878,False
chat,3:en explain,13,78,24,0.01003,0.00317,3.16649,False
chat,3:en explain,13,131,104,0.04344,0.00701,6.19678,False
chat,3:en explain,13,137,30,0.01253,0.004,3.13662,False
chat,3:en explain,13,145,106,0.04428,0.00309,14.32643,False
chat,3:en explain,13,154,26,0.01086,0.00317,3.43036,False
chat,3:en explain,13,212,36,0.01504,0.00188,7.97955,False
chat,3:en explain,13,232,26,0.01086,0.00332,3.27444,False
chat,3:en explain,13,306,34,0.0142,0.00219,6.49676,False
chat,3:en explain,13,342,21,0.00877,0.00098,8.95142,False
chat,3:en explain,13,344,20,0.00835,0.00271,3.07853,False
chat,3:en explain,13,359,108,0.04511,0.00972,4.63927,False
chat,3:en explain,13,361,32,0.01337,0.00279,4.79252,False
chat,3:en explain,14,6,35,0.01462,0.00204,7.18324,False
chat,3:en explain,14,10,103,0.04302,8e-05,570.7594,False
chat,3:en explain,14,30,26,0.01086,0.0003,36.0188,False
chat,3:en explain,14,33,33,0.01378,0.00354,3.89074,False
chat,3:en explain,14,51,28,0.0117,0.00249,4.70175,False
chat,3:en explain,14,70,58,0.02423,0.00588,4.12049,False
chat,3:en explain,14,87,21,0.00877,8e-05,116.36842,False
chat,3:en explain,14,117,163,0.06809,0.00935,7.2842,False
chat,3:en explain,14,126,22,0.00919,0.00226,4.06366,False
chat,3:en explain,14,147,59,0.02464,0.0058,4.24597,False
chat,3:en explain,14,174,80,0.03342,0.0055,6.07272,False
chat,3:en explain,14,201,38,0.01587,0.00279,5.69112,False
chat,3:en explain,14,215,121,0.05054,0.00422,11.97328,False
chat,3:en explain,14,276,103,0.04302,0.00694,6.20391,False
chat,3:en explain,14,310,25,0.01044,0.00226,4.61779,False
chat,3:en explain,14,328,23,0.00961,0.00158,6.0691,False
chat,3:en explain,14,349,47,0.01963,0.00234,8.40141,False
chat,3:en explain,14,376,33,0.01378,0.00181,7.61936,False
chat,3:en explain,14,377,20,0.00835,0.00204,4.10471,False
chat,3:en explain,15,8,35,0.01462,0.00452,3.23246,False
chat,3:en explain,15,67,24,0.01003,0.00309,3.24372,False
chat,3:en explain,15,83,25,0.01044,0.00332,3.1485,False
chat,3:en explain,15,126,25,0.01044,0.00347,3.01161,False
chat,3:en explain,15,138,20,0.00835,0.00234,3.57507,False
chat,3:en explain,15,157,80,0.03342,0.00347,9.63714,False
chat,3:en explain,15,190,36,0.01504,0.00143,10.49941,False
chat,3:en explain,15,274,31,0.01295,0.00362,3.57879,False
chat,3:en explain,15,275,20,0.00835,0.00188,4.43308,False
chat,3:en explain,15,276,55,0.02297,0.00467,4.91572,False
chat,3:en explain,15,289,27,0.01128,0.00256,4.40049,False
chat,3:en explain,15,302,45,0.0188,0.00415,4.53383,False
chat,3:en explain,15,310,31,0.01295,0.00204,6.36229,False
chat,3:en explain,15,324,51,0.0213,0.00475,4.48586,False
chat,3:en explain,16,20,38,0.01587,0.00204,7.79894,False
chat,3:en explain,16,25,32,0.01337,0.00271,4.92565,False
chat,3:en explain,16,56,20,0.00835,0.00211,3.95811,False
chat,3:en explain,16,64,22,0.00919,0.00234,3.93257,False
chat,3:en explain,16,67,153,0.06391,0.01319,4.84473,False
chat,3:en explain,16,81,21,0.00877,0.00226,3.87895,False
chat,3:en explain,16,89,36,0.01504,0.00452,3.32481,False
chat,3:en explain,16,98,43,0.01796,0.00498,3.61028,False
chat,3:en explain,16,137,38,0.01587,0.00264,6.01633,False
chat,3:en explain,16,149,20,0.00835,0.00068,12.31412,False
chat,3:en explain,16,150,98,0.04094,0.00053,77.57895,False
chat,3:en explain,16,207,151,0.06307,0.00761,8.2846,False
chat,3:en explain,16,247,109,0.04553,0.00324,14.04669,False
chat,3:en explain,16,270,234,0.09774,0.00543,18.0094,False
chat,3:en explain,16,312,73,0.03049,0.00618,4.93316,False
chat,3:en explain,16,323,27,0.01128,0.00204,5.54135,False
chat,3:en explain,16,339,23,0.00961,0.00317,3.03455,False
chat,3:en explain,16,345,65,0.02715,0.00128,21.18753,False
chat,3:en explain,16,361,26,0.01086,0.00151,7.20376,False
chat,3:en explain,16,373,24,0.01003,0.00158,6.33298,False
chat,3:en explain,16,379,20,0.00835,0.00234,3.57507,False
chat,3:en explain,17,45,141,0.0589,0.00995,5.91917,False
chat,3:en explain,17,101,79,0.033,0.00264,12.50763,False
chat,3:en explain,17,107,158,0.066,0.00754,8.75534,False
chat,3:en explain,17,120,51,0.0213,0.00475,4.48586,False
chat,3:en explain,17,131,81,0.03383,0.00204,16.62406,False
chat,3:en explain,17,170,38,0.01587,0.00467,3.39631,False
chat,3:en explain,17,180,45,0.0188,0.00158,11.87433,False
chat,3:en explain,17,192,27,0.01128,0.00226,4.98722,False
chat,3:en explain,17,216,72,0.03008,0.00226,13.29925,False
chat,3:en explain,17,241,52,0.02172,0.00136,16.00835,False
chat,3:en explain,17,277,29,0.01211,0.00377,3.21398,False
chat,3:en explain,17,306,83,0.03467,0.00075,45.99323,False
chat,3:en explain,17,316,38,0.01587,0.0043,3.69424,False
chat,3:en explain,17,320,56,0.02339,0.00671,3.48669,False
chat,3:en explain,17,355,20,0.00835,0.00249,3.3584,False
chat,3:en explain,18,14,43,0.01796,0.00204,8.82512,False
chat,3:en explain,18,66,332,0.13868,0.0202,6.86466,False
chat,3:en explain,18,76,29,0.01211,0.00384,3.15097,False
chat,3:en explain,18,114,34,0.0142,0.00339,4.1868,False
chat,3:en explain,18,120,40,0.01671,0.00369,4.52355,False
chat,3:en explain,18,156,42,0.01754,0.00347,5.0595,False
chat,3:en explain,18,171,26,0.01086,0.00113,9.60501,False
chat,3:en explain,18,180,33,0.01378,0.00256,5.37837,False
chat,3:en explain,18,183,32,0.01337,0.00302,4.43308,False
chat,3:en explain,18,192,173,0.07226,0.00317,22.8251,False
chat,3:en explain,18,196,61,0.02548,0.00648,3.93049,False
chat,3:en explain,18,208,33,0.01378,0.00354,3.89074,False
chat,3:en explain,18,306,225,0.09398,0.0254,3.69972,False
chat,3:en explain,18,351,40,0.01671,0.00173,9.63714,False
chat,3:en explain,18,369,37,0.01546,0.00234,6.61387,False
chat,3:en explain,19,17,27,0.01128,0.00271,4.15602,False
chat,3:en explain,19,51,27,0.01128,0.00234,4.82634,False
chat,3:en explain,19,67,40,0.01671,0.00339,4.92565,False
chat,3:en explain,19,98,25,0.01044,0.00309,3.37887,False
chat,3:en explain,19,107,21,0.00877,0.00053,16.62406,False
chat,3:en explain,19,113,29,0.01211,0.00211,5.73926,False
chat,3:en explain,19,121,73,0.03049,0.0098,3.11168,False
chat,3:en explain,19,135,25,0.01044,0.00294,3.55215,False
chat,3:en explain,19,154,34,0.0142,0.00392,3.62319,False
chat,3:en explain,19,160,21,0.00877,0.00264,3.32481,False
chat,3:en explain,19,168,31,0.01295,0.00309,4.1898,False
chat,3:en explain,19,169,66,0.02757,0.00528,5.2247,False
chat,3:en explain,19,182,36,0.01504,0.00482,3.11701,False
chat,3:en explain,19,190,20,0.00835,0.00249,3.3584,False
chat,3:en explain,19,196,22,0.00919,0.00196,4.68884,False
chat,3:en explain,19,262,23,0.00961,0.00302,3.18628,False
chat,3:en explain,19,308,26,0.01086,0.00354,3.06543,False
chat,3:en explain,19,324,124,0.0518,0.01048,4.94337,False
chat,3:en explain,19,336,31,0.01295,0.00083,15.61654,False
chat,3:en explain,19,348,23,0.00961,0.00219,4.39487,False
chat,3:en explain,19,351,22,0.00919,0.00302,3.04774,False
chat,3:en explain,19,352,44,0.01838,0.00415,4.43308,False
chat,3:en explain,19,355,53,0.02214,0.00369,5.99371,False
chat,3:en explain,20,46,27,0.01128,0.00317,3.5623,False
chat,3:en explain,20,59,56,0.02339,0.0046,5.08714,False
chat,3:en explain,20,64,24,0.01003,0.00279,3.59439,False
chat,3:en explain,20,87,41,0.01713,0.00286,5.97883,False
chat,3:en explain,20,100,361,0.15079,0.02472,6.09887,False
chat,3:en explain,20,124,33,0.01378,0.00347,3.97532,False
chat,3:en explain,20,134,41,0.01713,0.00339,5.04879,False
chat,3:en explain,20,153,36,0.01504,0.00294,5.1151,False
chat,3:en explain,20,163,23,0.00961,0.00271,3.54031,False
chat,3:en explain,20,179,33,0.01378,8e-05,182.86466,False
chat,3:en explain,20,194,44,0.01838,0.00023,81.27318,False
chat,3:en explain,20,200,309,0.12907,0.02133,6.05045,False
chat,3:en explain,20,217,30,0.01253,0.00332,3.7782,False
chat,3:en explain,20,238,27,0.01128,0.00128,8.80097,False
chat,3:en explain,20,272,24,0.01003,0.00256,3.91154,False
chat,3:en explain,20,281,40,0.01671,0.00377,4.43308,False
chat,3:en explain,20,333,20,0.00835,0.00256,3.25962,False
chat,3:en explain,20,358,36,0.01504,0.00188,7.97955,False
chat,3:en explain,21,1,23,0.00961,0.00068,14.16124,False
chat,3:en explain,21,32,23,0.00961,0.00121,7.9657,False
chat,3:en explain,21,33,71,0.02966,0.00611,4.85724,False
chat,3:en explain,21,92,326,0.13617,0.01952,6.97483,False
chat,3:en explain,21,101,20,0.00835,0.00211,3.95811,False
chat,3:en explain,21,104,25,0.01044,0.00309,3.37887,False
chat,3:en explain,21,110,50,0.02089,0.00136,15.39265,False
chat,3:en explain,21,129,34,0.0142,0.00286,4.95805,False
chat,3:en explain,21,155,29,0.01211,0.00384,3.15097,False
chat,3:en explain,21,165,74,0.03091,0.00935,3.30694,False
chat,3:en explain,21,190,25,0.01044,0.00271,3.84816,False
chat,3:en explain,21,252,43,0.01796,0.00369,4.86282,False
chat,3:en explain,21,256,185,0.07728,0.01138,6.78908,False
chat,3:en explain,21,278,27,0.01128,0.00249,4.53383,False
chat,3:en explain,21,312,20,0.00835,0.00219,3.82162,False
chat,3:en explain,21,313,244,0.10192,0.02676,3.8087,False
chat,3:en explain,21,315,29,0.01211,0.00279,4.34322,False
chat,3:en explain,22,12,40,0.01671,0.00369,4.52355,False
chat,3:en explain,22,13,32,0.01337,0.00339,3.94052,False
chat,3:en explain,22,28,31,0.01295,0.00324,3.99493,False
chat,3:en explain,22,34,29,0.01211,0.00286,4.22893,False
chat,3:en explain,22,63,37,0.01546,0.00053,29.29001,False
chat,3:en explain,22,91,42,0.01754,0.00286,6.12465,False
chat,3:en explain,22,96,25,0.01044,0.00309,3.37887,False
chat,3:en explain,22,126,30,0.01253,0.00339,3.69424,False
chat,3:en explain,22,135,165,0.06892,0.0009,76.19361,False
chat,3:en explain,22,142,27,0.01128,0.00098,11.50896,False
chat,3:en explain,22,149,36,0.01504,0.00219,6.87892,False
chat,3:en explain,22,201,26,0.01086,0.00317,3.43036,False
chat,3:en explain,22,216,43,0.01796,0.00347,5.17996,False
chat,3:en explain,22,273,24,0.01003,0.00332,3.02256,False
chat,3:en explain,22,285,22,0.00919,0.00128,7.17116,False
chat,3:en explain,22,297,135,0.05639,0.00663,8.50094,False
chat,3:en explain,22,317,24,0.01003,0.00128,7.82309,False
chat,3:en explain,22,319,25,0.01044,0.00264,3.95811,False
chat,3:en explain,22,322,272,0.11362,0.03256,3.489,False
chat,3:en explain,22,338,44,0.01838,0.0043,4.27754,False
chat,3:en explain,22,340,28,0.0117,0.00234,5.00509,False
chat,3:en explain,22,360,26,0.01086,0.00158,6.86072,False
chat,3:en explain,22,361,63,0.02632,0.00498,5.28947,False
chat,3:en explain,23,22,63,0.02632,0.00513,5.1339,False
chat,3:en explain,23,24,23,0.00961,0.00211,4.55183,False
chat,3:en explain,23,49,20,0.00835,0.00241,3.46335,False
chat,3:en explain,23,52,31,0.01295,0.00354,3.65494,False
chat,3:en explain,23,78,29,0.01211,0.00362,3.3479,False
chat,3:en explain,23,89,25,0.01044,0.00234,4.46883,False
chat,3:en explain,23,103,50,0.02089,0.00136,15.39265,False
chat,3:en explain,23,111,25,0.01044,0.00121,8.65836,False
chat,3:en explain,23,119,35,0.01462,0.00392,3.72976,False
chat,3:en explain,23,144,32,0.01337,0.00234,5.72011,False
chat,3:en explain,23,163,42,0.01754,0.00339,5.17193,False
chat,3:en explain,23,167,34,0.0142,0.00249,5.70927,False
chat,3:en explain,23,170,24,0.01003,0.00264,3.79979,False
chat,3:en explain,23,177,192,0.0802,0.02405,3.33523,False
chat,3:en explain,23,216,39,0.01629,0.00317,5.14554,False
chat,3:en explain,23,222,22,0.00919,0.00234,3.93257,False
chat,3:en explain,23,231,28,0.0117,0.00369,3.16649,False
chat,3:en explain,23,237,100,0.04177,0.0058,7.19656,False
chat,3:en explain,23,249,61,0.02548,0.00075,33.80226,False
chat,3:en explain,23,264,26,0.01086,0.00347,3.13207,False
chat,3:en explain,23,269,31,0.01295,0.00354,3.65494,False
chat,3:en explain,23,284,37,0.01546,0.00204,7.59371,False
chat,3:en explain,23,323,28,0.0117,0.00294,3.97841,False
chat,3:en explain,23,325,21,0.00877,0.00158,5.54135,False
chat,3:en explain,23,331,39,0.01629,0.00377,4.32226,False
chat,3:en explain,23,343,33,0.01378,0.00377,3.65729,False
chat,3:en explain,23,365,27,0.01128,0.00256,4.40049,False
chat,3:en explain,24,0,20,0.00835,0.00249,3.3584,False
chat,3:en explain,24,4,30,0.01253,0.00271,4.61779,False
chat,3:en explain,24,22,41,0.01713,0.00249,6.88471,False
chat,3:en explain,24,30,38,0.01587,0.00437,3.63054,False
chat,3:en explain,24,111,322,0.1345,0.00784,17.15688,False
chat,3:en explain,24,128,221,0.09231,0.01191,7.75088,False
chat,3:en explain,24,137,23,0.00961,0.0009,10.62093,False
chat,3:en explain,24,156,121,0.05054,0.01161,4.35392,False
chat,3:en explain,24,177,52,0.02172,0.00181,12.00627,False
chat,3:en explain,24,188,66,0.02757,0.00113,24.38195,False
chat,3:en explain,24,203,22,0.00919,0.00234,3.93257,False
chat,3:en explain,24,260,113,0.0472,0.01183,3.98836,False
chat,3:en explain,24,261,27,0.01128,0.00309,3.64918,False
chat,3:en explain,24,267,114,0.04762,0.01387,3.43323,False
chat,3:en explain,24,272,23,0.00961,0.00294,3.26798,False
chat,3:en explain,24,295,21,0.00877,0.00226,3.87895,False
chat,3:en explain,24,312,102,0.04261,8e-05,565.21805,False
chat,3:en explain,24,323,31,0.01295,0.00271,4.77172,False
chat,3:en explain,24,340,62,0.0259,0.00482,5.36819,False
chat,3:en explain,24,375,20,0.00835,0.00211,3.95811,False
chat,3:en explain,25,25,20,0.00835,0.00015,55.41353,False
chat,3:en explain,25,36,29,0.01211,0.00309,3.91949,False
chat,3:en explain,25,69,377,0.15748,0.02344,6.71733,False
chat,3:en explain,25,71,34,0.0142,0.0003,47.1015,False
chat,3:en explain,25,73,105,0.04386,0.00226,19.39474,False
chat,3:en explain,25,74,46,0.01921,0.00053,36.41461,False
chat,3:en explain,25,157,39,0.01629,0.00384,4.23751,False
chat,3:en explain,25,181,44,0.01838,0.00452,4.06366,False
chat,3:en explain,25,264,100,0.04177,0.01327,3.1485,False
chat,3:en explain,25,275,354,0.14787,0.04749,3.11371,False
chat,3:en explain,25,277,35,0.01462,0.00173,8.43249,False
chat,3:en explain,25,282,210,0.08772,0.01455,6.02945,False
chat,3:en explain,25,322,68,0.0284,0.00392,7.24639,False
chat,3:en explain,25,330,32,0.01337,0.00188,7.09293,False
chat,3:en explain,25,338,108,0.04511,0.00445,10.14349,False
chat,3:en explain,25,361,46,0.01921,0.00241,7.9657,False
chat,3:en explain,26,24,24,0.01003,0.00128,7.82309,False
chat,3:en explain,26,33,40,0.01671,0.0003,55.41353,False
chat,3:en explain,26,50,73,0.03049,0.00113,26.96792,False
chat,3:en explain,26,98,24,0.01003,0.00113,8.86617,False
chat,3:en explain,26,109,28,0.0117,0.00211,5.54135,False
chat,3:en explain,26,146,29,0.01211,0.00332,3.65226,False
chat,3:en explain,26,156,172,0.07185,0.0098,7.33164,False
chat,3:en explain,26,182,93,0.03885,0.00362,10.73637,False
chat,3:en explain,26,226,34,0.0142,0.00015,94.20301,False
chat,3:en explain,26,278,209,0.0873,0.00173,50.35404,False
chat,3:en explain,26,289,50,0.02089,0.00663,3.1485,False
chat,3:en explain,26,294,142,0.05931,0.00761,7.79081,False
chat,3:en explain,26,300,145,0.06057,0.01055,5.73926,False
chat,3:en explain,26,314,382,0.15957,0.03475,4.59175,False
chat,3:en explain,26,350,35,0.01462,0.00452,3.23246,False
chat,3:en explain,26,358,75,0.03133,0.00347,9.03482,False
chat,3:en explain,27,14,23,0.00961,0.00294,3.26798,False
chat,3:en explain,27,58,29,0.01211,0.00369,3.27958,False
chat,3:en explain,27,74,20,0.00835,0.0,110.82707,True
chat,3:en explain,27,109,22,0.00919,0.00302,3.04774,False
chat,3:en explain,27,134,98,0.04094,0.00573,7.14543,False
chat,3:en explain,27,162,43,0.01796,0.00565,3.17704,False
chat,3:en explain,27,172,21,0.00877,0.00075,11.63684,False
chat,3:en explain,27,183,20,0.00835,0.00256,3.25962,False
chat,3:en explain,27,193,180,0.07519,0.01922,3.91154,False
chat,3:en explain,27,200,62,0.0259,0.00294,8.80933,False
chat,3:en explain,27,213,309,0.12907,0.01621,7.96408,False
chat,3:en explain,27,224,31,0.01295,0.00219,5.92352,False
chat,3:en explain,27,227,189,0.07895,0.0141,5.60062,False
chat,3:en explain,27,261,20,0.00835,0.00249,3.3584,False
chat,3:en explain,27,277,38,0.01587,0.00513,3.09664,False
chat,3:en explain,27,286,139,0.05806,0.00302,19.2562,False
chat,3:en explain,27,358,36,0.01504,0.00347,4.33671,False
chat,3:en explain,27,365,31,0.01295,0.00302,4.29455,False
chat,3:en explain,27,375,22,0.00919,0.00188,4.87639,False
chat,3:en explain,27,381,174,0.07268,0.0141,5.15613,False
chat,3:en explain,28,6,40,0.01671,0.0,221.65414,True
chat,3:en explain,28,14,99,0.04135,0.0107,3.86334,False
chat,3:en explain,28,26,51,0.0213,0.00437,4.87257,False
chat,3:en explain,28,54,315,0.13158,0.01787,7.36509,False
chat,3:en explain,28,66,98,0.04094,0.00286,14.29086,False
chat,3:en explain,28,128,23,0.00961,0.00286,3.35398,False
chat,3:en explain,28,146,49,0.02047,0.00384,5.32405,False
chat,3:en explain,28,174,279,0.11654,0.02684,4.3428,False
chat,3:en explain,28,186,247,0.10317,0.01176,8.77381,False
chat,3:en explain,28,188,28,0.0117,0.00211,5.54135,False
chat,3:en explain,28,196,101,0.04219,0.00384,10.97405,False
chat,3:en explain,28,314,49,0.02047,8e-05,271.52632,False
chat,3:en explain,28,356,42,0.01754,0.00513,3.4226,False
chat,3:en explain,28,363,166,0.06934,0.01281,5.41097,False
chat,3:en explain,28,366,71,0.02966,0.00415,7.15338,False
chat,3:en explain,29,7,31,0.01295,0.00173,7.46878,False
chat,3:en explain,29,15,79,0.033,0.00505,6.53383,False
chat,3:en explain,29,18,30,0.01253,0.00188,6.64962,False
chat,3:en explain,29,27,32,0.01337,0.0043,3.11094,False
chat,3:en explain,29,72,114,0.04762,0.00867,5.49317,False
chat,3:en explain,29,78,20,0.00835,0.00264,3.16649,False
chat,3:en explain,29,112,36,0.01504,0.00498,3.02256,False
chat,3:en explain,29,118,121,0.05054,0.00791,6.38575,False
chat,3:en explain,29,149,36,0.01504,0.0046,3.27031,False
chat,3:en explain,29,196,150,0.06266,0.01206,5.19502,False
chat,3:en explain,29,199,70,0.02924,0.00716,4.0831,False
chat,3:en explain,29,220,26,0.01086,0.00309,3.51403,False
chat,3:en explain,29,239,32,0.01337,0.00324,4.1238,False
chat,3:en explain,29,250,136,0.05681,0.01183,4.80015,False
chat,3:en explain,29,266,60,0.02506,0.0043,5.833,False
chat,3:en explain,29,284,218,0.09106,0.01832,4.97126,False
chat,3:en explain,29,287,88,0.03676,0.00317,11.61045,False
chat,3:en explain,29,295,98,0.04094,0.00867,4.7222,False
chat,3:en explain,29,321,104,0.04344,0.00603,7.20376,False
chat,3:en explain,29,323,56,0.02339,0.00098,23.87045,False
chat,3:en explain,30,6,40,0.01671,0.00528,3.16649,False
chat,3:en explain,30,19,22,0.00919,0.00204,4.51518,False
chat,3:en explain,30,31,38,0.01587,0.00173,9.15528,False
chat,3:en explain,30,53,26,0.01086,0.00204,5.33612,False
chat,3:en explain,30,121,320,0.13367,0.02352,5.68344,False
chat,3:en explain,30,135,128,0.05347,0.00475,11.25862,False
chat,3:en explain,30,168,33,0.01378,0.00384,3.58558,False
chat,3:en explain,30,174,83,0.03467,0.0043,8.06899,False
chat,3:en explain,30,203,27,0.01128,0.00302,3.74041,False
chat,3:en explain,30,231,24,0.01003,0.00151,6.64962,False
chat,3:en explain,30,239,200,0.08354,0.0107,7.80472,False
chat,3:en explain,30,240,39,0.01629,0.00467,3.48569,False
chat,3:en explain,30,256,33,0.01378,0.00256,5.37837,False
chat,3:en explain,30,273,44,0.01838,0.0055,3.33999,False
chat,3:en explain,30,279,35,0.01462,0.00377,3.87895,False
chat,3:en explain,30,332,27,0.01128,0.00226,4.98722,False
chat,3:en explain,30,333,41,0.01713,0.00354,4.83395,False
chat,3:en explain,30,335,41,0.01713,0.00309,5.54135,False
chat,3:en explain,30,336,76,0.03175,0.0092,3.45199,False
chat,3:en explain,30,340,149,0.06224,0.0098,6.35124,False
chat,3:en explain,30,373,23,0.00961,0.0006,15.93139,False
chat,3:en explain,31,44,258,0.10777,0.00686,15.71065,False
chat,3:en explain,31,71,46,0.01921,0.00324,5.92796,False
chat,3:en explain,31,90,41,0.01713,0.00498,3.44236,False
chat,3:en explain,31,93,49,0.02047,0.00226,9.05088,False
chat,3:en explain,31,103,129,0.05388,0.01289,4.18032,False
chat,3:en explain,31,158,23,0.00961,0.00249,3.86216,False
chat,3:en explain,31,163,115,0.04804,0.00709,6.77932,False
chat,3:en explain,31,224,204,0.08521,0.00739,11.53506,False
chat,3:en explain,31,282,246,0.10276,0.01191,8.62768,False
chat,3:en explain,31,284,70,0.02924,0.0043,6.80517,False
chat,3:en explain,31,327,38,0.01587,0.00294,5.39927,False
chat,3:en explain,31,347,36,0.01504,0.004,3.76394,False
chat,3:en explain,31,366,69,0.02882,0.00354,8.13518,False
chat,3:en explain,31,369,21,0.00877,0.00098,8.95142,False
chat,3:en explain,32,2,161,0.06725,0.00475,14.16124,False
chat,3:en explain,32,22,81,0.03383,0.004,8.46886,False
chat,3:en explain,32,36,20,0.00835,0.00241,3.46335,False
chat,3:en explain,32,67,27,0.01128,0.00317,3.5623,False
chat,3:en explain,32,69,39,0.01629,0.00482,3.37676,False
chat,3:en explain,32,110,90,0.03759,0.01123,3.34713,False
chat,3:en explain,32,135,61,0.02548,0.00392,6.50043,False
chat,3:en explain,32,138,61,0.02548,0.0052,4.89888,False
chat,3:en explain,32,187,77,0.03216,0.00415,7.75789,False
chat,3:en explain,32,192,39,0.01629,0.00392,4.15602,False
chat,3:en explain,32,204,52,0.02172,0.0046,4.72378,False
chat,3:en explain,32,214,59,0.02464,0.00068,36.32665,False
chat,3:en explain,32,237,52,0.02172,0.00596,3.64747,False
chat,3:en explain,32,238,20,0.00835,0.00188,4.43308,False
chat,3:en explain,32,243,46,0.01921,0.00392,4.90197,False
chat,3:en explain,32,247,26,0.01086,0.00173,6.26414,False
chat,3:en explain,32,255,21,0.00877,0.0,116.36842,True
chat,3:en explain,32,291,194,0.08104,0.01229,6.59523,False
chat,3:en explain,32,299,34,0.0142,0.00339,4.1868,False
chat,3:en explain,32,325,35,0.01462,0.00452,3.23246,False
chat,3:en explain,32,327,72,0.03008,0.0,398.97744,True
chat,3:en explain,32,353,54,0.02256,0.00731,3.08488,False
chat,3:en explain,33,1,36,0.01504,0.00415,3.62707,False
chat,3:en explain,33,34,24,0.01003,0.00332,3.02256,False
chat,3:en explain,33,58,32,0.01337,0.00068,19.70259,False
chat,3:en explain,33,63,367,0.1533,0.02895,5.29603,False
chat,3:en explain,33,101,51,0.0213,0.0049,4.34783,False
chat,3:en explain,33,106,34,0.0142,0.0006,23.55075,False
chat,3:en explain,33,126,22,0.00919,0.00271,3.38638,False
chat,3:en explain,33,127,21,0.00877,0.00234,3.75382,False
chat,3:en explain,33,133,25,0.01044,0.00294,3.55215,False
chat,3:en explain,33,148,50,0.02089,0.0003,69.26692,False
chat,3:en explain,33,181,25,0.01044,0.00317,3.29842,False
chat,3:en explain,33,186,70,0.02924,0.00641,4.56347,False
chat,3:en explain,33,193,39,0.01629,0.00075,21.61128,False
chat,3:en explain,33,194,25,0.01044,0.00324,3.22172,False
chat,3:en explain,33,204,40,0.01671,0.00317,5.27748,False
chat,3:en explain,33,212,102,0.04261,0.01176,3.62319,False
chat,3:en explain,33,213,41,0.01713,0.00369,4.63664,False
chat,3:en explain,33,226,92,0.03843,0.00467,8.22265,False
chat,3:en explain,33,231,208,0.08688,0.01349,6.43911,False
chat,3:en explain,33,232,52,0.02172,0.00279,7.78785,False
chat,3:en explain,33,241,44,0.01838,0.00339,5.41821,False
chat,3:en explain,33,281,51,0.0213,0.00596,3.57733,False
chat,3:en explain,33,312,20,0.00835,0.00188,4.43308,False
chat,3:en explain,33,351,43,0.01796,0.0058,3.09452,False
chat,3:en explain,34,10,34,0.0142,0.00015,94.20301,False
chat,3:en explain,34,18,20,0.00835,0.00271,3.07853,False
chat,3:en explain,34,26,311,0.12991,0.01983,6.5527,False
chat,3:en explain,34,37,60,0.02506,0.00709,3.53703,False
chat,3:en explain,34,52,35,0.01462,0.00392,3.72976,False
chat,3:en explain,34,93,242,0.10109,0.01334,7.57631,False
chat,3:en explain,34,121,72,0.03008,0.00475,6.33298,False
chat,3:en explain,34,130,124,0.0518,0.00882,5.87289,False
chat,3:en explain,34,200,22,0.00919,0.00204,4.51518,False
chat,3:en explain,34,210,33,0.01378,0.00241,5.71452,False
chat,3:en explain,34,223,49,0.02047,0.0055,3.71954,False
chat,3:en explain,34,244,113,0.0472,0.00633,7.45444,False
chat,3:en explain,34,253,28,0.0117,0.00317,3.69424,False
chat,3:en explain,34,269,35,0.01462,0.00407,3.59162,False
chat,3:en explain,34,277,31,0.01295,0.00181,7.15758,False
chat,3:en explain,34,302,83,0.03467,0.00256,13.52742,False
chat,3:en explain,34,342,51,0.0213,0.00648,3.28615,False
chat,3:en explain,34,366,33,0.01378,0.00445,3.0994,False
chat,3:en explain,34,381,31,0.01295,0.00279,4.64276,False
chat,3:en explain,35,7,87,0.03634,0.00603,6.02622,False
chat,3:en explain,35,21,26,0.01086,0.00128,8.47501,False
chat,3:en explain,35,42,28,0.0117,0.00347,3.373,False
chat,3:en explain,35,72,32,0.01337,0.00294,4.54675,False
chat,3:en explain,35,97,124,0.0518,0.0104,4.97919,False
chat,3:en explain,35,120,77,0.03216,0.00219,14.71325,False
chat,3:en explain,35,145,25,0.01044,0.00219,4.77703,False
chat,3:en explain,35,149,41,0.01713,0.00302,5.67989,False
chat,3:en explain,35,160,50,0.02089,0.00256,8.14905,False
chat,3:en explain,35,181,156,0.06516,0.00068,96.05013,False
chat,3:en explain,35,188,37,0.01546,0.00098,15.77154,False
chat,3:en explain,35,198,30,0.01253,0.00264,4.74973,False
chat,3:en explain,35,240,41,0.01713,0.00339,5.04879,False
chat,3:en explain,35,249,66,0.02757,0.0052,5.30042,False
chat,3:en explain,35,283,95,0.03968,0.00565,7.01905,False
chat,3:en explain,35,294,83,0.03467,0.00573,6.05174,False
chat,3:en explain,35,336,30,0.01253,0.00415,3.02256,False
chat,3:en explain,35,341,39,0.01629,0.0049,3.32481,False
chat,3:en explain,35,349,97,0.04052,0.01342,3.01973,False
chat,3:en explain,35,354,23,0.00961,0.00211,4.55183,False
chat,3:en explain,35,360,38,0.01587,0.004,3.97305,False
chat,3:en explain,35,379,32,0.01337,0.00121,11.08271,False
chat,3:en explain,36,2,370,0.15455,0.03189,4.84705,False
chat,3:en explain,36,60,43,0.01796,0.004,4.49582,False
chat,3:en explain,36,73,27,0.01128,0.00173,6.50507,False
chat,3:en explain,36,97,65,0.02715,0.00317,8.5759,False
chat,3:en explain,36,104,30,0.01253,0.00271,4.61779,False
chat,3:en explain,36,127,26,0.01086,0.00294,3.69424,False
chat,3:en explain,36,151,167,0.06976,0.00678,10.28229,False
chat,3:en explain,36,194,31,0.01295,0.00309,4.1898,False
chat,3:en explain,36,208,21,0.00877,0.00173,5.0595,False
chat,3:en explain,36,209,31,0.01295,0.00128,10.10482,False
chat,3:en explain,36,243,118,0.04929,0.004,12.33735,False
chat,3:en explain,36,271,20,0.00835,0.00241,3.46335,False
chat,3:en explain,36,295,45,0.0188,0.004,4.70492,False
chat,3:en explain,36,338,38,0.01587,0.00354,4.48024,False
chat,3:en explain,36,366,29,0.01211,0.00302,4.01748,False
chat,3:en explain,37,24,45,0.0188,0.00309,6.08197,False
chat,3:en explain,37,75,35,0.01462,0.00045,32.32456,False
chat,3:en explain,37,120,39,0.01629,0.00332,4.91165,False
chat,3:en explain,37,126,35,0.01462,0.00309,4.73042,False
chat,3:en explain,37,164,73,0.03049,0.00935,3.26225,False
chat,3:en explain,37,180,41,0.01713,0.00324,5.28362,False
chat,3:en explain,37,198,40,0.01671,0.00452,3.69424,False
chat,3:en explain,37,199,116,0.04845,0.00475,10.20313,False
chat,3:en explain,37,205,30,0.01253,0.00173,7.22785,False
chat,3:en explain,37,244,127,0.05305,0.00829,6.39774,False
chat,3:en explain,37,262,43,0.01796,0.00415,4.33233,False
chat,3:en explain,37,276,20,0.00835,0.00249,3.3584,False
chat,3:en explain,37,293,180,0.07519,0.00935,8.0439,False
chat,3:en explain,37,296,33,0.01378,0.00286,4.81223,False
chat,3:en explain,37,307,30,0.01253,0.00294,4.26258,False
chat,3:en explain,37,332,20,0.00835,0.00121,6.92669,False
chat,3:en explain,37,362,103,0.04302,0.00935,4.6029,False
chat,3:en explain,37,375,21,0.00877,0.00271,3.23246,False
chat,3:en explain,37,378,200,0.08354,0.01651,5.0606,False
chat,3:en explain,38,50,31,0.01295,0.00256,5.05241,False
chat,3:en explain,38,68,29,0.01211,0.00332,3.65226,False
chat,3:en explain,38,78,212,0.08855,0.01349,6.56294,False
chat,3:en explain,38,87,58,0.02423,0.00648,3.73719,False
chat,3:en explain,38,89,26,0.01086,0.00294,3.69424,False
chat,3:en explain,38,101,23,0.00961,0.00241,3.98285,False
chat,3:en explain,38,119,41,0.01713,0.00294,5.82553,False
chat,3:en explain,38,126,22,0.00919,0.00226,4.06366,False
chat,3:en explain,38,145,28,0.0117,0.00271,4.30994,False
chat,3:en explain,38,149,138,0.05764,0.01553,3.71217,False
chat,3:en explain,38,155,33,0.01378,0.00377,3.65729,False
chat,3:en explain,38,167,147,0.0614,0.00784,7.83249,False
chat,3:en explain,38,175,48,0.02005,0.0003,66.49624,False
chat,3:en explain,38,204,45,0.0188,0.0046,4.08788,False
chat,3:en explain,38,213,61,0.02548,0.00475,5.36544,False
chat,3:en explain,38,232,49,0.02047,0.00362,5.6568,False
chat,3:en explain,38,237,24,0.01003,0.00279,3.59439,False
chat,3:en explain,38,241,22,0.00919,0.00128,7.17116,False
chat,3:en explain,38,245,27,0.01128,0.00271,4.15602,False
chat,3:en explain,38,255,29,0.01211,0.00234,5.18385,False
chat,3:en explain,38,256,28,0.0117,0.00083,14.10526,False
chat,3:en explain,38,262,56,0.02339,0.0043,5.44414,False
chat,3:en explain,38,347,44,0.01838,0.00437,4.20379,False
chat,3:en explain,39,2,55,0.02297,0.00618,3.71676,False
chat,3:en explain,39,9,58,0.02423,0.00528,4.59141,False
chat,3:en explain,39,15,29,0.01211,0.00302,4.01748,False
chat,3:en explain,39,25,25,0.01044,0.00347,3.01161,False
chat,3:en explain,39,33,21,0.00877,0.00279,3.14509,False
chat,3:en explain,39,42,67,0.02799,0.0092,3.0432,False
chat,3:en explain,39,59,58,0.02423,0.00528,4.59141,False
chat,3:en explain,39,65,29,0.01211,0.00384,3.15097,False
chat,3:en explain,39,68,40,0.01671,0.00204,8.20941,False
chat,3:en explain,39,99,32,0.01337,0.0043,3.11094,False
chat,3:en explain,39,101,25,0.01044,0.00286,3.64563,False
chat,3:en explain,39,118,20,0.00835,0.00249,3.3584,False
chat,3:en explain,39,127,41,0.01713,0.00467,3.66444,False
chat,3:en explain,39,163,233,0.09733,0.01349,7.21305,False
chat,3:en explain,39,164,32,0.01337,0.00407,3.28376,False
chat,3:en explain,39,166,20,0.00835,0.00188,4.43308,False
chat,3:en explain,39,176,32,0.01337,0.00369,3.61884,False
chat,3:en explain,39,291,177,0.07393,0.01681,4.39829,False
chat,3:en explain,39,329,71,0.02966,0.00829,3.57669,False
chat,3:en explain,39,332,20,0.00835,0.00264,3.16649,False
chat,3:en explain,39,333,49,0.02047,0.00121,16.97039,False
chat,3:en explain,39,335,41,0.01713,0.00332,5.16353,False
chat,3:en explain,39,372,37,0.01546,0.004,3.86849,False
chat,4:en follow-up,0,41,26,0.0135,0.00364,3.70804,False
chat,4:en follow-up,0,85,41,0.02129,0.00619,3.43958,False
chat,4:en follow-up,0,97,67,0.03479,0.00619,5.62078,False
chat,4:en follow-up,0,126,23,0.01194,0.0032,3.72749,False
chat,4:en follow-up,0,128,31,0.0161,0.00299,5.39161,False
chat,4:en follow-up,0,142,26,0.0135,0.004,3.37094,False
chat,4:en follow-up,0,180,24,0.01246,0.00277,4.50369,False
chat,4:en follow-up,0,201,22,0.01142,0.00233,4.90245,False
chat,4:en follow-up,0,242,24,0.01246,0.00291,4.2785,False
chat,4:en follow-up,0,274,33,0.01713,0.00306,5.6028,False
chat,4:en follow-up,0,353,43,0.02233,0.00684,3.26198,False
chat,4:en follow-up,0,379,27,0.01402,0.00255,5.50093,False
chat,4:en follow-up,1,56,21,0.0109,0.00189,5.75953,False
chat,4:en follow-up,1,62,30,0.01558,0.00313,4.97501,False
chat,4:en follow-up,1,82,42,0.02181,0.004,5.44537,False
chat,4:en follow-up,1,89,40,0.02077,0.00532,3.90731,False
chat,4:en follow-up,1,117,44,0.02285,0.00524,4.35774,False
chat,4:en follow-up,1,128,70,0.03634,0.00947,3.83968,False
chat,4:en follow-up,1,151,27,0.01402,0.00291,4.81332,False
chat,4:en follow-up,1,164,25,0.01298,0.00284,4.57105,False
chat,4:en follow-up,1,184,21,0.0109,0.00218,4.99159,False
chat,4:en follow-up,1,192,23,0.01194,0.00306,3.90498,False
chat,4:en follow-up,1,194,28,0.01454,0.00357,4.07477,False
chat,4:en follow-up,1,244,22,0.01142,0.00284,4.02253,False
chat,4:en follow-up,1,258,24,0.01246,0.00226,5.52065,False
chat,4:en follow-up,1,337,27,0.01402,0.00357,3.92924,False
chat,4:en follow-up,1,370,45,0.02336,0.00481,4.86194,False
chat,4:en follow-up,2,10,25,0.01298,0.00182,7.13084,False
chat,4:en follow-up,2,15,20,0.01038,0.00269,3.85451,False
chat,4:en follow-up,2,76,24,0.01246,0.00146,8.55701,False
chat,4:en follow-up,2,87,32,0.01661,0.00495,3.35569,False
chat,4:en follow-up,2,124,43,0.02233,0.00488,4.57651,False
chat,4:en follow-up,2,133,29,0.01506,0.00051,29.54206,False
chat,4:en follow-up,2,136,38,0.01973,0.00299,6.60907,False
chat,4:en follow-up,2,142,36,0.01869,0.00248,7.5503,False
chat,4:en follow-up,2,233,28,0.01454,0.00481,3.02521,False
chat,4:en follow-up,2,246,25,0.01298,0.00306,4.24455,False
chat,4:en follow-up,2,260,24,0.01246,0.00189,6.58231,False
chat,4:en follow-up,2,279,24,0.01246,0.00255,4.88972,False
chat,4:en follow-up,2,306,28,0.01454,0.00299,4.86984,False
chat,4:en follow-up,2,357,26,0.0135,0.00291,4.63505,False
chat,4:en follow-up,3,25,101,0.05244,0.00874,6.00179,False
chat,4:en follow-up,3,56,24,0.01246,0.00299,4.17415,False
chat,4:en follow-up,3,62,33,0.01713,0.00291,5.88294,False
chat,4:en follow-up,3,80,20,0.01038,0.00167,6.20073,False
chat,4:en follow-up,3,92,28,0.01454,0.00291,4.99159,False
chat,4:en follow-up,3,111,23,0.01194,0.00015,82.00467,False
chat,4:en follow-up,3,143,22,0.01142,0.00291,3.92196,False
chat,4:en follow-up,3,150,31,0.0161,0.00277,5.81727,False
chat,4:en follow-up,3,225,137,0.07113,0.02002,3.55246,False
chat,4:en follow-up,3,240,28,0.01454,0.00306,4.75389,False
chat,4:en follow-up,3,246,40,0.02077,0.00568,3.65684,False
chat,4:en follow-up,3,254,22,0.01142,0.00299,3.8263,False
chat,4:en follow-up,3,258,28,0.01454,0.00349,4.15966,False
chat,4:en follow-up,3,277,79,0.04102,0.00932,4.40107,False
chat,4:en follow-up,3,281,50,0.02596,0.00633,4.09818,False
chat,4:en follow-up,3,283,23,0.01194,0.00262,4.55582,False
chat,4:en follow-up,3,302,22,0.01142,0.00269,4.23996,False
chat,4:en follow-up,4,8,29,0.01506,0.00299,5.04377,False
chat,4:en follow-up,4,17,33,0.01713,0.00328,5.22928,False
chat,4:en follow-up,4,18,24,0.01246,0.00386,3.22906,False
chat,4:en follow-up,4,35,28,0.01454,0.00299,4.86984,False
chat,4:en follow-up,4,83,40,0.02077,0.00335,6.20073,False
chat,4:en follow-up,4,144,21,0.0109,0.00291,3.74369,False
chat,4:en follow-up,4,219,29,0.01506,0.00473,3.18145,False
chat,4:en follow-up,4,254,23,0.01194,0.0032,3.72749,False
chat,4:en follow-up,4,279,55,0.02856,0.00815,3.50175,False
chat,4:en follow-up,4,311,27,0.01402,0.00328,4.2785,False
chat,4:en follow-up,4,320,31,0.0161,0.00102,15.78972,False
chat,4:en follow-up,4,342,25,0.01298,0.00393,3.30132,False
chat,4:en follow-up,4,350,26,0.0135,0.00408,3.31075,False
chat,4:en follow-up,4,360,23,0.01194,0.0032,3.72749,False
chat,4:en follow-up,4,368,21,0.0109,0.00342,3.18612,False
chat,4:en follow-up,4,379,25,0.01298,0.00211,6.14728,False
chat,4:en follow-up,4,383,37,0.01921,0.00495,3.88002,False
chat,4:en follow-up,5,1,22,0.01142,0.0032,3.56542,False
chat,4:en follow-up,5,9,48,0.02492,0.00575,4.33266,False
chat,4:en follow-up,5,54,31,0.0161,0.00357,4.51135,False
chat,4:en follow-up,5,58,24,0.01246,0.00342,3.64128,False
chat,4:en follow-up,5,63,23,0.01194,0.00131,9.11163,False
chat,4:en follow-up,5,121,42,0.02181,0.00473,4.60762,False
chat,4:en follow-up,5,127,23,0.01194,0.00379,3.15403,False
chat,4:en follow-up,5,139,47,0.0244,0.00517,4.72042,False
chat,4:en follow-up,5,140,22,0.01142,0.00364,3.13757,False
chat,4:en follow-up,5,144,39,0.02025,0.00226,8.97106,False
chat,4:en follow-up,5,156,43,0.02233,0.00532,4.20036,False
chat,4:en follow-up,5,157,41,0.02129,0.00262,8.12124,False
chat,4:en follow-up,5,207,118,0.06127,0.01493,4.10458,False
chat,4:en follow-up,5,219,56,0.02908,0.00757,3.83968,False
chat,4:en follow-up,5,239,74,0.03842,0.00961,3.99759,False
chat,4:en follow-up,5,288,31,0.0161,0.00299,5.39161,False
chat,4:en follow-up,5,371,156,0.081,0.02483,3.2622,False
chat,4:en follow-up,6,22,27,0.01402,0.00393,3.56542,False
chat,4:en follow-up,6,76,112,0.05815,0.01704,3.41305,False
chat,4:en follow-up,6,77,30,0.01558,0.00517,3.01303,False
chat,4:en follow-up,6,124,22,0.01142,0.00291,3.92196,False
chat,4:en follow-up,6,145,92,0.04777,0.01536,3.10918,False
chat,4:en follow-up,6,146,27,0.01402,0.00255,5.50093,False
chat,4:en follow-up,6,149,123,0.06386,0.01471,4.34205,False
chat,4:en follow-up,6,183,93,0.04829,0.00663,7.28756,False
chat,4:en follow-up,6,191,40,0.02077,0.00459,4.52752,False
chat,4:en follow-up,6,277,76,0.03946,0.00473,8.3376,False
chat,4:en follow-up,6,282,24,0.01246,0.00328,3.80312,False
chat,4:en follow-up,6,291,48,0.02492,0.00269,9.25082,False
chat,4:en follow-up,7,7,35,0.01817,0.00546,3.32773,False
chat,4:en follow-up,7,80,158,0.08204,0.02097,3.91206,False
chat,4:en follow-up,7,106,24,0.01246,0.00349,3.56542,False
chat,4:en follow-up,7,124,28,0.01454,0.00197,7.39495,False
chat,4:en follow-up,7,168,146,0.0758,0.01245,6.08832,False
chat,4:en follow-up,7,178,90,0.04673,0.01325,3.52624,False
chat,4:en follow-up,7,261,80,0.04154,0.00291,14.26168,False
chat,4:en follow-up,7,296,36,0.01869,0.00262,7.13084,False
chat,4:en follow-up,7,297,113,0.05867,0.00837,7.00683,False
chat,4:en follow-up,7,311,23,0.01194,0.00218,5.46698,False
chat,4:en follow-up,7,312,75,0.03894,0.0067,5.81319,False
chat,4:en follow-up,7,368,21,0.0109,0.0,149.74766,True
chat,4:en follow-up,8,9,227,0.11786,0.01973,5.97307,False
chat,4:en follow-up,8,24,20,0.01038,0.00335,3.10037,False
chat,4:en follow-up,8,41,23,0.01194,0.00379,3.15403,False
chat,4:en follow-up,8,45,56,0.02908,0.00917,3.16926,False
chat,4:en follow-up,8,87,56,0.02908,0.00379,7.67937,False
chat,4:en follow-up,8,102,25,0.01298,0.00342,3.793,False
chat,4:en follow-up,8,129,20,0.01038,0.00335,3.10037,False
chat,4:en follow-up,8,134,27,0.01402,0.0032,4.37574,False
chat,4:en follow-up,8,165,21,0.0109,0.00182,5.98991,False
chat,4:en follow-up,8,188,23,0.01194,0.0032,3.72749,False
chat,4:en follow-up,8,191,23,0.01194,0.00204,5.85748,False
chat,4:en follow-up,8,204,44,0.02285,0.00167,13.64161,False
chat,4:en follow-up,8,232,25,0.01298,0.00422,3.07364,False
chat,4:en follow-up,8,249,131,0.06802,0.01456,4.6707,False
chat,4:en follow-up,8,295,21,0.0109,0.00197,5.54621,False
chat,4:en follow-up,8,327,124,0.06438,0.01951,3.29934,False
chat,4:en follow-up,8,333,26,0.0135,0.0043,3.1424,False
chat,4:en follow-up,8,343,56,0.02908,0.00604,4.81117,False
chat,4:en follow-up,9,8,56,0.02908,0.0091,3.19462,False
chat,4:en follow-up,9,20,23,0.01194,0.00291,4.10023,False
chat,4:en follow-up,9,50,39,0.02025,0.00459,4.41433,False
chat,4:en follow-up,9,152,140,0.07269,0.01951,3.72507,False
chat,4:en follow-up,9,162,277,0.14382,0.02548,5.64355,False
chat,4:en follow-up,9,184,39,0.02025,0.00386,5.24722,False
chat,4:en follow-up,9,201,27,0.01402,0.00299,4.69592,False
chat,4:en follow-up,9,216,52,0.027,0.00888,3.03937,False
chat,4:en follow-up,9,229,45,0.02336,0.0032,7.29291,False
chat,4:en follow-up,9,271,42,0.02181,0.00349,6.23949,False
chat,4:en follow-up,9,274,30,0.01558,0.0016,9.72387,False
chat,4:en follow-up,9,301,111,0.05763,0.0099,5.82002,False
chat,4:en follow-up,9,324,32,0.01661,0.00262,6.33853,False
chat,4:en follow-up,9,342,27,0.01402,0.00197,7.13084,False
chat,4:en follow-up,9,343,49,0.02544,0.00488,5.21509,False
chat,4:en follow-up,10,11,34,0.01765,0.00087,20.20405,False
chat,4:en follow-up,10,19,22,0.01142,0.00291,3.92196,False
chat,4:en follow-up,10,25,20,0.01038,0.00269,3.85451,False
chat,4:en follow-up,10,29,47,0.0244,0.00357,6.83979,False
chat,4:en follow-up,10,51,31,0.0161,0.00124,13.0033,False
chat,4:en follow-up,10,60,222,0.11526,0.00626,18.40752,False
chat,4:en follow-up,10,70,154,0.07996,0.00349,22.87812,False
chat,4:en follow-up,10,120,34,0.01765,0.00138,12.76045,False
chat,4:en follow-up,10,125,53,0.02752,0.00328,8.39855,False
chat,4:en follow-up,10,158,35,0.01817,0.00466,3.89968,False
chat,4:en follow-up,10,187,24,0.01246,0.00087,14.26168,False
chat,4:en follow-up,10,279,23,0.01194,0.00167,7.13084,False
chat,4:en follow-up,10,285,159,0.08255,0.02396,3.44621,False
chat,4:en follow-up,10,327,28,0.01454,0.00451,3.22038,False
chat,4:en follow-up,10,346,90,0.04673,0.00612,7.64019,False
chat,4:en follow-up,10,376,99,0.0514,0.00459,11.20561,False
chat,4:en follow-up,11,1,161,0.08359,0.02053,4.07115,False
chat,4:en follow-up,11,52,27,0.01402,0.00357,3.92924,False
chat,4:en follow-up,11,111,40,0.02077,0.00582,3.56542,False
chat,4:en follow-up,11,199,66,0.03427,0.00488,7.02441,False
chat,4:en follow-up,11,202,263,0.13655,0.02345,5.82426,False
chat,4:en follow-up,11,242,22,0.01142,0.00342,3.33784,False
chat,4:en follow-up,11,249,58,0.03011,0.00015,206.79439,False
chat,4:en follow-up,11,253,30,0.01558,0.00277,5.62961,False
chat,4:en follow-up,11,260,37,0.01921,0.00015,131.92056,False
chat,4:en follow-up,11,276,101,0.05244,0.00502,10.4379,False
chat,4:en follow-up,11,298,27,0.01402,0.00248,5.66273,False
chat,4:en follow-up,11,334,83,0.04309,0.01318,3.26994,False
chat,4:en follow-up,11,350,191,0.09917,0.02505,3.95928,False
chat,4:en follow-up,11,376,87,0.04517,0.00925,4.88491,False
chat,4:en follow-up,11,382,33,0.01713,0.00269,6.35994,False
chat,4:en follow-up,12,14,34,0.01765,0.00306,5.77259,False
chat,4:en follow-up,12,40,100,0.05192,0.00706,7.35138,False
chat,4:en follow-up,12,114,58,0.03011,0.00182,16.54355,False
chat,4:en follow-up,12,124,78,0.0405,0.0099,4.08975,False
chat,4:en follow-up,12,150,248,0.12876,0.03284,3.92117,False
chat,4:en follow-up,12,162,42,0.02181,0.00612,3.56542,False
chat,4:en follow-up,12,168,21,0.0109,0.00277,3.94073,False
chat,4:en follow-up,12,192,25,0.01298,0.00313,4.14584,False
chat,4:en follow-up,12,217,30,0.01558,0.00335,4.65055,False
chat,4:en follow-up,12,269,39,0.02025,0.00269,7.51629,False
chat,4:en follow-up,12,335,51,0.02648,0.00677,3.91046,False
chat,4:en follow-up,13,1,33,0.01713,0.00029,58.82944,False
chat,4:en follow-up,13,24,20,0.01038,0.00306,3.39564,False
chat,4:en follow-up,13,64,20,0.01038,0.00175,5.94237,False
chat,4:en follow-up,13,79,90,0.04673,0.01172,3.98618,False
chat,4:en follow-up,13,128,53,0.02752,0.00437,6.29891,False
chat,4:en follow-up,13,131,88,0.04569,0.00794,5.75701,False
chat,4:en follow-up,13,137,26,0.0135,0.00415,3.25266,False
chat,4:en follow-up,13,154,29,0.01506,0.00284,5.30242,False
chat,4:en follow-up,13,169,23,0.01194,0.0024,4.96998,False
chat,4:en follow-up,13,191,23,0.01194,0.00066,18.22326,False
chat,4:en follow-up,13,201,43,0.02233,0.00539,4.1436,False
chat,4:en follow-up,13,206,28,0.01454,0.004,3.63025,False
chat,4:en follow-up,13,207,29,0.01506,0.00204,7.38551,False
chat,4:en follow-up,13,232,23,0.01194,0.00342,3.48956,False
chat,4:en follow-up,13,269,20,0.01038,0.00051,20.37383,False
chat,4:en follow-up,13,281,27,0.01402,0.00444,3.15627,False
chat,4:en follow-up,13,286,20,0.01038,0.00291,3.56542,False
chat,4:en follow-up,13,295,21,0.0109,0.00291,3.74369,False
chat,4:en follow-up,13,309,30,0.01558,0.00233,6.68516,False
chat,4:en follow-up,13,344,27,0.01402,0.00211,6.63906,False
chat,4:en follow-up,13,359,80,0.04154,0.01143,3.63355,False
chat,4:en follow-up,13,369,33,0.01713,0.00269,6.35994,False
chat,4:en follow-up,14,6,20,0.01038,0.00306,3.39564,False
chat,4:en follow-up,14,21,24,0.01246,0.0016,7.7791,False
chat,4:en follow-up,14,29,35,0.01817,0.00299,6.0873,False
chat,4:en follow-up,14,45,73,0.0379,0.00233,16.26723,False
chat,4:en follow-up,14,51,23,0.01194,0.00277,4.31604,False
chat,4:en follow-up,14,63,30,0.01558,0.00386,4.03633,False
chat,4:en follow-up,14,85,61,0.03167,0.00269,11.75625,False
chat,4:en follow-up,14,102,23,0.01194,0.00051,23.42991,False
chat,4:en follow-up,14,109,33,0.01713,0.00379,4.52534,False
chat,4:en follow-up,14,147,66,0.03427,0.0051,6.72336,False
chat,4:en follow-up,14,153,27,0.01402,0.00197,7.13084,False
chat,4:en follow-up,14,167,40,0.02077,0.00233,8.91355,False
chat,4:en follow-up,14,174,69,0.03583,0.00612,5.85748,False
chat,4:en follow-up,14,188,22,0.01142,0.00131,8.71547,False
chat,4:en follow-up,14,197,32,0.01661,0.00306,5.43302,False
chat,4:en follow-up,14,243,131,0.06802,0.00335,20.3074,False
chat,4:en follow-up,14,276,59,0.03063,0.0099,3.09353,False
chat,4:en follow-up,14,282,56,0.02908,0.00699,4.15966,False
chat,4:en follow-up,15,23,49,0.02544,0.00182,13.97645,False
chat,4:en follow-up,15,45,23,0.01194,0.00204,5.85748,False
chat,4:en follow-up,15,67,25,0.01298,0.00291,4.45678,False
chat,4:en follow-up,15,79,23,0.01194,0.00371,3.21587,False
chat,4:en follow-up,15,123,41,0.02129,0.00655,3.24849,False
chat,4:en follow-up,15,126,25,0.01298,0.00335,3.87546,False
chat,4:en follow-up,15,138,25,0.01298,0.00189,6.85658,False
chat,4:en follow-up,15,197,30,0.01558,0.004,3.88955,False
chat,4:en follow-up,15,200,134,0.06957,0.01602,4.34333,False
chat,4:en follow-up,15,211,24,0.01246,0.00182,6.84561,False
chat,4:en follow-up,15,219,22,0.01142,0.00357,3.2016,False
chat,4:en follow-up,15,224,23,0.01194,0.00153,7.80997,False
chat,4:en follow-up,15,274,30,0.01558,0.00357,4.36582,False
chat,4:en follow-up,15,275,20,0.01038,0.00182,5.70467,False
chat,4:en follow-up,15,276,42,0.02181,0.00546,3.99327,False
chat,4:en follow-up,15,302,37,0.01921,0.00459,4.18795,False
chat,4:en follow-up,15,324,45,0.02336,0.00502,4.65055,False
chat,4:en follow-up,15,357,27,0.01402,0.00131,10.69626,False
chat,4:en follow-up,15,374,28,0.01454,0.00313,4.64334,False
chat,4:en follow-up,16,1,22,0.01142,0.00146,7.84393,False
chat,4:en follow-up,16,20,24,0.01246,0.00299,4.17415,False
chat,4:en follow-up,16,50,47,0.0244,0.00109,22.3433,False
chat,4:en follow-up,16,51,35,0.01817,0.00422,4.30309,False
chat,4:en follow-up,16,54,46,0.02388,0.00197,12.14884,False
chat,4:en follow-up,16,114,184,0.09553,0.00175,54.66978,False
chat,4:en follow-up,16,207,100,0.05192,0.01107,4.69134,False
chat,4:en follow-up,16,248,26,0.0135,0.00284,4.75389,False
chat,4:en follow-up,16,252,39,0.02025,0.00124,16.35899,False
chat,4:en follow-up,16,255,102,0.05296,0.00138,38.28136,False
chat,4:en follow-up,16,286,26,0.0135,0.00138,9.75799,False
chat,4:en follow-up,16,306,26,0.0135,0.00167,8.06095,False
chat,4:en follow-up,16,312,55,0.02856,0.00728,3.92196,False
chat,4:en follow-up,16,323,21,0.0109,0.0024,4.53781,False
chat,4:en follow-up,16,325,71,0.03686,0.00524,7.0318,False
chat,4:en follow-up,16,359,24,0.01246,0.00328,3.80312,False
chat,4:en follow-up,17,5,21,0.0109,0.00211,5.16371,False
chat,4:en follow-up,17,12,21,0.0109,0.00226,4.83057,False
chat,4:en follow-up,17,20,48,0.02492,0.00386,6.45812,False
chat,4:en follow-up,17,46,26,0.0135,0.00379,3.56542,False
chat,4:en follow-up,17,86,207,0.10748,0.01871,5.74352,False
chat,4:en follow-up,17,89,27,0.01402,0.00335,4.18549,False
chat,4:en follow-up,17,107,96,0.04984,0.0118,4.22568,False
chat,4:en follow-up,17,155,163,0.08463,0.00277,30.58756,False
chat,4:en follow-up,17,170,33,0.01713,0.00488,3.51221,False
chat,4:en follow-up,17,182,181,0.09398,0.00633,14.83543,False
chat,4:en follow-up,17,192,29,0.01506,0.00204,7.38551,False
chat,4:en follow-up,17,316,30,0.01558,0.00473,3.29116,False
chat,4:en follow-up,17,320,67,0.03479,0.00568,6.12521,False
chat,4:en follow-up,18,14,24,0.01246,0.00335,3.72044,False
chat,4:en follow-up,18,22,39,0.02025,0.00167,12.09143,False
chat,4:en follow-up,18,51,22,0.01142,0.00109,10.45857,False
chat,4:en follow-up,18,66,250,0.1298,0.02548,5.09346,False
chat,4:en follow-up,18,76,45,0.02336,0.00255,9.16822,False
chat,4:en follow-up,18,78,26,0.0135,0.00015,92.70093,False
chat,4:en follow-up,18,114,34,0.01765,0.00328,5.38775,False
chat,4:en follow-up,18,156,33,0.01713,0.004,4.2785,False
chat,4:en follow-up,18,161,35,0.01817,0.00248,7.34057,False
chat,4:en follow-up,18,176,97,0.05036,0.00262,19.21366,False
chat,4:en follow-up,18,196,79,0.04102,0.00495,8.28436,False
chat,4:en follow-up,18,229,20,0.01038,0.00189,5.48526,False
chat,4:en follow-up,18,295,36,0.01869,0.00102,18.33645,False
chat,4:en follow-up,18,304,46,0.02388,0.00284,8.41074,False
chat,4:en follow-up,18,306,247,0.12825,0.02294,5.59148,False
chat,4:en follow-up,18,351,22,0.01142,0.00299,3.8263,False
chat,4:en follow-up,19,35,27,0.01402,0.00328,4.2785,False
chat,4:en follow-up,19,37,22,0.01142,0.00299,3.8263,False
chat,4:en follow-up,19,51,21,0.0109,0.00269,4.04723,False
chat,4:en follow-up,19,67,28,0.01454,0.00415,3.50287,False
chat,4:en follow-up,19,76,22,0.01142,0.00284,4.02253,False
chat,4:en follow-up,19,135,23,0.01194,0.00299,4.00023,False
chat,4:en follow-up,19,154,34,0.01765,0.00379,4.66247,False
chat,4:en follow-up,19,155,22,0.01142,0.00371,3.07605,False
chat,4:en follow-up,19,168,26,0.0135,0.00335,4.03048,False
chat,4:en follow-up,19,169,45,0.02336,0.00663,3.52624,False
chat,4:en follow-up,19,183,41,0.02129,0.00444,4.79286,False
chat,4:en follow-up,19,189,22,0.01142,0.00306,3.7352,False
chat,4:en follow-up,19,210,20,0.01038,0.00226,4.60054,False
chat,4:en follow-up,19,212,34,0.01765,0.00349,5.05101,False
chat,4:en follow-up,19,262,28,0.01454,0.00255,5.70467,False
chat,4:en follow-up,19,280,21,0.0109,0.00306,3.56542,False
chat,4:en follow-up,19,324,79,0.04102,0.0134,3.06161,False
chat,4:en follow-up,19,337,22,0.01142,0.00233,4.90245,False
chat,4:en follow-up,19,351,24,0.01246,0.00277,4.50369,False
chat,4:en follow-up,19,355,31,0.0161,0.00517,3.11347,False
chat,4:en follow-up,19,380,42,0.02181,0.00335,6.51077,False
chat,4:en follow-up,20,46,30,0.01558,0.00284,5.48526,False
chat,4:en follow-up,20,64,25,0.01298,0.00262,4.95197,False
chat,4:en follow-up,20,100,291,0.15109,0.02898,5.21376,False
chat,4:en follow-up,20,134,26,0.0135,0.00437,3.09003,False
chat,4:en follow-up,20,149,40,0.02077,0.00051,40.74766,False
chat,4:en follow-up,20,163,28,0.01454,0.00226,6.44076,False
chat,4:en follow-up,20,171,33,0.01713,0.00131,13.07321,False
chat,4:en follow-up,20,200,216,0.11215,0.02738,4.09644,False
chat,4:en follow-up,20,214,47,0.0244,0.00342,7.13084,False
chat,4:en follow-up,20,217,27,0.01402,0.00342,4.09644,False
chat,4:en follow-up,20,220,47,0.0244,0.00189,12.89037,False
chat,4:en follow-up,20,272,26,0.0135,0.00233,5.79381,False
chat,4:en follow-up,20,327,29,0.01506,0.0032,4.69987,False
chat,4:en follow-up,20,355,22,0.01142,0.00197,5.81031,False
chat,4:en follow-up,20,377,41,0.02129,0.00466,4.5682,False
chat,4:en follow-up,20,381,27,0.01402,0.00211,6.63906,False
chat,4:en follow-up,21,2,43,0.02233,0.00604,3.69429,False
chat,4:en follow-up,21,13,24,0.01246,0.00233,5.34813,False
chat,4:en follow-up,21,33,56,0.02908,0.00699,4.15966,False
chat,4:en follow-up,21,35,22,0.01142,0.00226,5.0606,False
chat,4:en follow-up,21,92,244,0.12669,0.02483,5.10242,False
chat,4:en follow-up,21,104,29,0.01506,0.00269,5.58904,False
chat,4:en follow-up,21,247,56,0.02908,0.00386,7.53447,False
chat,4:en follow-up,21,256,126,0.06542,0.01529,4.2785,False
chat,4:en follow-up,21,278,22,0.01142,0.00277,4.12838,False
chat,4:en follow-up,21,300,21,0.0109,0.00189,5.75953,False
chat,4:en follow-up,21,312,25,0.01298,0.00175,7.42796,False
chat,4:en follow-up,21,318,44,0.02285,0.00291,7.84393,False
chat,4:en follow-up,21,350,20,0.01038,0.00248,4.19461,False
chat,4:en follow-up,22,13,25,0.01298,0.00379,3.42829,False
chat,4:en follow-up,22,28,27,0.01402,0.00342,4.09644,False
chat,4:en follow-up,22,32,25,0.01298,0.00218,5.94237,False
chat,4:en follow-up,22,34,30,0.01558,0.00269,5.78176,False
chat,4:en follow-up,22,36,89,0.04621,0.00095,48.81884,False
chat,4:en follow-up,22,61,51,0.02648,0.004,6.61223,False
chat,4:en follow-up,22,91,34,0.01765,0.00335,5.27062,False
chat,4:en follow-up,22,96,29,0.01506,0.00269,5.58904,False
chat,4:en follow-up,22,126,25,0.01298,0.00364,3.56542,False
chat,4:en follow-up,22,149,21,0.0109,0.0032,3.40336,False
chat,4:en follow-up,22,176,20,0.01038,0.00167,6.20073,False
chat,4:en follow-up,22,201,23,0.01194,0.00328,3.64465,False
chat,4:en follow-up,22,216,32,0.01661,0.00415,4.00328,False
chat,4:en follow-up,22,244,49,0.02544,0.00393,6.47058,False
chat,4:en follow-up,22,256,186,0.09657,0.00451,21.39252,False
chat,4:en follow-up,22,272,30,0.01558,0.00306,5.09346,False
chat,4:en follow-up,22,273,28,0.01454,0.00291,4.99159,False
chat,4:en follow-up,22,319,24,0.01246,0.00262,4.75389,False
chat,4:en follow-up,22,331,32,0.01661,0.00182,9.12748,False
chat,4:en follow-up,22,338,36,0.01869,0.00473,3.94939,False
chat,4:en follow-up,22,340,22,0.01142,0.00269,4.23996,False
chat,4:en follow-up,22,352,22,0.01142,0.00175,6.5366,False
chat,4:en follow-up,22,361,56,0.02908,0.00532,5.47023,False
chat,4:en follow-up,23,22,46,0.02388,0.00619,3.85904,False
chat,4:en follow-up,23,52,31,0.0161,0.00342,4.70332,False
chat,4:en follow-up,23,56,20,0.01038,0.00211,4.91782,False
chat,4:en follow-up,23,75,69,0.03583,0.00561,6.38997,False
chat,4:en follow-up,23,78,32,0.01661,0.00328,5.07082,False
chat,4:en follow-up,23,80,23,0.01194,0.00386,3.09452,False
chat,4:en follow-up,23,87,25,0.01298,0.00357,3.63818,False
chat,4:en follow-up,23,119,32,0.01661,0.004,4.14885,False
chat,4:en follow-up,23,144,23,0.01194,0.00291,4.10023,False
chat,4:en follow-up,23,172,20,0.01038,0.0016,6.48258,False
chat,4:en follow-up,23,177,175,0.09086,0.02446,3.71398,False
chat,4:en follow-up,23,207,22,0.01142,0.00116,9.80491,False
chat,4:en follow-up,23,213,26,0.0135,0.00211,6.39317,False
chat,4:en follow-up,23,222,26,0.0135,0.00197,6.86674,False
chat,4:en follow-up,23,230,45,0.02336,0.00255,9.16822,False
chat,4:en follow-up,23,231,26,0.0135,0.00371,3.63533,False
chat,4:en follow-up,23,237,58,0.03011,0.00866,3.47554,False
chat,4:en follow-up,23,298,20,0.01038,0.00306,3.39564,False
chat,4:en follow-up,23,323,24,0.01246,0.00313,3.98,False
chat,4:en follow-up,23,331,29,0.01506,0.00437,3.44657,False
chat,4:en follow-up,23,343,38,0.01973,0.00328,6.0216,False
chat,4:en follow-up,23,356,20,0.01038,0.00182,5.70467,False
chat,4:en follow-up,23,365,20,0.01038,0.00299,3.47846,False
chat,4:en follow-up,24,10,86,0.04465,0.01223,3.65031,False
chat,4:en follow-up,24,22,27,0.01402,0.00342,4.09644,False
chat,4:en follow-up,24,30,47,0.0244,0.00357,6.83979,False
chat,4:en follow-up,24,31,22,0.01142,0.00015,78.43925,False
chat,4:en follow-up,24,44,34,0.01765,0.00197,8.97958,False
chat,4:en follow-up,24,45,22,0.01142,0.00248,4.61407,False
chat,4:en follow-up,24,55,34,0.01765,0.00167,10.54124,False
chat,4:en follow-up,24,101,28,0.01454,0.00182,7.98654,False
chat,4:en follow-up,24,118,24,0.01246,0.00138,9.00738,False
chat,4:en follow-up,24,125,146,0.0758,0.01296,5.84889,False
chat,4:en follow-up,24,156,152,0.07892,0.00896,8.8121,False
chat,4:en follow-up,24,185,30,0.01558,0.00277,5.62961,False
chat,4:en follow-up,24,260,109,0.05659,0.01172,4.82771,False
chat,4:en follow-up,24,261,40,0.02077,0.00204,10.18692,False
chat,4:en follow-up,24,262,32,0.01661,0.00066,25.3541,False
chat,4:en follow-up,24,272,26,0.0135,0.00262,5.15005,False
chat,4:en follow-up,24,273,43,0.02233,0.0043,5.19705,False
chat,4:en follow-up,24,323,32,0.01661,0.00255,6.51963,False
chat,4:en follow-up,24,340,44,0.02285,0.00597,3.8263,False
chat,4:en follow-up,24,363,21,0.0109,0.00138,7.88146,False
chat,4:en follow-up,25,18,60,0.03115,0.0091,3.4228,False
chat,4:en follow-up,25,36,27,0.01402,0.00313,4.4775,False
chat,4:en follow-up,25,69,301,0.15628,0.02818,5.54621,False
chat,4:en follow-up,25,78,34,0.01765,0.00124,14.26168,False
chat,4:en follow-up,25,103,64,0.03323,0.00415,8.00656,False
chat,4:en follow-up,25,146,94,0.04881,0.00655,7.44777,False
chat,4:en follow-up,25,157,43,0.02233,0.00342,6.52396,False
chat,4:en follow-up,25,181,41,0.02129,0.00459,4.64071,False
chat,4:en follow-up,25,185,69,0.03583,0.00189,18.92416,False
chat,4:en follow-up,25,194,30,0.01558,0.00204,7.64019,False
chat,4:en follow-up,25,232,21,0.0109,0.00248,4.40434,False
chat,4:en follow-up,25,282,131,0.06802,0.0198,3.43434,False
chat,4:en follow-up,25,292,45,0.02336,0.00575,4.06187,False
chat,4:en follow-up,25,361,26,0.0135,0.00379,3.56542,False
chat,4:en follow-up,25,371,27,0.01402,0.00102,13.75234,False
chat,4:en follow-up,26,21,79,0.04102,0.0083,4.94155,False
chat,4:en follow-up,26,83,32,0.01661,0.00109,15.21246,False
chat,4:en follow-up,26,159,27,0.01402,0.00153,9.16822,False
chat,4:en follow-up,26,200,35,0.01817,0.00546,3.32773,False
chat,4:en follow-up,26,260,156,0.081,0.02163,3.74549,False
chat,4:en follow-up,26,289,76,0.03946,0.00451,8.74103,False
chat,4:en follow-up,26,300,130,0.0675,0.01129,5.98071,False
chat,4:en follow-up,26,306,24,0.01246,0.00291,4.2785,False
chat,4:en follow-up,26,314,303,0.15732,0.03932,4.00119,False
chat,4:en follow-up,26,315,26,0.0135,0.00306,4.41433,False
chat,4:en follow-up,26,336,28,0.01454,0.00138,10.50861,False
chat,4:en follow-up,26,350,42,0.02181,0.00386,5.65086,False
chat,4:en follow-up,26,352,39,0.02025,0.00415,4.879,False
chat,4:en follow-up,26,358,39,0.02025,0.00597,3.3915,False
chat,4:en follow-up,27,56,71,0.03686,0.00211,17.45827,False
chat,4:en follow-up,27,58,25,0.01298,0.00386,3.3636,False
chat,4:en follow-up,27,109,35,0.01817,0.00197,9.24368,False
chat,4:en follow-up,27,134,56,0.02908,0.00859,3.38413,False
chat,4:en follow-up,27,164,45,0.02336,0.00415,5.62961,False
chat,4:en follow-up,27,193,132,0.06854,0.02206,3.10651,False
chat,4:en follow-up,27,227,154,0.07996,0.01616,4.94662,False
chat,4:en follow-up,27,261,23,0.01194,0.00218,5.46698,False
chat,4:en follow-up,27,277,56,0.02908,0.00364,7.98654,False
chat,4:en follow-up,27,294,36,0.01869,0.00218,8.55701,False
chat,4:en follow-up,27,304,27,0.01402,0.00146,9.62664,False
chat,4:en follow-up,27,356,53,0.02752,0.00597,4.60896,False
chat,4:en follow-up,27,362,22,0.01142,0.0016,7.13084,False
chat,4:en follow-up,27,381,119,0.06179,0.01762,3.50649,False
chat,4:en follow-up,28,14,129,0.06698,0.00815,8.2132,False
chat,4:en follow-up,28,26,48,0.02492,0.00444,5.61115,False
chat,4:en follow-up,28,54,231,0.11994,0.02337,5.13154,False
chat,4:en follow-up,28,102,24,0.01246,0.00073,17.11402,False
chat,4:en follow-up,28,146,32,0.01661,0.00495,3.35569,False
chat,4:en follow-up,28,188,23,0.01194,0.0024,4.96998,False
chat,4:en follow-up,28,196,50,0.02596,0.00743,3.49551,False
chat,4:en follow-up,28,249,134,0.06957,0.0059,11.7967,False
chat,4:en follow-up,28,286,76,0.03946,0.00226,17.48206,False
chat,4:en follow-up,28,313,33,0.01713,0.0024,7.13084,False
chat,4:en follow-up,28,356,51,0.02648,0.0043,6.16395,False
chat,4:en follow-up,28,363,168,0.08723,0.01223,7.13084,False
chat,4:en follow-up,29,15,63,0.03271,0.00604,5.41257,False
chat,4:en follow-up,29,18,22,0.01142,0.0024,4.75389,False
chat,4:en follow-up,29,61,21,0.0109,0.00204,5.34813,False
chat,4:en follow-up,29,105,43,0.02233,0.00677,3.29706,False
chat,4:en follow-up,29,112,44,0.02285,0.00422,5.4096,False
chat,4:en follow-up,29,118,68,0.03531,0.0115,3.06897,False
chat,4:en follow-up,29,149,30,0.01558,0.00488,3.19291,False
chat,4:en follow-up,29,191,22,0.01142,0.00291,3.92196,False
chat,4:en follow-up,29,196,108,0.05607,0.01471,3.81253,False
chat,4:en follow-up,29,199,56,0.02908,0.00794,3.66355,False
chat,4:en follow-up,29,206,31,0.0161,0.0008,20.09601,False
chat,4:en follow-up,29,220,29,0.01506,0.00277,5.44196,False
chat,4:en follow-up,29,239,35,0.01817,0.00291,6.23949,False
chat,4:en follow-up,29,250,97,0.05036,0.01427,3.52904,False
chat,4:en follow-up,29,266,50,0.02596,0.00488,5.32152,False
chat,4:en follow-up,29,284,237,0.12305,0.01631,7.54468,False
chat,4:en follow-up,29,294,22,0.01142,0.00167,6.8208,False
chat,4:en follow-up,29,295,115,0.05971,0.00714,8.36782,False
chat,4:en follow-up,29,354,30,0.01558,0.0,213.92523,True
chat,4:en follow-up,29,363,23,0.01194,0.0024,4.96998,False
chat,4:en follow-up,30,3,27,0.01402,0.00248,5.66273,False
chat,4:en follow-up,30,6,39,0.02025,0.00517,3.91694,False
chat,4:en follow-up,30,31,22,0.01142,0.00284,4.02253,False
chat,4:en follow-up,30,95,44,0.02285,0.00612,3.7352,False
chat,4:en follow-up,30,121,222,0.11526,0.02985,3.86109,False
chat,4:en follow-up,30,168,35,0.01817,0.00357,5.09346,False
chat,4:en follow-up,30,174,55,0.02856,0.00619,4.61407,False
chat,4:en follow-up,30,192,23,0.01194,0.00342,3.48956,False
chat,4:en follow-up,30,222,39,0.02025,0.00342,5.91708,False
chat,4:en follow-up,30,231,20,0.01038,0.00175,5.94237,False
chat,4:en follow-up,30,239,139,0.07217,0.01478,4.88269,False
chat,4:en follow-up,30,240,44,0.02285,0.00415,5.50451,False
chat,4:en follow-up,30,256,26,0.0135,0.00299,4.522,False
chat,4:en follow-up,30,279,42,0.02181,0.00313,6.96501,False
chat,4:en follow-up,30,310,42,0.02181,0.00561,3.88955,False
chat,4:en follow-up,30,333,47,0.0244,0.00299,8.17438,False
chat,4:en follow-up,30,335,28,0.01454,0.00393,3.69747,False
chat,4:en follow-up,30,336,85,0.04413,0.00823,5.36391,False
chat,4:en follow-up,30,340,89,0.04621,0.01383,3.34024,False
chat,4:en follow-up,30,368,26,0.0135,0.00189,7.13084,False
chat,4:en follow-up,30,378,32,0.01661,0.00262,6.33853,False
chat,4:en follow-up,31,2,30,0.01558,0.00328,4.75389,False
chat,4:en follow-up,31,6,20,0.01038,0.00189,5.48526,False
chat,4:en follow-up,31,7,21,0.0109,0.00189,5.75953,False
chat,4:en follow-up,31,9,22,0.01142,0.00124,9.22815,False
chat,4:en follow-up,31,20,31,0.0161,0.00255,6.31589,False
chat,4:en follow-up,31,71,32,0.01661,0.00415,4.00328,False
chat,4:en follow-up,31,81,24,0.01246,0.00262,4.75389,False
chat,4:en follow-up,31,90,34,0.01765,0.00532,3.32121,False
chat,4:en follow-up,31,93,27,0.01402,0.00379,3.70255,False
chat,4:en follow-up,31,103,124,0.06438,0.01281,5.024,False
chat,4:en follow-up,31,108,37,0.01921,0.00597,3.21757,False
chat,4:en follow-up,31,163,77,0.03998,0.00961,4.15966,False
chat,4:en follow-up,31,188,87,0.04517,0.01216,3.71487,False
chat,4:en follow-up,31,224,98,0.05088,0.01485,3.4256,False
chat,4:en follow-up,31,231,86,0.04465,0.01471,3.0359,False
chat,4:en follow-up,31,275,33,0.01713,0.00109,15.68785,False
chat,4:en follow-up,31,282,158,0.08204,0.01791,4.57997,False
chat,4:en follow-up,31,284,45,0.02336,0.00597,3.91327,False
chat,4:en follow-up,31,288,21,0.0109,0.00255,4.2785,False
chat,4:en follow-up,31,304,20,0.01038,0.00262,3.96158,False
chat,4:en follow-up,31,327,38,0.01973,0.00284,6.948,False
chat,4:en follow-up,31,345,41,0.02129,0.00619,3.43958,False
chat,4:en follow-up,31,346,27,0.01402,0.00371,3.77515,False
chat,4:en follow-up,31,347,27,0.01402,0.00451,3.10537,False
chat,4:en follow-up,31,352,30,0.01558,0.00197,7.92316,False
chat,4:en follow-up,31,366,47,0.0244,0.00502,4.85724,False
chat,4:en follow-up,31,379,28,0.01454,0.00167,8.68102,False
chat,4:en follow-up,32,22,52,0.027,0.00597,4.522,False
chat,4:en follow-up,32,36,22,0.01142,0.00218,5.22928,False
chat,4:en follow-up,32,38,22,0.01142,0.0016,7.13084,False
chat,4:en follow-up,32,59,61,0.03167,0.00721,4.39375,False
chat,4:en follow-up,32,67,30,0.01558,0.00284,5.48526,False
chat,4:en follow-up,32,69,42,0.02181,0.00444,4.90976,False
chat,4:en follow-up,32,75,35,0.01817,0.00473,3.83968,False
chat,4:en follow-up,32,129,22,0.01142,0.00124,9.22815,False
chat,4:en follow-up,32,135,39,0.02025,0.00539,3.75815,False
chat,4:en follow-up,32,143,33,0.01713,0.00124,13.84222,False
chat,4:en follow-up,32,187,46,0.02388,0.00626,3.81417,False
chat,4:en follow-up,32,204,50,0.02596,0.00459,5.6594,False
chat,4:en follow-up,32,235,66,0.03427,0.00626,5.47251,False
chat,4:en follow-up,32,237,53,0.02752,0.00568,4.84532,False
chat,4:en follow-up,32,238,20,0.01038,0.00182,5.70467,False
chat,4:en follow-up,32,243,34,0.01765,0.00466,3.78826,False
chat,4:en follow-up,32,290,20,0.01038,0.0032,3.24129,False
chat,4:en follow-up,32,291,145,0.07529,0.01544,4.87723,False
chat,4:en follow-up,32,299,31,0.0161,0.00349,4.60533,False
chat,4:en follow-up,32,302,22,0.01142,0.00095,12.06758,False
chat,4:en follow-up,32,342,32,0.01661,0.00204,8.14953,False
chat,4:en follow-up,32,350,20,0.01038,0.00255,4.07477,False
chat,4:en follow-up,32,353,45,0.02336,0.00772,3.02724,False
chat,4:en follow-up,32,369,142,0.07373,0.01558,4.73168,False
chat,4:en follow-up,33,1,41,0.02129,0.00364,5.84729,False
chat,4:en follow-up,33,6,33,0.01713,0.0051,3.36168,False
chat,4:en follow-up,33,63,277,0.14382,0.03451,4.16718,False
chat,4:en follow-up,33,101,50,0.02596,0.00481,5.40215,False
chat,4:en follow-up,33,126,28,0.01454,0.00218,6.65545,False
chat,4:en follow-up,33,127,29,0.01506,0.00167,8.99106,False
chat,4:en follow-up,33,181,38,0.01973,0.00211,9.34386,False
chat,4:en follow-up,33,186,55,0.02856,0.00728,3.92196,False
chat,4:en follow-up,33,189,20,0.01038,0.00226,4.60054,False
chat,4:en follow-up,33,194,22,0.01142,0.00335,3.4104,False
chat,4:en follow-up,33,204,30,0.01558,0.00379,4.11395,False
chat,4:en follow-up,33,212,116,0.06023,0.01034,5.82519,False
chat,4:en follow-up,33,213,38,0.01973,0.00379,5.211,False
chat,4:en follow-up,33,226,56,0.02908,0.00714,4.07477,False
chat,4:en follow-up,33,231,140,0.07269,0.01798,4.04177,False
chat,4:en follow-up,33,232,32,0.01661,0.00415,4.00328,False
chat,4:en follow-up,33,260,45,0.02336,0.00437,5.34813,False
chat,4:en follow-up,33,295,23,0.01194,0.00269,4.43269,False
chat,4:en follow-up,33,306,40,0.02077,0.00342,6.0688,False
chat,4:en follow-up,33,351,39,0.02025,0.0059,3.43337,False
chat,4:en follow-up,33,373,21,0.0109,0.00189,5.75953,False
chat,4:en follow-up,34,16,25,0.01298,0.00335,3.87546,False
chat,4:en follow-up,34,18,24,0.01246,0.00233,5.34813,False
chat,4:en follow-up,34,26,217,0.11267,0.02599,4.33443,False
chat,4:en follow-up,34,32,29,0.01506,0.00299,5.04377,False
chat,4:en follow-up,34,52,28,0.01454,0.0043,3.38413,False
chat,4:en follow-up,34,72,27,0.01402,0.00153,9.16822,False
chat,4:en follow-up,34,93,158,0.08204,0.019,4.31675,False
chat,4:en follow-up,34,116,25,0.01298,0.00211,6.14728,False
chat,4:en follow-up,34,121,58,0.03011,0.00561,5.37128,False
chat,4:en follow-up,34,130,90,0.04673,0.01099,4.25017,False
chat,4:en follow-up,34,183,87,0.04517,0.01107,4.08147,False
chat,4:en follow-up,34,223,40,0.02077,0.00597,3.47846,False
chat,4:en follow-up,34,244,66,0.03427,0.00954,3.59264,False
chat,4:en follow-up,34,253,30,0.01558,0.00291,5.34813,False
chat,4:en follow-up,34,269,40,0.02077,0.00357,5.82109,False
chat,4:en follow-up,34,289,37,0.01921,0.00124,15.52007,False
chat,4:en follow-up,34,306,21,0.0109,0.00146,7.48738,False
chat,4:en follow-up,34,319,131,0.06802,0.01922,3.53841,False
chat,4:en follow-up,34,324,21,0.0109,0.00328,3.32773,False
chat,4:en follow-up,34,342,45,0.02336,0.0067,3.48791,False
chat,4:en follow-up,34,366,33,0.01713,0.0043,3.98844,False
chat,4:en follow-up,34,381,24,0.01246,0.0032,3.88955,False
chat,4:en follow-up,35,7,74,0.03842,0.00677,5.674,False
chat,4:en follow-up,35,20,21,0.0109,0.00197,5.54621,False
chat,4:en follow-up,35,28,27,0.01402,0.0008,17.50297,False
chat,4:en follow-up,35,36,25,0.01298,0.00393,3.30132,False
chat,4:en follow-up,35,72,32,0.01661,0.00284,5.85095,False
chat,4:en follow-up,35,97,122,0.06334,0.01019,6.21402,False
chat,4:en follow-up,35,104,26,0.0135,0.00299,4.522,False
chat,4:en follow-up,35,106,36,0.01869,0.00204,9.16822,False
chat,4:en follow-up,35,149,29,0.01506,0.00379,3.97682,False
chat,4:en follow-up,35,184,28,0.01454,0.00131,11.09242,False
chat,4:en follow-up,35,193,27,0.01402,0.00131,10.69626,False
chat,4:en follow-up,35,240,35,0.01817,0.00371,4.89371,False
chat,4:en follow-up,35,249,62,0.03219,0.00532,6.05633,False
chat,4:en follow-up,35,265,26,0.0135,0.00167,8.06095,False
chat,4:en follow-up,35,283,73,0.0379,0.00706,5.36651,False
chat,4:en follow-up,35,289,34,0.01765,0.00357,4.94793,False
chat,4:en follow-up,35,294,60,0.03115,0.00721,4.32172,False
chat,4:en follow-up,35,306,93,0.04829,0.01471,3.28301,False
chat,4:en follow-up,35,337,41,0.02129,0.00269,7.90174,False
chat,4:en follow-up,35,341,36,0.01869,0.00495,3.77515,False
chat,4:en follow-up,35,356,77,0.03998,0.01209,3.30768,False
chat,4:en follow-up,35,360,36,0.01869,0.004,4.66746,False
chat,4:en follow-up,36,2,289,0.15005,0.0367,4.08891,False
chat,4:en follow-up,36,60,39,0.02025,0.00415,4.879,False
chat,4:en follow-up,36,80,21,0.0109,0.0016,6.80671,False
chat,4:en follow-up,36,97,42,0.02181,0.00473,4.60762,False
chat,4:en follow-up,36,104,25,0.01298,0.00299,4.34807,False
chat,4:en follow-up,36,127,30,0.01558,0.00255,6.11215,False
chat,4:en follow-up,36,151,83,0.04309,0.01267,3.40149,False
chat,4:en follow-up,36,166,31,0.0161,0.0032,5.024,False
chat,4:en follow-up,36,192,54,0.02804,0.0091,3.08052,False
chat,4:en follow-up,36,194,25,0.01298,0.00342,3.793,False
chat,4:en follow-up,36,225,33,0.01713,0.00197,8.71547,False
chat,4:en follow-up,36,245,35,0.01817,0.00153,11.88474,False
chat,4:en follow-up,36,248,26,0.0135,0.00262,5.15005,False
chat,4:en follow-up,36,272,20,0.01038,0.00095,10.97052,False
chat,4:en follow-up,36,295,49,0.02544,0.00357,7.13084,False
chat,4:en follow-up,36,301,83,0.04309,0.00976,4.41686,False
chat,4:en follow-up,36,308,34,0.01765,0.00342,5.15848,False
chat,4:en follow-up,36,338,26,0.0135,0.0043,3.1424,False
chat,4:en follow-up,36,344,36,0.01869,0.00561,3.3339,False
chat,4:en follow-up,36,366,22,0.01142,0.00342,3.33784,False
chat,4:en follow-up,36,371,23,0.01194,0.00087,13.66745,False
chat,4:en follow-up,36,375,32,0.01661,0.00138,12.00984,False
chat,4:en follow-up,37,18,28,0.01454,0.00349,4.15966,False
chat,4:en follow-up,37,24,26,0.0135,0.00437,3.09003,False
chat,4:en follow-up,37,57,28,0.01454,0.00073,19.96636,False
chat,4:en follow-up,37,94,22,0.01142,0.00116,9.80491,False
chat,4:en follow-up,37,120,44,0.02285,0.00284,8.04505,False
chat,4:en follow-up,37,126,26,0.0135,0.00364,3.70804,False
chat,4:en follow-up,37,166,24,0.01246,0.00233,5.34813,False
chat,4:en follow-up,37,186,41,0.02129,0.0024,8.85953,False
chat,4:en follow-up,37,198,42,0.02181,0.00422,5.16371,False
chat,4:en follow-up,37,199,62,0.03219,0.00852,3.77874,False
chat,4:en follow-up,37,221,125,0.0649,0.01609,4.03328,False
chat,4:en follow-up,37,239,31,0.0161,0.00218,7.36854,False
chat,4:en follow-up,37,244,93,0.04829,0.01048,4.60533,False
chat,4:en follow-up,37,245,33,0.01713,0.00204,8.40421,False
chat,4:en follow-up,37,262,35,0.01817,0.00459,3.96158,False
chat,4:en follow-up,37,287,39,0.02025,0.00269,7.51629,False
chat,4:en follow-up,37,293,114,0.05919,0.01383,4.2785,False
chat,4:en follow-up,37,307,27,0.01402,0.00306,4.58411,False
chat,4:en follow-up,37,362,99,0.0514,0.00932,5.51526,False
chat,4:en follow-up,37,375,23,0.01194,0.00248,4.8238,False
chat,4:en follow-up,38,42,21,0.0109,0.00036,29.94953,False
chat,4:en follow-up,38,50,24,0.01246,0.00299,4.17415,False
chat,4:en follow-up,38,68,24,0.01246,0.00357,3.49266,False
chat,4:en follow-up,38,78,179,0.09294,0.01544,6.02085,False
chat,4:en follow-up,38,87,54,0.02804,0.00655,4.2785,False
chat,4:en follow-up,38,89,30,0.01558,0.00255,6.11215,False
chat,4:en follow-up,38,119,33,0.01713,0.00342,5.00676,False
chat,4:en follow-up,38,126,22,0.01142,0.00218,5.22928,False
chat,4:en follow-up,38,132,39,0.02025,0.00255,7.94579,False
chat,4:en follow-up,38,145,23,0.01194,0.00299,4.00023,False
chat,4:en follow-up,38,149,190,0.09865,0.01121,8.79779,False
chat,4:en follow-up,38,162,27,0.01402,0.0032,4.37574,False
chat,4:en follow-up,38,171,41,0.02129,0.0024,8.85953,False
chat,4:en follow-up,38,203,32,0.01661,0.00553,3.00246,False
chat,4:en follow-up,38,208,28,0.01454,0.00437,3.32773,False
chat,4:en follow-up,38,232,42,0.02181,0.004,5.44537,False
chat,4:en follow-up,38,237,20,0.01038,0.00299,3.47846,False
chat,4:en follow-up,38,245,23,0.01194,0.00291,4.10023,False
chat,4:en follow-up,38,255,27,0.01402,0.0024,5.83432,False
chat,4:en follow-up,38,262,39,0.02025,0.00539,3.75815,False
chat,4:en follow-up,38,327,24,0.01246,0.00109,11.40935,False
chat,4:en follow-up,38,340,21,0.0109,0.00255,4.2785,False
chat,4:en follow-up,38,349,113,0.05867,0.01078,5.44449,False
chat,4:en follow-up,39,2,58,0.03011,0.00575,5.2353,False
chat,4:en follow-up,39,9,54,0.02804,0.00539,5.20359,False
chat,4:en follow-up,39,15,25,0.01298,0.0032,4.05161,False
chat,4:en follow-up,39,25,23,0.01194,0.00349,3.41686,False
chat,4:en follow-up,39,33,23,0.01194,0.00255,4.68598,False
chat,4:en follow-up,39,59,56,0.02908,0.00524,5.54621,False
chat,4:en follow-up,39,68,26,0.0135,0.00299,4.522,False
chat,4:en follow-up,39,99,30,0.01558,0.0043,3.62585,False
chat,4:en follow-up,39,127,47,0.0244,0.00408,5.98481,False
chat,4:en follow-up,39,139,25,0.01298,0.0032,4.05161,False
chat,4:en follow-up,39,147,28,0.01454,0.00255,5.70467,False
chat,4:en follow-up,39,152,32,0.01661,0.0008,20.74427,False
chat,4:en follow-up,39,163,174,0.09034,0.01733,5.2133,False
chat,4:en follow-up,39,177,26,0.0135,0.00138,9.75799,False
chat,4:en follow-up,39,213,30,0.01558,0.00306,5.09346,False
chat,4:en follow-up,39,275,20,0.01038,0.00182,5.70467,False
chat,4:en follow-up,39,329,92,0.04777,0.00648,7.37121,False
chat,4:en follow-up,39,332,33,0.01713,0.0016,10.69626,False
chat,4:en follow-up,39,335,31,0.0161,0.00393,4.09363,False
chat,4:en follow-up,39,358,20,0.01038,0.00073,14.26168,False
chat,4:en follow-up,39,372,51,0.02648,0.00284,9.32495,False
chat,5:code,0,0,25,0.00992,0.0032,3.10374,False
chat,5:code,0,2,28,0.01111,0.00038,29.2,False
chat,5:code,0,11,26,0.01032,0.00312,3.30662,False
chat,5:code,0,28,31,0.0123,0.00091,13.47024,False
chat,5:code,0,35,33,0.0131,0.00107,12.29082,False
chat,5:code,0,39,20,0.00794,0.00137,5.79365,False
chat,5:code,0,67,20,0.00794,0.00091,8.69048,False
chat,5:code,0,69,37,0.01468,0.00152,9.64643,False
chat,5:code,0,105,43,0.01706,0.00167,10.19156,False
chat,5:code,0,130,84,0.03333,0.0,438.0,True
chat,5:code,0,138,21,0.00833,0.00099,8.42308,False
chat,5:code,0,159,25,0.00992,0.00038,26.07143,False
chat,5:code,0,188,26,0.01032,0.00221,4.67488,False
chat,5:code,0,197,97,0.03849,0.00053,72.2551,False
chat,5:code,0,205,25,0.00992,0.00076,13.03571,False
chat,5:code,0,213,20,0.00794,0.00228,3.47619,False
chat,5:code,0,237,43,0.01706,0.00053,32.03061,False
chat,5:code,0,238,92,0.03651,0.00175,20.85714,False
chat,5:code,0,259,24,0.00952,0.00145,6.58647,False
chat,5:code,0,263,27,0.01071,0.00084,12.7987,False
chat,5:code,0,268,25,0.00992,0.00183,5.43155,False
chat,5:code,0,290,23,0.00913,0.00221,4.13547,False
chat,5:code,0,341,45,0.01786,0.00495,3.60989,False
chat,5:code,0,366,33,0.0131,0.00274,4.77976,False
chat,5:code,1,0,34,0.01349,0.0,177.28571,True
chat,5:code,1,5,92,0.03651,0.00122,29.98214,False
chat,5:code,1,33,36,0.01429,0.0003,46.92857,False
chat,5:code,1,80,25,0.00992,0.00152,6.51786,False
chat,5:code,1,98,29,0.01151,0.00137,8.40079,False
chat,5:code,1,101,50,0.01984,0.00038,52.14286,False
chat,5:code,1,110,22,0.00873,8e-05,114.71429,False
chat,5:code,1,158,23,0.00913,0.00213,4.28316,False
chat,5:code,1,163,39,0.01548,0.00107,14.52551,False
chat,5:code,1,191,65,0.02579,0.00015,169.46429,False
chat,5:code,1,217,28,0.01111,8e-05,146.0,False
chat,5:code,1,219,20,0.00794,0.00145,5.48872,False
chat,5:code,1,236,30,0.0119,0.00198,6.01648,False
chat,5:code,1,251,24,0.00952,0.00312,3.05226,False
chat,5:code,1,254,21,0.00833,0.00023,36.5,False
chat,5:code,1,280,23,0.00913,0.00129,7.05462,False
chat,5:code,1,297,96,0.0381,0.00761,5.00571,False
chat,5:code,1,318,24,0.00952,0.0,125.14286,True
chat,5:code,1,319,39,0.01548,0.00068,22.59524,False
chat,5:code,1,340,45,0.01786,8e-05,234.64286,False
chat,5:code,1,381,64,0.0254,0.00342,7.41587,False
chat,5:code,2,7,32,0.0127,0.00365,3.47619,False
chat,5:code,2,11,40,0.01587,8e-05,208.57143,False
chat,5:code,2,30,32,0.0127,0.00084,15.16883,False
chat,5:code,2,42,103,0.04087,0.01263,3.23537,False
chat,5:code,2,79,50,0.01984,0.00091,21.72619,False
chat,5:code,2,91,56,0.02222,0.00259,8.58824,False
chat,5:code,2,115,29,0.01151,0.00068,16.80159,False
chat,5:code,2,134,23,0.00913,0.00129,7.05462,False
chat,5:code,2,158,25,0.00992,0.00183,5.43155,False
chat,5:code,2,185,23,0.00913,0.00167,5.4513,False
chat,5:code,2,214,83,0.03294,0.00365,9.01637,False
chat,5:code,2,216,28,0.01111,0.00213,5.21429,False
chat,5:code,2,223,24,0.00952,0.00114,8.34286,False
chat,5:code,2,228,47,0.01865,0.0,245.07143,True
chat,5:code,2,250,99,0.03929,0.01157,3.39615,False
chat,5:code,2,297,31,0.0123,0.00084,14.69481,False
chat,5:code,2,323,91,0.03611,0.00061,59.3125,False
chat,5:code,2,327,30,0.0119,0.00274,4.34524,False
chat,5:code,2,328,23,0.00913,0.00046,19.9881,False
chat,5:code,2,347,24,0.00952,0.00023,41.71429,False
chat,5:code,2,358,27,0.01071,0.00023,46.92857,False
chat,5:code,2,359,36,0.01429,0.00091,15.64286,False
chat,5:code,2,375,74,0.02937,0.0,385.85714,True
chat,5:code,2,382,22,0.00873,0.00282,3.10039,False
chat,5:code,3,12,22,0.00873,0.00228,3.82381,False
chat,5:code,3,13,296,0.11746,0.0,1543.42857,True
chat,5:code,3,14,52,0.02063,0.0,271.14286,True
chat,5:code,3,61,179,0.07103,0.00426,16.66709,False
chat,5:code,3,91,34,0.01349,0.00145,9.33083,False
chat,5:code,3,119,24,0.00952,0.00145,6.58647,False
chat,5:code,3,148,166,0.06587,8e-05,865.57143,False
chat,5:code,3,149,24,0.00952,0.00061,15.64286,False
chat,5:code,3,192,26,0.01032,0.0,135.57143,True
chat,5:code,3,196,46,0.01825,0.00297,6.15018,False
chat,5:code,3,207,21,0.00833,0.00213,3.91071,False
chat,5:code,3,214,24,0.00952,0.00015,62.57143,False
chat,5:code,3,226,145,0.05754,8e-05,756.07143,False
chat,5:code,3,233,32,0.0127,0.00076,16.68571,False
chat,5:code,3,250,36,0.01429,0.00289,4.93985,False
chat,5:code,3,275,117,0.04643,0.00099,46.92857,False
chat,5:code,3,288,27,0.01071,0.00107,10.05612,False
chat,5:code,3,313,32,0.0127,0.0,166.85714,True
chat,5:code,3,330,58,0.02302,0.0,302.42857,True
chat,5:code,3,337,23,0.00913,0.00205,4.4418,False
chat,5:code,3,349,48,0.01905,0.0,250.28571,True
chat,5:code,4,0,27,0.01071,0.00046,23.46429,False
chat,5:code,4,5,43,0.01706,0.00015,112.10714,False
chat,5:code,4,55,75,0.02976,0.00015,195.53571,False
chat,5:code,4,59,47,0.01865,0.00236,7.90553,False
chat,5:code,4,102,20,0.00794,0.00236,3.36406,False
chat,5:code,4,122,223,0.08849,0.02785,3.17701,False
chat,5:code,4,123,38,0.01508,0.00167,9.00649,False
chat,5:code,4,126,23,0.00913,0.00282,3.24131,False
chat,5:code,4,128,21,0.00833,0.00091,9.125,False
chat,5:code,4,143,28,0.01111,8e-05,146.0,False
chat,5:code,4,157,50,0.01984,0.00609,3.25893,False
chat,5:code,4,174,51,0.02024,0.00107,18.9949,False
chat,5:code,4,179,28,0.01111,0.00259,4.29412,False
chat,5:code,4,182,67,0.02659,0.0003,87.33929,False
chat,5:code,4,192,83,0.03294,0.0,432.78571,True
chat,5:code,4,199,22,0.00873,0.00213,4.09694,False
chat,5:code,4,206,30,0.0119,0.00091,13.03571,False
chat,5:code,4,207,20,0.00794,0.00046,17.38095,False
chat,5:code,4,224,20,0.00794,0.00068,11.5873,False
chat,5:code,4,271,104,0.04127,0.00129,31.89916,False
chat,5:code,4,278,51,0.02024,8e-05,265.92857,False
chat,5:code,4,286,24,0.00952,0.00015,62.57143,False
chat,5:code,4,289,53,0.02103,0.00084,25.12338,False
chat,5:code,4,319,21,0.00833,0.00175,4.76087,False
chat,5:code,4,326,33,0.0131,8e-05,172.07143,False
chat,5:code,4,370,28,0.01111,0.00053,20.85714,False
chat,5:code,4,372,35,0.01389,0.00365,3.80208,False
chat,5:code,5,24,62,0.0246,8e-05,323.28571,False
chat,5:code,5,69,68,0.02698,0.00046,59.09524,False
chat,5:code,5,112,48,0.01905,8e-05,250.28571,False
chat,5:code,5,119,167,0.06627,0.00038,174.15714,False
chat,5:code,5,128,62,0.0246,0.00107,23.09184,False
chat,5:code,5,151,26,0.01032,0.00038,27.11429,False
chat,5:code,5,163,21,0.00833,0.00023,36.5,False
chat,5:code,5,164,27,0.01071,0.00053,20.11224,False
chat,5:code,5,216,38,0.01508,0.00167,9.00649,False
chat,5:code,5,247,27,0.01071,0.00061,17.59821,False
chat,5:code,5,248,26,0.01032,0.00289,3.56767,False
chat,5:code,5,263,174,0.06905,0.00137,50.40476,False
chat,5:code,5,304,64,0.0254,0.00837,3.03377,False
chat,5:code,5,312,20,0.00794,0.0019,4.17143,False
chat,5:code,5,314,142,0.05635,0.00015,370.21429,False
chat,5:code,5,315,141,0.05595,0.00837,6.68377,False
chat,5:code,5,328,25,0.00992,0.00046,21.72619,False
chat,5:code,5,347,32,0.0127,0.00023,55.61905,False
chat,5:code,5,349,24,0.00952,0.00061,15.64286,False
chat,5:code,5,357,20,0.00794,0.00053,14.89796,False
chat,5:code,6,15,66,0.02619,0.00129,20.2437,False
chat,5:code,6,18,63,0.025,0.00266,9.38571,False
chat,5:code,6,20,27,0.01071,0.0003,35.19643,False
chat,5:code,6,59,25,0.00992,0.00297,3.34249,False
chat,5:code,6,79,100,0.03968,0.0,521.42857,True
chat,5:code,6,102,49,0.01944,0.0003,63.875,False
chat,5:code,6,120,95,0.0377,0.0003,123.83929,False
chat,5:code,6,129,33,0.0131,0.00137,9.55952,False
chat,5:code,6,162,27,0.01071,8e-05,140.78571,False
chat,5:code,6,210,137,0.05437,0.00084,64.94156,False
chat,5:code,6,212,20,0.00794,0.00053,14.89796,False
chat,5:code,6,224,115,0.04563,0.00312,14.62544,False
chat,5:code,6,293,27,0.01071,0.00183,5.86607,False
chat,5:code,6,320,62,0.0246,0.00015,161.64286,False
chat,5:code,6,333,400,0.15873,0.0,2085.71429,True
chat,5:code,6,342,34,0.01349,0.00061,22.16071,False
chat,5:code,6,373,38,0.01508,0.00038,39.62857,False
chat,5:code,7,19,310,0.12302,0.0003,404.10714,False
chat,5:code,7,32,43,0.01706,0.0,224.21429,True
chat,5:code,7,44,27,0.01071,0.0,140.78571,True
chat,5:code,7,123,236,0.09365,0.0,1230.57143,True
chat,5:code,7,136,64,0.0254,0.00426,5.95918,False
chat,5:code,7,139,47,0.01865,8e-05,245.07143,False
chat,5:code,7,145,99,0.03929,0.00015,258.10714,False
chat,5:code,7,157,65,0.02579,0.00457,5.64881,False
chat,5:code,7,179,23,0.00913,0.0003,29.98214,False
chat,5:code,7,182,25,0.00992,0.0019,5.21429,False
chat,5:code,7,242,27,0.01071,0.00061,17.59821,False
chat,5:code,7,283,36,0.01429,8e-05,187.71429,False
chat,5:code,7,308,95,0.0377,0.00015,247.67857,False
chat,5:code,7,313,28,0.01111,0.00076,14.6,False
chat,5:code,7,329,41,0.01627,0.00061,26.72321,False
chat,5:code,7,335,218,0.08651,8e-05,1136.71429,False
chat,5:code,7,356,42,0.01667,0.00495,3.36923,False
chat,5:code,8,2,25,0.00992,0.00015,65.17857,False
chat,5:code,8,14,232,0.09206,0.00053,172.81633,False
chat,5:code,8,53,34,0.01349,0.0,177.28571,True
chat,5:code,8,64,24,0.00952,0.0,125.14286,True
chat,5:code,8,67,63,0.025,8e-05,328.5,False
chat,5:code,8,72,20,0.00794,0.0,104.28571,True
chat,5:code,8,97,23,0.00913,0.00175,5.21429,False
chat,5:code,8,101,30,0.0119,0.00061,19.55357,False
chat,5:code,8,104,335,0.13294,8e-05,1746.78571,False
chat,5:code,8,117,105,0.04167,8e-05,547.5,False
chat,5:code,8,151,22,0.00873,0.00152,5.73571,False
chat,5:code,8,154,24,0.00952,0.00076,12.51429,False
chat,5:code,8,178,22,0.00873,0.0,114.71429,True
chat,5:code,8,185,31,0.0123,0.0,161.64286,True
chat,5:code,8,192,24,0.00952,0.00053,17.87755,False
chat,5:code,8,205,40,0.01587,0.0,208.57143,True
chat,5:code,8,209,33,0.0131,0.0,172.07143,True
chat,5:code,8,229,54,0.02143,0.0,281.57143,True
chat,5:code,8,233,67,0.02659,8e-05,349.35714,False
chat,5:code,8,234,26,0.01032,0.00084,12.32468,False
chat,5:code,8,248,22,0.00873,0.0,114.71429,True
chat,5:code,8,280,35,0.01389,8e-05,182.5,False
chat,5:code,8,350,22,0.00873,0.0,114.71429,True
chat,5:code,8,357,40,0.01587,0.00114,13.90476,False
chat,5:code,8,381,37,0.01468,0.00152,9.64643,False
chat,5:code,9,26,90,0.03571,0.0,469.28571,True
chat,5:code,9,66,30,0.0119,0.0003,39.10714,False
chat,5:code,9,73,34,0.01349,8e-05,177.28571,False
chat,5:code,9,77,178,0.07063,0.00015,464.07143,False
chat,5:code,9,98,24,0.00952,0.0,125.14286,True
chat,5:code,9,107,92,0.03651,0.0,479.71429,True
chat,5:code,9,119,30,0.0119,0.00061,19.55357,False
chat,5:code,9,120,38,0.01508,0.00061,24.76786,False
chat,5:code,9,125,31,0.0123,0.0,161.64286,True
chat,5:code,9,134,43,0.01706,0.0,224.21429,True
chat,5:code,9,161,40,0.01587,0.00091,17.38095,False
chat,5:code,9,166,80,0.03175,0.00038,83.42857,False
chat,5:code,9,167,30,0.0119,0.00137,8.69048,False
chat,5:code,9,224,36,0.01429,0.00388,3.68067,False
chat,5:code,9,234,75,0.02976,0.00107,27.93367,False
chat,5:code,9,235,72,0.02857,0.00137,20.85714,False
chat,5:code,9,256,151,0.05992,0.0,787.35714,True
chat,5:code,9,258,160,0.06349,8e-05,834.28571,False
chat,5:code,9,282,100,0.03968,0.00053,74.4898,False
chat,5:code,9,285,47,0.01865,0.0,245.07143,True
chat,5:code,9,302,51,0.02024,0.0,265.92857,True
chat,5:code,9,312,103,0.04087,0.01362,3.0004,False
chat,5:code,9,314,87,0.03452,8e-05,453.64286,False
chat,5:code,9,354,20,0.00794,8e-05,104.28571,False
chat,5:code,9,377,46,0.01825,0.00388,4.70308,False
chat,5:code,10,44,74,0.02937,0.0,385.85714,True
chat,5:code,10,49,35,0.01389,0.0003,45.625,False
chat,5:code,10,50,39,0.01548,0.00114,13.55714,False
chat,5:code,10,56,33,0.0131,0.00145,9.05639,False
chat,5:code,10,59,40,0.01587,0.00053,29.79592,False
chat,5:code,10,78,28,0.01111,0.0032,3.47619,False
chat,5:code,10,111,22,0.00873,0.0003,28.67857,False
chat,5:code,10,134,112,0.04444,0.00015,292.0,False
chat,5:code,10,140,32,0.0127,0.0,166.85714,True
chat,5:code,10,152,56,0.02222,0.00053,41.71429,False
chat,5:code,10,162,168,0.06667,0.0,876.0,True
chat,5:code,10,165,140,0.05556,0.00129,42.94118,False
chat,5:code,10,178,20,0.00794,8e-05,104.28571,False
chat,5:code,10,179,31,0.0123,0.0,161.64286,True
chat,5:code,10,223,33,0.0131,8e-05,172.07143,False
chat,5:code,10,233,23,0.00913,0.0019,4.79714,False
chat,5:code,10,245,27,0.01071,0.0,140.78571,True
chat,5:code,10,253,99,0.03929,0.0,516.21429,True
chat,5:code,10,284,57,0.02262,0.00038,59.44286,False
chat,5:code,10,296,66,0.02619,0.0,344.14286,True
chat,5:code,10,324,33,0.0131,0.0,172.07143,True
chat,5:code,10,340,109,0.04325,8e-05,568.35714,False
chat,5:code,10,342,51,0.02024,0.00609,3.32411,False
chat,5:code,10,343,20,0.00794,0.0003,26.07143,False
chat,5:code,10,352,20,0.00794,0.00076,10.42857,False
chat,5:code,10,373,27,0.01071,0.00076,14.07857,False
chat,5:code,11,17,35,0.01389,0.00198,7.01923,False
chat,5:code,11,25,22,0.00873,0.00107,8.19388,False
chat,5:code,11,31,20,0.00794,0.0,104.28571,True
chat,5:code,11,48,108,0.04286,0.00213,20.11224,False
chat,5:code,11,73,99,0.03929,0.0,516.21429,True
chat,5:code,11,98,33,0.0131,0.0,172.07143,True
chat,5:code,11,99,58,0.02302,0.0,302.42857,True
chat,5:code,11,130,76,0.03016,0.00068,44.03175,False
chat,5:code,11,149,35,0.01389,0.0,182.5,True
chat,5:code,11,162,20,0.00794,0.00251,3.16017,False
chat,5:code,11,170,37,0.01468,8e-05,192.92857,False
chat,5:code,11,189,23,0.00913,0.0003,29.98214,False
chat,5:code,11,195,25,0.00992,0.0,130.35714,True
chat,5:code,11,220,22,0.00873,0.00053,16.38776,False
chat,5:code,11,231,205,0.08135,0.0,1068.92857,True
chat,5:code,11,237,97,0.03849,0.00099,38.90659,False
chat,5:code,11,255,26,0.01032,0.0,135.57143,True
chat,5:code,11,290,27,0.01071,0.00015,70.39286,False
chat,5:code,11,304,36,0.01429,0.00084,17.06494,False
chat,5:code,11,328,35,0.01389,0.00053,26.07143,False
chat,5:code,11,333,52,0.02063,8e-05,271.14286,False
chat,5:code,11,338,28,0.01111,0.0,146.0,True
chat,5:code,11,343,92,0.03651,0.0,479.71429,True
chat,5:code,11,344,34,0.01349,0.00046,29.54762,False
chat,5:code,11,351,20,0.00794,8e-05,104.28571,False
chat,5:code,11,371,43,0.01706,0.00365,4.67113,False
chat,5:code,11,379,33,0.0131,0.0,172.07143,True
chat,5:code,12,5,46,0.01825,8e-05,239.85714,False
chat,5:code,12,18,30,0.0119,0.00023,52.14286,False
chat,5:code,12,19,32,0.0127,0.00114,11.12381,False
chat,5:code,12,55,29,0.01151,0.00015,75.60714,False
chat,5:code,12,80,45,0.01786,0.0,234.64286,True
chat,5:code,12,86,66,0.02619,0.0003,86.03571,False
chat,5:code,12,105,20,0.00794,0.00145,5.48872,False
chat,5:code,12,126,32,0.0127,0.00076,16.68571,False
chat,5:code,12,134,29,0.01151,0.00175,6.57453,False
chat,5:code,12,155,21,0.00833,0.00015,54.75,False
chat,5:code,12,159,306,0.12143,0.0,1595.57143,True
chat,5:code,12,169,22,0.00873,0.00038,22.94286,False
chat,5:code,12,186,28,0.01111,0.00046,24.33333,False
chat,5:code,12,194,27,0.01071,0.00167,6.39935,False
chat,5:code,12,207,53,0.02103,0.0,276.35714,True
chat,5:code,12,208,29,0.01151,0.0,151.21429,True
chat,5:code,12,210,24,0.00952,0.00068,13.90476,False
chat,5:code,12,223,26,0.01032,0.0,135.57143,True
chat,5:code,12,252,36,0.01429,0.00023,62.57143,False
chat,5:code,12,308,58,0.02302,0.00236,9.75576,False
chat,5:code,12,317,44,0.01746,0.0,229.42857,True
chat,5:code,12,326,48,0.01905,0.00046,41.71429,False
chat,5:code,12,331,33,0.0131,0.00251,5.21429,False
chat,5:code,13,19,33,0.0131,0.00091,14.33929,False
chat,5:code,13,44,21,0.00833,0.00015,54.75,False
chat,5:code,13,54,26,0.01032,0.00015,67.78571,False
chat,5:code,13,63,32,0.0127,8e-05,166.85714,False
chat,5:code,13,89,95,0.0377,0.0,495.35714,True
chat,5:code,13,94,22,0.00873,0.00015,57.35714,False
chat,5:code,13,104,27,0.01071,0.00228,4.69286,False
chat,5:code,13,157,61,0.02421,0.0003,79.51786,False
chat,5:code,13,159,26,0.01032,0.00099,10.42857,False
chat,5:code,13,203,27,0.01071,0.0016,6.70408,False
chat,5:code,13,220,45,0.01786,0.0,234.64286,True
chat,5:code,13,241,169,0.06706,0.0,881.21429,True
chat,5:code,13,243,21,0.00833,0.0,109.5,True
chat,5:code,13,265,49,0.01944,0.00046,42.58333,False
chat,5:code,13,280,21,0.00833,0.0003,27.375,False
chat,5:code,13,284,50,0.01984,0.0,260.71429,True
chat,5:code,13,293,58,0.02302,0.00578,3.97932,False
chat,5:code,13,316,24,0.00952,0.0,125.14286,True
chat,5:code,13,345,33,0.0131,0.00076,17.20714,False
chat,5:code,14,12,27,0.01071,0.00038,28.15714,False
chat,5:code,14,76,61,0.02421,0.0,318.07143,True
chat,5:code,14,145,30,0.0119,0.00251,4.74026,False
chat,5:code,14,157,40,0.01587,0.00381,4.17143,False
chat,5:code,14,162,99,0.03929,0.00959,4.09694,False
chat,5:code,14,164,61,0.02421,0.0,318.07143,True
chat,5:code,14,165,59,0.02341,0.0,307.64286,True
chat,5:code,14,199,29,0.01151,0.00122,9.45089,False
chat,5:code,14,210,34,0.01349,0.00259,5.21429,False
chat,5:code,14,232,31,0.0123,0.00046,26.94048,False
chat,5:code,14,234,58,0.02302,0.00228,10.08095,False
chat,5:code,14,238,52,0.02063,0.00091,22.59524,False
chat,5:code,14,239,28,0.01111,0.00289,3.84211,False
chat,5:code,14,245,41,0.01627,0.0,213.78571,True
chat,5:code,14,265,20,0.00794,0.0003,26.07143,False
chat,5:code,14,313,38,0.01508,0.0003,49.53571,False
chat,5:code,14,345,22,0.00873,0.0,114.71429,True
chat,5:code,14,358,35,0.01389,0.00282,4.93243,False
chat,5:code,14,361,275,0.10913,0.0,1433.92857,True
chat,5:code,14,379,39,0.01548,8e-05,203.35714,False
chat,5:code,14,380,22,0.00873,0.00183,4.77976,False
chat,5:code,15,20,85,0.03373,0.00068,49.24603,False
chat,5:code,15,34,102,0.04048,8e-05,531.85714,False
chat,5:code,15,103,23,0.00913,0.00084,10.9026,False
chat,5:code,15,119,30,0.0119,0.00091,13.03571,False
chat,5:code,15,129,39,0.01548,0.00312,4.95993,False
chat,5:code,15,141,27,0.01071,0.00076,14.07857,False
chat,5:code,15,144,31,0.0123,0.00221,5.57389,False
chat,5:code,15,169,40,0.01587,0.00091,17.38095,False
chat,5:code,15,184,21,0.00833,0.00213,3.91071,False
chat,5:code,15,209,30,0.0119,0.00053,22.34694,False
chat,5:code,15,221,28,0.01111,0.00114,9.73333,False
chat,5:code,15,231,30,0.0119,0.00312,3.81533,False
chat,5:code,15,252,87,0.03452,0.00145,23.87594,False
chat,5:code,15,307,20,0.00794,0.00053,14.89796,False
chat,5:code,15,320,32,0.0127,0.00084,15.16883,False
chat,5:code,15,326,30,0.0119,0.00015,78.21429,False
chat,5:code,15,334,20,0.00794,0.00046,17.38095,False
chat,5:code,15,342,40,0.01587,0.0003,52.14286,False
chat,5:code,15,347,33,0.0131,0.00015,86.03571,False
chat,5:code,15,348,20,0.00794,0.00084,9.48052,False
chat,5:code,15,361,23,0.00913,0.00046,19.9881,False
chat,5:code,16,0,259,0.10278,0.00015,675.25,False
chat,5:code,16,11,41,0.01627,0.00038,42.75714,False
chat,5:code,16,27,28,0.01111,0.00023,48.66667,False
chat,5:code,16,35,29,0.01151,0.00099,11.63187,False
chat,5:code,16,40,139,0.05516,0.0,724.78571,True
chat,5:code,16,46,93,0.0369,8e-05,484.92857,False
chat,5:code,16,52,24,0.00952,0.00046,20.85714,False
chat,5:code,16,70,77,0.03056,0.0,401.5,True
chat,5:code,16,94,33,0.0131,0.00068,19.11905,False
chat,5:code,16,97,24,0.00952,0.0,125.14286,True
chat,5:code,16,100,48,0.01905,0.0,250.28571,True
chat,5:code,16,117,81,0.03214,0.0003,105.58929,False
chat,5:code,16,122,63,0.025,0.00023,109.5,False
chat,5:code,16,170,37,0.01468,0.00365,4.01935,False
chat,5:code,16,172,103,0.04087,0.0,537.07143,True
chat,5:code,16,179,27,0.01071,0.0,140.78571,True
chat,5:code,16,201,30,0.0119,0.0003,39.10714,False
chat,5:code,16,245,60,0.02381,0.00753,3.16017,False
chat,5:code,16,262,27,0.01071,0.0,140.78571,True
chat,5:code,16,317,56,0.02222,0.0,292.0,True
chat,5:code,16,329,23,0.00913,0.0,119.92857,True
chat,5:code,16,332,66,0.02619,0.00723,3.62256,False
chat,5:code,16,364,51,0.02024,0.00518,3.91071,False
chat,5:code,16,370,55,0.02183,0.0,286.78571,True
chat,5:code,17,8,21,0.00833,0.00015,54.75,False
chat,5:code,17,17,33,0.0131,0.00046,28.67857,False
chat,5:code,17,25,20,0.00794,0.0,104.28571,True
chat,5:code,17,30,31,0.0123,0.00251,4.89827,False
chat,5:code,17,36,34,0.01349,0.0,177.28571,True
chat,5:code,17,38,33,0.0131,0.0,172.07143,True
chat,5:code,17,43,26,0.01032,0.00183,5.64881,False
chat,5:code,17,59,56,0.02222,0.0,292.0,True
chat,5:code,17,67,41,0.01627,0.0,213.78571,True
chat,5:code,17,72,32,0.0127,0.0,166.85714,True
chat,5:code,17,73,22,0.00873,8e-05,114.71429,False
chat,5:code,17,74,25,0.00992,0.00129,7.66807,False
chat,5:code,17,91,27,0.01071,0.0,140.78571,True
chat,5:code,17,102,21,0.00833,0.0019,4.38,False
chat,5:code,17,149,20,0.00794,0.00015,52.14286,False
chat,5:code,17,151,39,0.01548,0.00373,4.15015,False
chat,5:code,17,161,68,0.02698,0.00753,3.58153,False
chat,5:code,17,163,21,0.00833,0.0,109.5,True
chat,5:code,17,177,29,0.01151,0.00221,5.21429,False
chat,5:code,17,212,30,0.0119,0.00053,22.34694,False
chat,5:code,17,220,45,0.01786,0.00076,23.46429,False
chat,5:code,17,264,23,0.00913,0.00038,23.98571,False
chat,5:code,17,274,59,0.02341,0.00061,38.45536,False
chat,5:code,17,285,39,0.01548,0.00084,18.48701,False
chat,5:code,17,329,33,0.0131,0.00053,24.58163,False
chat,5:code,17,351,20,0.00794,0.00175,4.53416,False
chat,5:code,17,365,291,0.11548,0.0,1517.35714,True
chat,5:code,18,16,28,0.01111,0.0,146.0,True
chat,5:code,18,46,48,0.01905,0.0,250.28571,True
chat,5:code,18,65,29,0.01151,0.00015,75.60714,False
chat,5:code,18,72,77,0.03056,0.00152,20.075,False
chat,5:code,18,73,30,0.0119,0.00023,52.14286,False
chat,5:code,18,77,47,0.01865,0.0,245.07143,True
chat,5:code,18,86,43,0.01706,0.0,224.21429,True
chat,5:code,18,96,83,0.03294,0.0003,108.19643,False
chat,5:code,18,97,37,0.01468,0.0,192.92857,True
chat,5:code,18,117,185,0.07341,0.0,964.64286,True
chat,5:code,18,132,40,0.01587,0.0003,52.14286,False
chat,5:code,18,133,41,0.01627,0.0,213.78571,True
chat,5:code,18,144,28,0.01111,0.0,146.0,True
chat,5:code,18,169,35,0.01389,0.0,182.5,True
chat,5:code,18,190,22,0.00873,0.00084,10.42857,False
chat,5:code,18,216,71,0.02817,0.0003,92.55357,False
chat,5:code,18,218,28,0.01111,0.00167,6.63636,False
chat,5:code,18,220,28,0.01111,0.00114,9.73333,False
chat,5:code,18,261,23,0.00913,0.00137,6.6627,False
chat,5:code,18,279,20,0.00794,0.0,104.28571,True
chat,5:code,18,310,37,0.01468,0.0,192.92857,True
chat,5:code,18,319,75,0.02976,0.0,391.07143,True
chat,5:code,18,321,38,0.01508,0.0,198.14286,True
chat,5:code,18,335,54,0.02143,0.00244,8.79911,False
chat,5:code,18,343,24,0.00952,0.00205,4.63492,False
chat,5:code,19,20,24,0.00952,0.00114,8.34286,False
chat,5:code,19,33,44,0.01746,0.00205,8.49735,False
chat,5:code,19,46,20,0.00794,0.00061,13.03571,False
chat,5:code,19,74,38,0.01508,0.0016,9.43537,False
chat,5:code,19,79,38,0.01508,0.00137,11.00794,False
chat,5:code,19,83,30,0.0119,0.00259,4.60084,False
chat,5:code,19,128,31,0.0123,0.0,161.64286,True
chat,5:code,19,131,26,0.01032,0.00046,22.59524,False
chat,5:code,19,140,25,0.00992,0.0019,5.21429,False
chat,5:code,19,147,31,0.0123,0.00145,8.50752,False
chat,5:code,19,179,21,0.00833,0.00015,54.75,False
chat,5:code,19,194,163,0.06468,0.0,849.92857,True
chat,5:code,19,199,22,0.00873,0.00236,3.70046,False
chat,5:code,19,220,22,0.00873,0.0,114.71429,True
chat,5:code,19,234,39,0.01548,0.00152,10.16786,False
chat,5:code,19,235,24,0.00952,0.00145,6.58647,False
chat,5:code,19,250,25,0.00992,0.0,130.35714,True
chat,5:code,19,254,66,0.02619,0.00152,17.20714,False
chat,5:code,19,260,28,0.01111,0.0,146.0,True
chat,5:code,19,298,171,0.06786,0.0,891.64286,True
chat,5:code,19,310,20,0.00794,0.0,104.28571,True
chat,5:code,19,363,23,0.00913,0.0,119.92857,True
chat,5:code,20,7,23,0.00913,0.0,119.92857,True
chat,5:code,20,15,26,0.01032,0.00061,16.94643,False
chat,5:code,20,18,28,0.01111,0.0,146.0,True
chat,5:code,20,25,20,0.00794,0.00068,11.5873,False
chat,5:code,20,28,72,0.02857,0.00068,41.71429,False
chat,5:code,20,33,20,0.00794,0.00091,8.69048,False
chat,5:code,20,36,26,0.01032,0.00084,12.32468,False
chat,5:code,20,42,21,0.00833,0.0,109.5,True
chat,5:code,20,72,23,0.00913,0.00183,4.99702,False
chat,5:code,20,83,23,0.00913,0.00282,3.24131,False
chat,5:code,20,116,79,0.03135,8e-05,411.92857,False
chat,5:code,20,143,47,0.01865,0.0,245.07143,True
chat,5:code,20,151,27,0.01071,0.0,140.78571,True
chat,5:code,20,164,64,0.0254,0.00015,166.85714,False
chat,5:code,20,177,29,0.01151,0.0,151.21429,True
chat,5:code,20,201,30,0.0119,8e-05,156.42857,False
chat,5:code,20,209,35,0.01389,0.00038,36.5,False
chat,5:code,20,210,52,0.02063,0.00084,24.64935,False
chat,5:code,20,231,88,0.03492,0.00023,152.95238,False
chat,5:code,20,262,336,0.13333,0.0,1752.0,True
chat,5:code,20,274,28,0.01111,0.0,146.0,True
chat,5:code,20,278,44,0.01746,0.00023,76.47619,False
chat,5:code,20,307,54,0.02143,0.00236,9.08295,False
chat,5:code,20,335,80,0.03175,0.00122,26.07143,False
chat,5:code,20,339,28,0.01111,0.00107,10.42857,False
chat,5:code,20,345,22,0.00873,0.00076,11.47143,False
chat,5:code,20,357,151,0.05992,0.00304,19.68393,False
chat,5:code,20,359,28,0.01111,0.0,146.0,True
chat,5:code,20,370,20,0.00794,0.0,104.28571,True
chat,5:code,21,4,24,0.00952,0.0,125.14286,True
chat,5:code,21,6,70,0.02778,0.00061,45.625,False
chat,5:code,21,15,32,0.0127,0.0,166.85714,True
chat,5:code,21,22,40,0.01587,0.00122,13.03571,False
chat,5:code,21,29,78,0.03095,0.00594,5.21429,False
chat,5:code,21,62,40,0.01587,0.0,208.57143,True
chat,5:code,21,89,80,0.03175,0.0003,104.28571,False
chat,5:code,21,120,35,0.01389,0.00129,10.73529,False
chat,5:code,21,126,36,0.01429,0.00046,31.28571,False
chat,5:code,21,128,43,0.01706,0.0,224.21429,True
chat,5:code,21,131,20,0.00794,0.00015,52.14286,False
chat,5:code,21,134,25,0.00992,8e-05,130.35714,False
chat,5:code,21,136,209,0.08294,0.01408,5.89073,False
chat,5:code,21,168,22,0.00873,0.00023,38.2381,False
chat,5:code,21,175,26,0.01032,0.00053,19.36735,False
chat,5:code,21,184,95,0.0377,0.0,495.35714,True
chat,5:code,21,188,20,0.00794,0.00061,13.03571,False
chat,5:code,21,206,28,0.01111,0.00183,6.08333,False
chat,5:code,21,211,163,0.06468,0.0,849.92857,True
chat,5:code,21,270,37,0.01468,0.0,192.92857,True
chat,5:code,21,280,45,0.01786,0.0,234.64286,True
chat,5:code,21,329,36,0.01429,0.0,187.71429,True
chat,5:code,21,359,57,0.02262,0.00068,33.02381,False
chat,5:code,21,381,31,0.0123,8e-05,161.64286,False
chat,5:code,22,15,127,0.0504,0.0,662.21429,True
chat,5:code,22,18,34,0.01349,8e-05,177.28571,False
chat,5:code,22,50,27,0.01071,0.0003,35.19643,False
chat,5:code,22,53,154,0.06111,0.0003,200.75,False
chat,5:code,22,74,70,0.02778,0.00023,121.66667,False
chat,5:code,22,78,21,0.00833,0.00274,3.04167,False
chat,5:code,22,84,30,0.0119,0.0,156.42857,True
chat,5:code,22,86,35,0.01389,0.00152,9.125,False
chat,5:code,22,87,30,0.0119,0.0,156.42857,True
chat,5:code,22,155,39,0.01548,0.00251,6.16234,False
chat,5:code,22,163,212,0.08413,0.00129,65.02521,False
chat,5:code,22,167,110,0.04365,0.0,573.57143,True
chat,5:code,22,233,20,0.00794,0.0,104.28571,True
chat,5:code,22,238,40,0.01587,0.00335,4.74026,False
chat,5:code,22,266,78,0.03095,0.00068,45.19048,False
chat,5:code,22,313,24,0.00952,0.00015,62.57143,False
chat,5:code,22,321,81,0.03214,0.00137,23.46429,False
chat,5:code,22,323,37,0.01468,0.00236,6.2235,False
chat,5:code,22,343,30,0.0119,0.0,156.42857,True
chat,5:code,22,350,33,0.0131,0.00114,11.47143,False
chat,5:code,23,16,41,0.01627,0.00076,21.37857,False
chat,5:code,23,57,23,0.00913,0.00266,3.42653,False
chat,5:code,23,60,124,0.04921,8e-05,646.57143,False
chat,5:code,23,64,20,0.00794,0.00122,6.51786,False
chat,5:code,23,69,22,0.00873,0.00107,8.19388,False
chat,5:code,23,90,35,0.01389,0.00244,5.70312,False
chat,5:code,23,110,21,0.00833,0.0,109.5,True
chat,5:code,23,113,20,0.00794,8e-05,104.28571,False
chat,5:code,23,147,26,0.01032,8e-05,135.57143,False
chat,5:code,23,152,21,0.00833,0.00053,15.64286,False
chat,5:code,23,154,22,0.00873,0.0,114.71429,True
chat,5:code,23,164,42,0.01667,0.0003,54.75,False
chat,5:code,23,184,50,0.01984,0.00023,86.90476,False
chat,5:code,23,198,22,0.00873,0.00076,11.47143,False
chat,5:code,23,209,28,0.01111,0.0016,6.95238,False
chat,5:code,23,243,45,0.01786,0.00053,33.52041,False
chat,5:code,23,304,105,0.04167,0.00076,54.75,False
chat,5:code,23,322,29,0.01151,0.0,151.21429,True
chat,5:code,23,341,43,0.01706,0.00076,22.42143,False
chat,5:code,23,342,26,0.01032,0.00053,19.36735,False
chat,5:code,23,358,38,0.01508,0.00068,22.01587,False
chat,5:code,23,364,66,0.02619,0.00434,6.03759,False
chat,5:code,23,366,76,0.03016,0.00434,6.95238,False
chat,5:code,24,6,55,0.02183,0.00091,23.89881,False
chat,5:code,24,10,119,0.04722,0.01027,4.5963,False
chat,5:code,24,57,71,0.02817,0.0,370.21429,True
chat,5:code,24,60,51,0.02024,0.00479,4.22109,False
chat,5:code,24,66,271,0.10754,0.0,1413.07143,True
chat,5:code,24,76,29,0.01151,0.00046,25.20238,False
chat,5:code,24,87,41,0.01627,0.0,213.78571,True
chat,5:code,24,92,34,0.01349,0.0,177.28571,True
chat,5:code,24,131,38,0.01508,0.0,198.14286,True
chat,5:code,24,138,22,0.00873,0.0,114.71429,True
chat,5:code,24,147,80,0.03175,0.00335,9.48052,False
chat,5:code,24,165,46,0.01825,0.00266,6.85306,False
chat,5:code,24,176,58,0.02302,0.0,302.42857,True
chat,5:code,24,181,20,0.00794,0.00091,8.69048,False
chat,5:code,24,189,21,0.00833,0.0,109.5,True
chat,5:code,24,195,33,0.0131,0.00198,6.61813,False
chat,5:code,24,214,30,0.0119,0.00053,22.34694,False
chat,5:code,24,225,77,0.03056,0.0054,5.65493,False
chat,5:code,24,231,30,0.0119,0.00228,5.21429,False
chat,5:code,24,237,41,0.01627,0.00518,3.14391,False
chat,5:code,24,248,25,0.00992,0.00099,10.02747,False
chat,5:code,24,275,21,0.00833,0.00015,54.75,False
chat,5:code,24,281,29,0.01151,0.00099,11.63187,False
chat,5:code,24,283,20,0.00794,0.00068,11.5873,False
chat,5:code,24,321,31,0.0123,0.0,161.64286,True
chat,5:code,24,326,141,0.05595,0.0,735.21429,True
chat,5:code,24,332,94,0.0373,0.0,490.14286,True
chat,5:code,24,336,26,0.01032,0.00152,6.77857,False
chat,5:code,24,351,52,0.02063,0.0003,67.78571,False
chat,5:code,24,353,54,0.02143,0.00015,140.78571,False
chat,5:code,25,1,22,0.00873,0.00015,57.35714,False
chat,5:code,25,3,66,0.02619,0.00046,57.35714,False
chat,5:code,25,7,42,0.01667,0.0,219.0,True
chat,5:code,25,15,20,0.00794,8e-05,104.28571,False
chat,5:code,25,37,30,0.0119,0.0003,39.10714,False
chat,5:code,25,56,26,0.01032,0.00167,6.16234,False
chat,5:code,25,58,23,0.00913,0.00145,6.31203,False
chat,5:code,25,98,36,0.01429,0.00107,13.40816,False
chat,5:code,25,111,21,0.00833,8e-05,109.5,False
chat,5:code,25,112,27,0.01071,0.00152,7.03929,False
chat,5:code,25,114,55,0.02183,8e-05,286.78571,False
chat,5:code,25,128,65,0.02579,8e-05,338.92857,False
chat,5:code,25,134,61,0.02421,0.00327,7.39701,False
chat,5:code,25,140,99,0.03929,0.0,516.21429,True
chat,5:code,25,178,25,0.00992,0.0,130.35714,True
chat,5:code,25,210,22,0.00873,0.00084,10.42857,False
chat,5:code,25,220,240,0.09524,0.00015,625.71429,False
chat,5:code,25,231,32,0.0127,0.0,166.85714,True
chat,5:code,25,233,52,0.02063,0.00046,45.19048,False
chat,5:code,25,237,38,0.01508,0.0,198.14286,True
chat,5:code,25,260,48,0.01905,0.00616,3.08995,False
chat,5:code,25,273,23,0.00913,0.0,119.92857,True
chat,5:code,25,290,46,0.01825,0.00129,14.10924,False
chat,5:code,25,295,55,0.02183,0.00053,40.96939,False
chat,5:code,25,320,20,0.00794,8e-05,104.28571,False
chat,5:code,25,336,42,0.01667,0.00046,36.5,False
chat,5:code,25,337,23,0.00913,0.00053,17.13265,False
chat,5:code,25,349,47,0.01865,8e-05,245.07143,False
chat,5:code,25,375,27,0.01071,0.00152,7.03929,False
chat,5:code,25,381,269,0.10675,0.0,1402.64286,True
chat,5:code,26,17,65,0.02579,0.00586,4.40167,False
chat,5:code,26,20,30,0.0119,0.00198,6.01648,False
chat,5:code,26,39,42,0.01667,0.00198,8.42308,False
chat,5:code,26,60,27,0.01071,0.00023,46.92857,False
chat,5:code,26,70,53,0.02103,0.0003,69.08929,False
chat,5:code,26,87,21,0.00833,0.00137,6.08333,False
chat,5:code,26,116,22,0.00873,0.00167,5.21429,False
chat,5:code,26,123,83,0.03294,0.00084,39.34416,False
chat,5:code,26,126,20,0.00794,0.00091,8.69048,False
chat,5:code,26,134,159,0.0631,0.00053,118.43878,False
chat,5:code,26,136,20,0.00794,0.0,104.28571,True
chat,5:code,26,169,60,0.02381,0.0,312.85714,True
chat,5:code,26,185,28,0.01111,0.0,146.0,True
chat,5:code,26,200,45,0.01786,0.00495,3.60989,False
chat,5:code,26,206,45,0.01786,0.0,234.64286,True
chat,5:code,26,217,153,0.06071,0.00259,23.46429,False
chat,5:code,26,239,23,0.00913,0.00251,3.6342,False
chat,5:code,26,244,29,0.01151,0.00015,75.60714,False
chat,5:code,26,257,96,0.0381,0.00038,100.11429,False
chat,5:code,26,264,27,0.01071,0.0,140.78571,True
chat,5:code,26,265,20,0.00794,0.0,104.28571,True
chat,5:code,26,287,22,0.00873,0.00023,38.2381,False
chat,5:code,26,311,44,0.01746,8e-05,229.42857,False
chat,5:code,26,328,37,0.01468,0.00114,12.8619,False
chat,5:code,26,333,23,0.00913,0.00061,14.99107,False
chat,5:code,26,334,31,0.0123,0.0,161.64286,True
chat,5:code,26,345,74,0.02937,0.00274,10.71825,False
chat,5:code,26,355,43,0.01706,0.00076,22.42143,False
chat,5:code,26,357,33,0.0131,0.00114,11.47143,False
chat,5:code,26,370,107,0.04246,0.00221,19.23892,False
chat,5:code,26,380,63,0.025,0.0019,13.14,False
chat,5:code,27,5,264,0.10476,0.0,1376.57143,True
chat,5:code,27,10,54,0.02143,0.00236,9.08295,False
chat,5:code,27,14,34,0.01349,0.00213,6.33163,False
chat,5:code,27,23,29,0.01151,0.00114,10.08095,False
chat,5:code,27,40,56,0.02222,0.00639,3.47619,False
chat,5:code,27,43,27,0.01071,0.0,140.78571,True
chat,5:code,27,66,21,0.00833,0.00015,54.75,False
chat,5:code,27,77,45,0.01786,0.00053,33.52041,False
chat,5:code,27,89,40,0.01587,0.00015,104.28571,False
chat,5:code,27,105,54,0.02143,0.0003,70.39286,False
chat,5:code,27,126,22,0.00873,0.00107,8.19388,False
chat,5:code,27,133,20,0.00794,0.00061,13.03571,False
chat,5:code,27,154,204,0.08095,8e-05,1063.71429,False
chat,5:code,27,158,28,0.01111,0.00084,13.27273,False
chat,5:code,27,186,25,0.00992,0.00274,3.62103,False
chat,5:code,27,201,24,0.00952,8e-05,125.14286,False
chat,5:code,27,202,38,0.01508,0.00038,39.62857,False
chat,5:code,27,217,21,0.00833,0.0,109.5,True
chat,5:code,27,222,122,0.04841,0.00061,79.51786,False
chat,5:code,27,231,21,0.00833,0.0,109.5,True
chat,5:code,27,242,32,0.0127,0.0,166.85714,True
chat,5:code,27,264,80,0.03175,0.0,417.14286,True
chat,5:code,27,265,36,0.01429,0.00015,93.85714,False
chat,5:code,27,291,36,0.01429,0.00228,6.25714,False
chat,5:code,27,293,64,0.0254,0.00038,66.74286,False
chat,5:code,27,306,22,0.00873,0.00061,14.33929,False
chat,5:code,27,369,26,0.01032,8e-05,135.57143,False
chat,5:code,28,11,32,0.0127,8e-05,166.85714,False
chat,5:code,28,18,37,0.01468,0.00335,4.38474,False
chat,5:code,28,25,42,0.01667,0.00449,3.71186,False
chat,5:code,28,38,102,0.04048,0.0,531.85714,True
chat,5:code,28,59,57,0.02262,0.00205,11.00794,False
chat,5:code,28,86,160,0.06349,0.00411,15.44974,False
chat,5:code,28,118,64,0.0254,0.00015,166.85714,False
chat,5:code,28,121,21,0.00833,0.00091,9.125,False
chat,5:code,28,125,21,0.00833,0.00251,3.31818,False
chat,5:code,28,143,134,0.05317,8e-05,698.71429,False
chat,5:code,28,148,31,0.0123,0.00152,8.08214,False
chat,5:code,28,181,120,0.04762,0.0,625.71429,True
chat,5:code,28,206,38,0.01508,0.0,198.14286,True
chat,5:code,28,221,25,0.00992,0.00053,18.62245,False
chat,5:code,28,224,92,0.03651,0.0,479.71429,True
chat,5:code,28,243,20,0.00794,0.00015,52.14286,False
chat,5:code,28,262,27,0.01071,0.00152,7.03929,False
chat,5:code,28,271,26,0.01032,0.00091,11.29762,False
chat,5:code,28,296,133,0.05278,0.00518,10.19853,False
chat,5:code,28,320,165,0.06548,0.0,860.35714,True
chat,5:code,28,330,54,0.02143,0.00228,9.38571,False
chat,5:code,28,361,48,0.01905,0.0,250.28571,True
chat,5:code,28,367,48,0.01905,0.00053,35.7551,False
chat,5:code,28,380,21,0.00833,0.00061,13.6875,False
chat,5:code,29,9,62,0.0246,0.0,323.28571,True
chat,5:code,29,11,23,0.00913,0.00289,3.15602,False
chat,5:code,29,13,28,0.01111,0.00023,48.66667,False
chat,5:code,29,21,38,0.01508,8e-05,198.14286,False
chat,5:code,29,33,20,0.00794,0.0,104.28571,True
chat,5:code,29,47,21,0.00833,0.0,109.5,True
chat,5:code,29,48,28,0.01111,0.0,146.0,True
chat,5:code,29,84,25,0.00992,0.0,130.35714,True
chat,5:code,29,85,316,0.1254,0.0003,411.92857,False
chat,5:code,29,105,55,0.02183,0.00616,3.54056,False
chat,5:code,29,125,21,0.00833,0.00152,5.475,False
chat,5:code,29,161,61,0.02421,0.0,318.07143,True
chat,5:code,29,173,22,0.00873,0.00091,9.55952,False
chat,5:code,29,214,29,0.01151,0.00061,18.90179,False
chat,5:code,29,218,29,0.01151,0.00122,9.45089,False
chat,5:code,29,233,29,0.01151,0.00068,16.80159,False
chat,5:code,29,252,30,0.0119,0.00137,8.69048,False
chat,5:code,29,258,34,0.01349,0.00107,12.66327,False
chat,5:code,29,277,39,0.01548,0.00335,4.62175,False
chat,5:code,29,280,21,0.00833,0.00221,3.77586,False
chat,5:code,29,289,134,0.05317,0.0,698.71429,True
chat,5:code,29,306,21,0.00833,8e-05,109.5,False
chat,5:code,29,359,20,0.00794,0.00099,8.02198,False
chat,5:code,29,364,51,0.02024,0.0,265.92857,True
chat,5:code,29,367,50,0.01984,0.00167,11.85065,False
chat,5:code,30,16,28,0.01111,8e-05,146.0,False
chat,5:code,30,50,50,0.01984,0.00578,3.43045,False
chat,5:code,30,97,22,0.00873,0.0,114.71429,True
chat,5:code,30,106,54,0.02143,0.00205,10.42857,False
chat,5:code,30,110,39,0.01548,0.0,203.35714,True
chat,5:code,30,137,102,0.04048,0.0,531.85714,True
chat,5:code,30,143,25,0.00992,0.00046,21.72619,False
chat,5:code,30,146,119,0.04722,0.0,620.5,True
chat,5:code,30,149,27,0.01071,0.00342,3.12857,False
chat,5:code,30,154,26,0.01032,0.00053,19.36735,False
chat,5:code,30,161,35,0.01389,0.0,182.5,True
chat,5:code,30,170,26,0.01032,0.00015,67.78571,False
chat,5:code,30,171,31,0.0123,8e-05,161.64286,False
chat,5:code,30,193,24,0.00952,0.0,125.14286,True
chat,5:code,30,205,38,0.01508,0.0016,9.43537,False
chat,5:code,30,226,24,0.00952,0.00091,10.42857,False
chat,5:code,30,229,26,0.01032,0.00053,19.36735,False
chat,5:code,30,233,86,0.03413,0.01096,3.11409,False
chat,5:code,30,255,48,0.01905,0.0019,10.01143,False
chat,5:code,30,263,60,0.02381,0.0,312.85714,True
chat,5:code,30,264,38,0.01508,8e-05,198.14286,False
chat,5:code,30,281,34,0.01349,0.0016,8.44218,False
chat,5:code,30,286,20,0.00794,0.00221,3.59606,False
chat,5:code,30,303,23,0.00913,0.0003,29.98214,False
chat,5:code,30,324,55,0.02183,0.00152,14.33929,False
chat,5:code,30,327,120,0.04762,0.00046,104.28571,False
chat,5:code,30,329,51,0.02024,0.00053,37.9898,False
chat,5:code,30,355,51,0.02024,0.00228,8.86429,False
chat,5:code,30,365,100,0.03968,0.0,521.42857,True
chat,5:code,30,376,35,0.01389,0.00213,6.51786,False
chat,5:code,31,19,53,0.02103,0.0,276.35714,True
chat,5:code,31,25,35,0.01389,0.00175,7.93478,False
chat,5:code,31,31,43,0.01706,0.00122,14.01339,False
chat,5:code,31,36,45,0.01786,0.0032,5.58673,False
chat,5:code,31,37,24,0.00952,0.00274,3.47619,False
chat,5:code,31,48,24,0.00952,0.00015,62.57143,False
chat,5:code,31,64,63,0.025,0.00495,5.05385,False
chat,5:code,31,70,83,0.03294,0.00107,30.91327,False
chat,5:code,31,88,20,0.00794,0.0,104.28571,True
chat,5:code,31,99,21,0.00833,0.00274,3.04167,False
chat,5:code,31,102,33,0.0131,0.0,172.07143,True
chat,5:code,31,105,21,0.00833,0.00183,4.5625,False
chat,5:code,31,133,25,0.00992,0.00183,5.43155,False
chat,5:code,31,137,21,0.00833,0.00046,18.25,False
chat,5:code,31,141,24,0.00952,0.00015,62.57143,False
chat,5:code,31,143,26,0.01032,0.00167,6.16234,False
chat,5:code,31,155,43,0.01706,0.00221,7.73153,False
chat,5:code,31,160,39,0.01548,0.0035,4.42081,False
chat,5:code,31,171,25,0.00992,0.00023,43.45238,False
chat,5:code,31,175,23,0.00913,0.0,119.92857,True
chat,5:code,31,188,108,0.04286,0.01111,3.85714,False
chat,5:code,31,198,20,0.00794,0.0,104.28571,True
chat,5:code,31,202,34,0.01349,0.00038,35.45714,False
chat,5:code,31,208,21,0.00833,0.00122,6.84375,False
chat,5:code,31,211,39,0.01548,0.0,203.35714,True
chat,5:code,31,229,24,0.00952,0.0,125.14286,True
chat,5:code,31,272,82,0.03254,0.00023,142.52381,False
chat,5:code,31,276,65,0.02579,8e-05,338.92857,False
chat,5:code,31,312,44,0.01746,0.0,229.42857,True
chat,5:code,31,317,25,0.00992,0.0016,6.20748,False
chat,5:code,31,351,62,0.0246,0.00038,64.65714,False
chat,5:code,31,357,41,0.01627,0.0,213.78571,True
chat,5:code,32,8,37,0.01468,0.0,192.92857,True
chat,5:code,32,13,30,0.0119,0.00046,26.07143,False
chat,5:code,32,29,66,0.02619,0.00312,8.39373,False
chat,5:code,32,37,23,0.00913,0.00167,5.4513,False
chat,5:code,32,41,44,0.01746,0.00518,3.37395,False
chat,5:code,32,43,23,0.00913,0.0,119.92857,True
chat,5:code,32,56,44,0.01746,0.0,229.42857,True
chat,5:code,32,71,22,0.00873,0.0,114.71429,True
chat,5:code,32,88,102,0.04048,0.00015,265.92857,False
chat,5:code,32,137,26,0.01032,8e-05,135.57143,False
chat,5:code,32,193,132,0.05238,0.00015,344.14286,False
chat,5:code,32,246,74,0.02937,0.00578,5.07707,False
chat,5:code,32,247,22,0.00873,0.00205,4.24868,False
chat,5:code,32,248,55,0.02183,0.0,286.78571,True
chat,5:code,32,261,35,0.01389,0.00183,7.60417,False
chat,5:code,32,288,54,0.02143,0.00297,7.21978,False
chat,5:code,32,303,52,0.02063,0.00145,14.27068,False
chat,5:code,32,309,32,0.0127,0.0,166.85714,True
chat,5:code,32,333,22,0.00873,0.0,114.71429,True
chat,5:code,32,337,45,0.01786,0.0,234.64286,True
chat,5:code,32,344,282,0.1119,8e-05,1470.42857,False
chat,5:code,32,351,22,0.00873,0.00244,3.58482,False
chat,5:code,32,355,27,0.01071,0.00342,3.12857,False
chat,5:code,32,363,23,0.00913,8e-05,119.92857,False
chat,5:code,32,367,21,0.00833,0.00068,12.16667,False
chat,5:code,32,373,25,0.00992,0.00145,6.8609,False
chat,5:code,32,380,26,0.01032,0.00167,6.16234,False
chat,5:code,32,383,38,0.01508,0.00099,15.24176,False
chat,5:code,33,4,23,0.00913,0.00015,59.96429,False
chat,5:code,33,30,23,0.00913,0.00023,39.97619,False
chat,5:code,33,92,20,0.00794,8e-05,104.28571,False
chat,5:code,33,119,22,0.00873,0.00175,4.98758,False
chat,5:code,33,122,66,0.02619,0.00091,28.67857,False
chat,5:code,33,125,31,0.0123,8e-05,161.64286,False
chat,5:code,33,134,30,0.0119,0.00122,9.77679,False
chat,5:code,33,135,161,0.06389,0.0003,209.875,False
chat,5:code,33,153,24,0.00952,0.0,125.14286,True
chat,5:code,33,169,170,0.06746,0.0,886.42857,True
chat,5:code,33,173,36,0.01429,8e-05,187.71429,False
chat,5:code,33,190,20,0.00794,0.00221,3.59606,False
chat,5:code,33,210,22,0.00873,0.00099,8.82418,False
chat,5:code,33,216,20,0.00794,0.00038,20.85714,False
chat,5:code,33,217,30,0.0119,0.0,156.42857,True
chat,5:code,33,229,62,0.0246,0.007,3.51398,False
chat,5:code,33,269,107,0.04246,0.0,557.92857,True
chat,5:code,33,283,52,0.02063,0.00228,9.0381,False
chat,5:code,33,327,41,0.01627,0.00145,11.25188,False
chat,5:code,33,337,42,0.01667,0.00282,5.91892,False
chat,5:code,33,343,58,0.02302,0.0016,14.40136,False
chat,5:code,33,354,24,0.00952,8e-05,125.14286,False
chat,5:code,33,381,53,0.02103,0.00251,8.37446,False
chat,5:code,34,14,56,0.02222,0.00015,146.0,False
chat,5:code,34,44,48,0.01905,0.00495,3.85055,False
chat,5:code,34,74,20,0.00794,0.00221,3.59606,False
chat,5:code,34,81,33,0.0131,8e-05,172.07143,False
chat,5:code,34,82,21,0.00833,0.00221,3.77586,False
chat,5:code,34,90,44,0.01746,0.00236,7.40092,False
chat,5:code,34,97,21,0.00833,0.00046,18.25,False
chat,5:code,34,103,69,0.02738,0.0,359.78571,True
chat,5:code,34,107,56,0.02222,0.00266,8.34286,False
chat,5:code,34,108,46,0.01825,0.0,239.85714,True
chat,5:code,34,134,49,0.01944,0.00312,6.23171,False
chat,5:code,34,167,46,0.01825,0.00046,39.97619,False
chat,5:code,34,172,24,0.00952,0.0,125.14286,True
chat,5:code,34,185,43,0.01706,8e-05,224.21429,False
chat,5:code,34,187,38,0.01508,0.00015,99.07143,False
chat,5:code,34,203,32,0.0127,0.0,166.85714,True
chat,5:code,34,204,20,0.00794,0.00015,52.14286,False
chat,5:code,34,229,48,0.01905,0.00449,4.24213,False
chat,5:code,34,230,22,0.00873,0.0,114.71429,True
chat,5:code,34,250,22,0.00873,0.00175,4.98758,False
chat,5:code,34,261,29,0.01151,0.0,151.21429,True
chat,5:code,34,265,26,0.01032,8e-05,135.57143,False
chat,5:code,34,275,40,0.01587,0.00076,20.85714,False
chat,5:code,34,288,87,0.03452,0.00183,18.90179,False
chat,5:code,34,308,25,0.00992,0.00198,5.01374,False
chat,5:code,34,309,26,0.01032,0.00068,15.06349,False
chat,5:code,34,318,27,0.01071,0.00327,3.27409,False
chat,5:code,34,355,57,0.02262,0.0067,3.37744,False
chat,5:code,34,382,23,0.00913,0.0,119.92857,True
chat,5:code,35,11,33,0.0131,0.00244,5.37723,False
chat,5:code,35,34,55,0.02183,0.00578,3.7735,False
chat,5:code,35,58,28,0.01111,0.00038,29.2,False
chat,5:code,35,102,24,0.00952,0.0003,31.28571,False
chat,5:code,35,103,58,0.02302,0.00137,16.80159,False
chat,5:code,35,141,43,0.01706,0.0,224.21429,True
chat,5:code,35,162,37,0.01468,0.00221,6.65271,False
chat,5:code,35,177,22,0.00873,0.0,114.71429,True
chat,5:code,35,194,25,0.00992,0.0,130.35714,True
chat,5:code,35,237,20,0.00794,0.00038,20.85714,False
chat,5:code,35,266,49,0.01944,0.00015,127.75,False
chat,5:code,35,284,26,0.01032,0.00046,22.59524,False
chat,5:code,35,286,24,0.00952,0.00068,13.90476,False
chat,5:code,35,295,22,0.00873,0.00046,19.11905,False
chat,5:code,35,303,38,0.01508,0.00312,4.83275,False
chat,5:code,35,306,108,0.04286,0.01423,3.01146,False
chat,5:code,35,313,20,0.00794,0.00099,8.02198,False
chat,5:code,35,324,29,0.01151,0.0,151.21429,True
chat,5:code,35,350,36,0.01429,0.0,187.71429,True
chat,5:code,35,351,25,0.00992,0.0,130.35714,True
chat,5:code,35,355,170,0.06746,0.00076,88.64286,False
chat,5:code,35,365,60,0.02381,0.0,312.85714,True
chat,5:code,35,366,24,0.00952,0.0,125.14286,True
chat,5:code,35,367,26,0.01032,0.00015,67.78571,False
chat,5:code,35,368,23,0.00913,8e-05,119.92857,False
chat,5:code,35,372,20,0.00794,0.0003,26.07143,False
chat,5:code,36,7,22,0.00873,0.00107,8.19388,False
chat,5:code,36,19,86,0.03413,8e-05,448.42857,False
chat,5:code,36,22,48,0.01905,0.00312,6.10453,False
chat,5:code,36,25,33,0.0131,0.00304,4.30179,False
chat,5:code,36,28,49,0.01944,0.00419,4.64545,False
chat,5:code,36,42,38,0.01508,0.00167,9.00649,False
chat,5:code,36,43,36,0.01429,0.00068,20.85714,False
chat,5:code,36,76,189,0.075,0.00708,10.59677,False
chat,5:code,36,190,26,0.01032,0.00145,7.13534,False
chat,5:code,36,197,58,0.02302,0.00396,5.81593,False
chat,5:code,36,231,30,0.0119,0.00205,5.79365,False
chat,5:code,36,253,34,0.01349,0.00076,17.72857,False
chat,5:code,36,277,31,0.0123,0.0,161.64286,True
chat,5:code,36,279,20,0.00794,8e-05,104.28571,False
chat,5:code,36,285,38,0.01508,8e-05,198.14286,False
chat,5:code,36,304,55,0.02183,0.00129,16.86975,False
chat,5:code,36,313,58,0.02302,0.00693,3.32339,False
chat,5:code,36,324,29,0.01151,0.00198,5.81593,False
chat,5:code,36,325,32,0.0127,0.00145,8.78195,False
chat,5:code,36,337,30,0.0119,0.0003,39.10714,False
chat,5:code,36,350,29,0.01151,0.00107,10.80102,False
chat,5:code,36,362,25,0.00992,0.00129,7.66807,False
chat,5:code,36,369,39,0.01548,0.00091,16.94643,False
chat,5:code,36,380,28,0.01111,0.0,146.0,True
chat,5:code,37,6,29,0.01151,0.00274,4.2004,False
chat,5:code,37,8,23,0.00913,0.00076,11.99286,False
chat,5:code,37,15,29,0.01151,0.00122,9.45089,False
chat,5:code,37,21,28,0.01111,0.0,146.0,True
chat,5:code,37,26,28,0.01111,0.00023,48.66667,False
chat,5:code,37,30,44,0.01746,0.00015,114.71429,False
chat,5:code,37,39,50,0.01984,0.00137,14.48413,False
chat,5:code,37,67,26,0.01032,0.00053,19.36735,False
chat,5:code,37,71,42,0.01667,0.00335,4.97727,False
chat,5:code,37,181,47,0.01865,0.00129,14.41597,False
chat,5:code,37,223,57,0.02262,0.00068,33.02381,False
chat,5:code,37,228,175,0.06944,0.0,912.5,True
chat,5:code,37,230,108,0.04286,0.00145,29.6391,False
chat,5:code,37,234,47,0.01865,0.00616,3.02557,False
chat,5:code,37,240,20,0.00794,0.00099,8.02198,False
chat,5:code,37,279,64,0.0254,0.00441,5.75369,False
chat,5:code,37,316,113,0.04484,0.00046,98.20238,False
chat,5:code,37,322,23,0.00913,0.0,119.92857,True
chat,5:code,37,344,20,0.00794,0.00152,5.21429,False
chat,5:code,37,372,24,0.00952,0.00221,4.31527,False
chat,5:code,37,380,91,0.03611,0.00769,4.69802,False
chat,5:code,38,21,49,0.01944,0.00091,21.29167,False
chat,5:code,38,24,23,0.00913,0.00259,3.52731,False
chat,5:code,38,28,46,0.01825,0.0019,9.59429,False
chat,5:code,38,33,60,0.02381,0.00502,4.74026,False
chat,5:code,38,67,20,0.00794,0.00114,6.95238,False
chat,5:code,38,70,22,0.00873,0.0,114.71429,True
chat,5:code,38,80,33,0.0131,0.0,172.07143,True
chat,5:code,38,90,30,0.0119,0.00114,10.42857,False
chat,5:code,38,93,20,0.00794,0.00038,20.85714,False
chat,5:code,38,103,24,0.00952,0.0,125.14286,True
chat,5:code,38,107,87,0.03452,0.00023,151.21429,False
chat,5:code,38,139,46,0.01825,0.00167,10.9026,False
chat,5:code,38,179,59,0.02341,0.0003,76.91071,False
chat,5:code,38,197,24,0.00952,0.00068,13.90476,False
chat,5:code,38,246,43,0.01706,0.00023,74.7381,False
chat,5:code,38,249,21,0.00833,0.00053,15.64286,False
chat,5:code,38,250,26,0.01032,0.0,135.57143,True
chat,5:code,38,296,36,0.01429,0.0003,46.92857,False
chat,5:code,38,298,35,0.01389,0.00023,60.83333,False
chat,5:code,38,301,68,0.02698,0.0003,88.64286,False
chat,5:code,38,318,27,0.01071,0.00289,3.70489,False
chat,5:code,38,322,32,0.0127,0.0019,6.67429,False
chat,5:code,38,334,41,0.01627,8e-05,213.78571,False
chat,5:code,38,354,53,0.02103,0.0,276.35714,True
chat,5:code,38,360,31,0.0123,0.00038,32.32857,False
chat,5:code,38,375,39,0.01548,0.00152,10.16786,False
chat,5:code,39,4,57,0.02262,0.00107,21.22959,False
chat,5:code,39,6,42,0.01667,0.0032,5.21429,False
chat,5:code,39,7,45,0.01786,0.00099,18.04945,False
chat,5:code,39,14,25,0.00992,0.00297,3.34249,False
chat,5:code,39,54,50,0.01984,0.0,260.71429,True
chat,5:code,39,58,20,0.00794,0.00236,3.36406,False
chat,5:code,39,119,69,0.02738,0.00297,9.22527,False
chat,5:code,39,133,26,0.01032,0.00244,4.23661,False
chat,5:code,39,142,49,0.01944,0.00388,5.0098,False
chat,5:code,39,155,33,0.0131,0.0003,43.01786,False
chat,5:code,39,159,30,0.0119,0.00107,11.17347,False
chat,5:code,39,181,23,0.00913,0.00053,17.13265,False
chat,5:code,39,189,42,0.01667,0.00015,109.5,False
chat,5:code,39,190,30,0.0119,0.0016,7.44898,False
chat,5:code,39,203,40,0.01587,0.00091,17.38095,False
chat,5:code,39,231,41,0.01627,0.0,213.78571,True
chat,5:code,39,236,21,0.00833,0.00046,18.25,False
chat,5:code,39,261,49,0.01944,0.00107,18.25,False
chat,5:code,39,295,21,0.00833,0.00046,18.25,False
chat,5:code,39,307,36,0.01429,0.00365,3.91071,False
chat,5:code,39,328,28,0.01111,0.00167,6.63636,False
chat,5:code,39,336,54,0.02143,8e-05,281.57143,False
chat,5:code,39,349,33,0.0131,8e-05,172.07143,False
chat,5:code,39,360,28,0.01111,0.00145,7.68421,False
chat,5:code,39,371,20,0.00794,0.00122,6.51786,False
chat,5:code,39,382,26,0.01032,0.00046,22.59524,False
chat,6:zh travel,0,54,98,0.03347,0.0099,3.38206,False
chat,6:zh travel,0,114,97,0.03313,0.01068,3.1014,False
chat,6:zh travel,0,146,104,0.03552,0.00958,3.7068,False
chat,6:zh travel,0,148,254,0.08675,0.00086,100.4076,False
chat,6:zh travel,0,157,56,0.01913,0.0033,5.79781,False
chat,6:zh travel,0,182,76,0.02596,0.00306,8.47373,False
chat,6:zh travel,0,184,60,0.02049,0.00463,4.42206,False
chat,6:zh travel,0,218,88,0.03005,0.00055,54.66511,False
chat,6:zh travel,0,233,25,0.00854,0.0022,3.88246,False
chat,6:zh travel,0,244,36,0.0123,0.00047,26.09016,False
chat,6:zh travel,0,272,44,0.01503,0.00385,3.90465,False
chat,6:zh travel,0,340,71,0.02425,0.00715,3.39268,False
chat,6:zh travel,1,12,24,0.0082,0.00055,14.90867,False
chat,6:zh travel,1,35,25,0.00854,0.00236,3.62363,False
chat,6:zh travel,1,40,45,0.01537,0.00016,97.83811,False
chat,6:zh travel,1,76,125,0.04269,0.00432,9.88264,False
chat,6:zh travel,1,79,119,0.04064,0.00157,25.87275,False
chat,6:zh travel,1,95,46,0.01571,0.00361,4.34836,False
chat,6:zh travel,1,109,53,0.0181,8e-05,230.46311,False
chat,6:zh travel,1,116,200,0.06831,0.0121,5.64722,False
chat,6:zh travel,1,149,36,0.0123,0.00016,78.27049,False
chat,6:zh travel,1,157,25,0.00854,0.00016,54.35451,False
chat,6:zh travel,1,200,50,0.01708,0.00511,3.34489,False
chat,6:zh travel,1,265,62,0.02117,0.00408,5.18458,False
chat,6:zh travel,1,289,69,0.02357,0.00196,12.00148,False
chat,6:zh travel,1,302,68,0.02322,0.00456,5.09808,False
chat,6:zh travel,1,349,40,0.01366,0.00212,6.44202,False
chat,6:zh travel,1,351,94,0.0321,0.0,408.7459,True
chat,6:zh travel,1,362,22,0.00751,0.00204,3.67938,False
chat,6:zh travel,2,22,170,0.05806,0.01665,3.48689,False
chat,6:zh travel,2,28,107,0.03654,0.0,465.27459,True
chat,6:zh travel,2,45,26,0.00888,0.00173,5.13897,False
chat,6:zh travel,2,59,22,0.00751,0.00031,23.91598,False
chat,6:zh travel,2,74,57,0.01947,0.00628,3.09821,False
chat,6:zh travel,2,78,82,0.02801,0.00016,178.28279,False
chat,6:zh travel,2,144,60,0.02049,0.0044,4.65896,False
chat,6:zh travel,2,152,38,0.01298,0.00024,55.07923,False
chat,6:zh travel,2,154,24,0.0082,0.0,104.36066,True
chat,6:zh travel,2,162,57,0.01947,0.00071,27.53962,False
chat,6:zh travel,2,169,66,0.02254,0.00487,4.6289,False
chat,6:zh travel,2,205,52,0.01776,0.00534,3.32522,False
chat,6:zh travel,2,207,103,0.03518,0.00558,6.30819,False
chat,6:zh travel,2,215,75,0.02561,0.00228,11.24576,False
chat,6:zh travel,2,264,54,0.01844,0.00511,3.61248,False
chat,6:zh travel,2,292,34,0.01161,0.00283,4.10679,False
chat,6:zh travel,2,346,122,0.04167,8e-05,530.5,False
chat,6:zh travel,2,371,51,0.01742,0.00566,3.08009,False
chat,6:zh travel,2,380,54,0.01844,0.00102,18.06242,False
chat,6:zh travel,3,20,188,0.06421,0.00338,19.01144,False
chat,6:zh travel,3,41,58,0.01981,0.00385,5.14704,False
chat,6:zh travel,3,82,87,0.02971,0.00039,75.66148,False
chat,6:zh travel,3,98,109,0.03723,0.00031,118.49283,False
chat,6:zh travel,3,103,21,0.00717,0.00039,18.26311,False
chat,6:zh travel,3,138,51,0.01742,0.00495,3.5201,False
chat,6:zh travel,3,139,306,0.10451,0.00401,26.09016,False
chat,6:zh travel,3,154,33,0.01127,0.00063,17.93699,False
chat,6:zh travel,3,247,27,0.00922,0.00291,3.17313,False
chat,6:zh travel,3,256,55,0.01878,0.00573,3.27616,False
chat,6:zh travel,3,264,66,0.02254,0.0022,10.24971,False
chat,6:zh travel,3,316,57,0.01947,0.00613,3.17765,False
chat,6:zh travel,3,322,20,0.00683,0.00063,10.8709,False
chat,6:zh travel,3,328,23,0.00786,0.00228,3.4487,False
chat,6:zh travel,3,331,197,0.06728,0.00291,23.15208,False
chat,6:zh travel,3,373,122,0.04167,0.00511,8.16154,False
chat,6:zh travel,3,378,21,0.00717,0.0022,3.26127,False
chat,6:zh travel,3,381,197,0.06728,0.00157,42.83135,False
chat,6:zh travel,4,22,112,0.03825,0.00652,5.86767,False
chat,6:zh travel,4,39,33,0.01127,0.00361,3.11948,False
chat,6:zh travel,4,48,33,0.01127,0.00314,3.5874,False
chat,6:zh travel,4,63,48,0.01639,0.00173,9.48733,False
chat,6:zh travel,4,65,124,0.04235,0.00047,89.86612,False
chat,6:zh travel,4,76,21,0.00717,0.0011,6.52254,False
chat,6:zh travel,4,114,93,0.03176,0.00079,40.43975,False
chat,6:zh travel,4,129,50,0.01708,0.00016,108.70902,False
chat,6:zh travel,4,134,20,0.00683,0.00031,21.7418,False
chat,6:zh travel,4,165,23,0.00786,0.0,100.0123,True
chat,6:zh travel,4,177,32,0.01093,0.00361,3.02495,False
chat,6:zh travel,4,187,59,0.02015,0.00063,32.06916,False
chat,6:zh travel,4,211,117,0.03996,0.011,3.63399,False
chat,6:zh travel,4,233,142,0.0485,0.0,617.46721,True
chat,6:zh travel,4,250,89,0.0304,0.00298,10.18432,False
chat,6:zh travel,4,256,53,0.0181,0.0055,3.29233,False
chat,6:zh travel,4,280,70,0.02391,0.00173,13.83569,False
chat,6:zh travel,4,290,28,0.00956,0.00118,8.11694,False
chat,6:zh travel,4,371,58,0.01981,0.00652,3.03861,False
chat,6:zh travel,5,14,56,0.01913,0.00267,7.16201,False
chat,6:zh travel,5,22,312,0.10656,0.00495,21.53474,False
chat,6:zh travel,5,26,46,0.01571,0.00353,4.44499,False
chat,6:zh travel,5,43,92,0.03142,0.0022,14.28747,False
chat,6:zh travel,5,55,35,0.01195,0.00134,8.95251,False
chat,6:zh travel,5,83,36,0.0123,0.0,156.54098,True
chat,6:zh travel,5,126,45,0.01537,0.00479,3.20781,False
chat,6:zh travel,5,148,76,0.02596,0.00086,30.04322,False
chat,6:zh travel,5,155,319,0.10895,0.00189,57.79696,False
chat,6:zh travel,5,251,33,0.01127,0.00267,4.22047,False
chat,6:zh travel,5,253,61,0.02083,0.00526,3.95896,False
chat,6:zh travel,5,255,29,0.0099,0.00071,14.01138,False
chat,6:zh travel,5,274,80,0.02732,0.00291,9.40186,False
chat,6:zh travel,5,320,58,0.01981,0.00353,5.60455,False
chat,6:zh travel,5,326,26,0.00888,0.00259,3.42598,False
chat,6:zh travel,5,330,125,0.04269,0.00047,90.59085,False
chat,6:zh travel,5,335,44,0.01503,0.0,191.32787,True
chat,6:zh travel,5,375,35,0.01195,0.00361,3.30854,False
chat,6:zh travel,5,380,22,0.00751,0.00063,11.95799,False
chat,6:zh travel,6,9,31,0.01059,0.00259,4.08482,False
chat,6:zh travel,6,41,115,0.03928,0.0,500.06148,True
chat,6:zh travel,6,46,43,0.01469,0.00424,3.46258,False
chat,6:zh travel,6,47,76,0.02596,0.00086,30.04322,False
chat,6:zh travel,6,60,106,0.0362,0.00228,15.89401,False
chat,6:zh travel,6,64,107,0.03654,0.0,465.27459,True
chat,6:zh travel,6,118,121,0.04133,0.01312,3.15061,False
chat,6:zh travel,6,142,223,0.07616,0.0011,69.26317,False
chat,6:zh travel,6,175,75,0.02561,0.00644,3.97716,False
chat,6:zh travel,6,198,42,0.01434,0.0,182.63115,True
chat,6:zh travel,6,268,46,0.01571,0.00353,4.44499,False
chat,6:zh travel,6,292,29,0.0099,0.00024,42.03415,False
chat,6:zh travel,6,297,155,0.05294,0.0022,24.07128,False
chat,6:zh travel,6,302,34,0.01161,0.0,147.84426,True
chat,6:zh travel,6,337,128,0.04372,0.0128,3.41466,False
chat,6:zh travel,6,340,61,0.02083,0.00424,4.91204,False
chat,6:zh travel,6,372,44,0.01503,0.00283,5.31466,False
chat,6:zh travel,6,374,23,0.00786,8e-05,100.0123,False
chat,6:zh travel,7,52,31,0.01059,0.0,134.79918,True
chat,6:zh travel,7,91,190,0.06489,0.00086,75.10805,False
chat,6:zh travel,7,166,77,0.0263,0.00581,4.52465,False
chat,6:zh travel,7,218,28,0.00956,0.0,121.7541,True
chat,6:zh travel,7,219,39,0.01332,0.00118,11.30574,False
chat,6:zh travel,7,227,198,0.06762,0.01539,4.39273,False
chat,6:zh travel,7,237,84,0.02869,0.00024,121.7541,False
chat,6:zh travel,7,241,31,0.01059,0.00306,3.45639,False
chat,6:zh travel,7,307,67,0.02288,0.00314,7.2835,False
chat,6:zh travel,7,318,259,0.08846,0.0,1126.22541,True
chat,6:zh travel,7,344,29,0.0099,0.00173,5.73193,False
chat,6:zh travel,7,345,264,0.09016,0.0099,9.11085,False
chat,6:zh travel,7,354,29,0.0099,0.00212,4.67046,False
chat,6:zh travel,7,359,461,0.15745,0.0,2004.59426,True
chat,6:zh travel,7,382,47,0.01605,0.00016,102.18648,False
chat,6:zh travel,8,5,252,0.08607,0.00071,121.7541,False
chat,6:zh travel,8,25,27,0.00922,0.00086,10.67325,False
chat,6:zh travel,8,34,52,0.01776,0.0055,3.23021,False
chat,6:zh travel,8,80,475,0.16223,0.0,2065.47131,True
chat,6:zh travel,8,107,66,0.02254,0.00479,4.70478,False
chat,6:zh travel,8,159,106,0.0362,0.0,460.92623,True
chat,6:zh travel,8,160,39,0.01332,0.0,169.58607,True
chat,6:zh travel,8,177,39,0.01332,0.00251,5.29956,False
chat,6:zh travel,8,183,191,0.06523,0.00683,9.5464,False
chat,6:zh travel,8,196,38,0.01298,0.00031,41.30943,False
chat,6:zh travel,8,202,54,0.01844,0.00589,3.13082,False
chat,6:zh travel,8,223,35,0.01195,0.00369,3.23814,False
chat,6:zh travel,8,238,26,0.00888,0.00079,11.30574,False
chat,6:zh travel,8,252,113,0.03859,0.00173,22.33476,False
chat,6:zh travel,8,272,55,0.01878,0.0,239.15984,True
chat,6:zh travel,8,330,31,0.01059,0.0,134.79918,True
chat,6:zh travel,8,355,20,0.00683,0.00102,6.68979,False
chat,6:zh travel,8,372,57,0.01947,0.00306,6.3553,False
chat,6:zh travel,9,5,20,0.00683,0.0,86.96721,True
chat,6:zh travel,9,15,121,0.04133,0.0077,5.36889,False
chat,6:zh travel,9,18,29,0.0099,8e-05,126.10246,False
chat,6:zh travel,9,67,245,0.08367,0.00157,53.26742,False
chat,6:zh travel,9,123,44,0.01503,0.00016,95.66393,False
chat,6:zh travel,9,148,24,0.0082,0.00047,17.39344,False
chat,6:zh travel,9,179,96,0.03279,0.00157,20.87213,False
chat,6:zh travel,9,193,58,0.01981,0.00636,3.11364,False
chat,6:zh travel,9,197,394,0.13456,0.02945,4.56868,False
chat,6:zh travel,9,204,384,0.13115,0.00346,37.94933,False
chat,6:zh travel,9,206,92,0.03142,0.00675,4.65173,False
chat,6:zh travel,9,250,183,0.0625,0.00079,79.575,False
chat,6:zh travel,9,261,107,0.03654,0.0022,16.61695,False
chat,6:zh travel,9,330,74,0.02527,0.00079,32.17787,False
chat,6:zh travel,10,17,34,0.01161,0.00251,4.62013,False
chat,6:zh travel,10,21,194,0.06626,0.00267,24.81123,False
chat,6:zh travel,10,88,196,0.06694,0.0,852.27869,True
chat,6:zh travel,10,117,322,0.10997,0.0139,7.91058,False
chat,6:zh travel,10,167,25,0.00854,0.00071,12.07878,False
chat,6:zh travel,10,180,38,0.01298,0.0,165.2377,True
chat,6:zh travel,10,208,110,0.03757,0.00024,159.43989,False
chat,6:zh travel,10,210,27,0.00922,0.00016,58.70287,False
chat,6:zh travel,10,244,45,0.01537,0.00063,24.45953,False
chat,6:zh travel,10,251,320,0.10929,0.00683,15.99397,False
chat,6:zh travel,10,306,41,0.014,0.00094,14.8569,False
chat,6:zh travel,10,321,20,0.00683,0.00102,6.68979,False
chat,6:zh travel,10,356,28,0.00956,0.00275,3.47869,False
chat,6:zh travel,10,362,38,0.01298,0.00134,9.71986,False
chat,6:zh travel,10,372,73,0.02493,0.0,317.43033,True
chat,6:zh travel,10,381,406,0.13866,0.04532,3.05968,False
chat,6:zh travel,11,19,25,0.00854,0.00236,3.62363,False
chat,6:zh travel,11,35,89,0.0304,0.00683,4.44832,False
chat,6:zh travel,11,36,61,0.02083,0.00369,5.64362,False
chat,6:zh travel,11,44,20,0.00683,0.00016,43.48361,False
chat,6:zh travel,11,72,59,0.02015,0.0044,4.58131,False
chat,6:zh travel,11,94,24,0.0082,0.00196,4.17443,False
chat,6:zh travel,11,107,408,0.13934,0.00322,43.27149,False
chat,6:zh travel,11,145,22,0.00751,0.00016,47.83197,False
chat,6:zh travel,11,157,63,0.02152,0.00495,4.34836,False
chat,6:zh travel,11,169,113,0.03859,0.00016,245.68238,False
chat,6:zh travel,11,181,54,0.01844,0.00589,3.13082,False
chat,6:zh travel,11,228,32,0.01093,0.00118,9.2765,False
chat,6:zh travel,11,240,171,0.0584,0.00369,15.82063,False
chat,6:zh travel,11,252,79,0.02698,0.0,343.52049,True
chat,6:zh travel,11,258,42,0.01434,0.00408,3.51214,False
chat,6:zh travel,11,275,49,0.01673,0.00212,7.89147,False
chat,6:zh travel,11,295,29,0.0099,0.0011,9.00732,False
chat,6:zh travel,11,299,134,0.04577,0.00542,8.44464,False
chat,6:zh travel,11,302,29,0.0099,0.00039,25.22049,False
chat,6:zh travel,11,308,27,0.00922,0.00243,3.78728,False
chat,6:zh travel,11,313,21,0.00717,0.00228,3.14881,False
chat,6:zh travel,11,342,39,0.01332,0.0,169.58607,True
chat,6:zh travel,11,364,130,0.0444,0.00353,12.56193,False
chat,6:zh travel,11,377,31,0.01059,0.00251,4.21247,False
chat,6:zh travel,12,44,33,0.01127,0.00212,5.31466,False
chat,6:zh travel,12,64,28,0.00956,0.00243,3.92755,False
chat,6:zh travel,12,92,80,0.02732,0.0,347.86885,True
chat,6:zh travel,12,94,29,0.0099,0.00228,4.34836,False
chat,6:zh travel,12,104,39,0.01332,0.0,169.58607,True
chat,6:zh travel,12,131,28,0.00956,0.00291,3.29065,False
chat,6:zh travel,12,190,153,0.05225,0.00471,11.08832,False
chat,6:zh travel,12,205,458,0.15642,0.00966,16.19146,False
chat,6:zh travel,12,289,34,0.01161,0.00228,5.09808,False
chat,6:zh travel,12,296,261,0.08914,0.01697,5.25427,False
chat,6:zh travel,12,312,26,0.00888,0.00094,9.42145,False
chat,6:zh travel,12,323,124,0.04235,0.0011,38.51405,False
chat,6:zh travel,12,342,21,0.00717,0.00055,13.04508,False
chat,6:zh travel,12,382,50,0.01708,0.00243,7.01348,False
chat,6:zh travel,13,35,22,0.00751,0.00031,23.91598,False
chat,6:zh travel,13,37,53,0.0181,0.00511,3.54559,False
chat,6:zh travel,13,56,52,0.01776,0.0,226.11475,True
chat,6:zh travel,13,66,53,0.0181,0.00322,5.62105,False
chat,6:zh travel,13,87,30,0.01025,0.00228,4.4983,False
chat,6:zh travel,13,119,50,0.01708,0.00432,3.95306,False
chat,6:zh travel,13,155,71,0.02425,0.0066,3.6754,False
chat,6:zh travel,13,173,37,0.01264,0.00149,8.46786,False
chat,6:zh travel,13,208,28,0.00956,0.00283,3.38206,False
chat,6:zh travel,13,216,69,0.02357,0.00613,3.84663,False
chat,6:zh travel,13,239,59,0.02015,0.00126,16.03458,False
chat,6:zh travel,13,254,79,0.02698,0.00424,6.36149,False
chat,6:zh travel,13,260,41,0.014,0.00016,89.14139,False
chat,6:zh travel,13,268,107,0.03654,0.00605,6.04253,False
chat,6:zh travel,13,273,31,0.01059,0.00126,8.42495,False
chat,6:zh travel,13,290,84,0.02869,0.00134,21.48602,False
chat,6:zh travel,13,298,38,0.01298,0.00306,4.23686,False
chat,6:zh travel,13,305,24,0.0082,0.0,104.36066,True
chat,6:zh travel,13,339,151,0.05157,0.00715,7.21541,False
chat,6:zh travel,13,364,30,0.01025,0.00267,3.83679,False
chat,6:zh travel,13,371,22,0.00751,0.00141,5.31466,False
chat,6:zh travel,13,380,22,0.00751,0.00016,47.83197,False
chat,6:zh travel,13,383,51,0.01742,0.00031,55.4416,False
chat,6:zh travel,14,72,276,0.09426,0.01744,5.40607,False
chat,6:zh travel,14,110,57,0.01947,8e-05,247.85656,False
chat,6:zh travel,14,116,30,0.01025,0.00236,4.34836,False
chat,6:zh travel,14,122,29,0.0099,0.0022,4.50366,False
chat,6:zh travel,14,138,64,0.02186,0.00031,69.57377,False
chat,6:zh travel,14,142,192,0.06557,0.00699,9.38073,False
chat,6:zh travel,14,183,49,0.01673,0.00259,6.45666,False
chat,6:zh travel,14,240,50,0.01708,0.00024,72.47268,False
chat,6:zh travel,14,262,21,0.00717,0.00189,3.80482,False
chat,6:zh travel,14,280,32,0.01093,0.0,139.14754,True
chat,6:zh travel,14,285,343,0.11714,0.00134,87.73457,False
chat,6:zh travel,14,293,73,0.02493,0.00134,18.67237,False
chat,6:zh travel,14,315,27,0.00922,0.00196,4.69623,False
chat,6:zh travel,14,354,46,0.01571,0.00102,15.38651,False
chat,6:zh travel,15,5,33,0.01127,0.00079,14.34959,False
chat,6:zh travel,15,9,39,0.01332,0.0,169.58607,True
chat,6:zh travel,15,16,24,0.0082,0.00134,6.13886,False
chat,6:zh travel,15,32,32,0.01093,0.0011,9.93911,False
chat,6:zh travel,15,54,72,0.02459,0.0066,3.72717,False
chat,6:zh travel,15,74,20,0.00683,0.00189,3.62363,False
chat,6:zh travel,15,115,32,0.01093,0.00031,34.78689,False
chat,6:zh travel,15,131,22,0.00751,0.00196,3.82656,False
chat,6:zh travel,15,181,73,0.02493,0.0011,22.67359,False
chat,6:zh travel,15,231,30,0.01025,0.00322,3.18173,False
chat,6:zh travel,15,234,88,0.03005,0.00102,29.43506,False
chat,6:zh travel,15,240,45,0.01537,0.00322,4.77259,False
chat,6:zh travel,15,241,195,0.0666,0.00251,26.49782,False
chat,6:zh travel,15,243,47,0.01605,0.00126,12.77331,False
chat,6:zh travel,15,256,40,0.01366,0.00361,3.78118,False
chat,6:zh travel,15,265,74,0.02527,0.00385,6.56691,False
chat,6:zh travel,15,278,47,0.01605,0.00283,5.67703,False
chat,6:zh travel,15,286,68,0.02322,0.00589,3.94251,False
chat,6:zh travel,15,296,88,0.03005,0.0011,27.33255,False
chat,6:zh travel,15,316,34,0.01161,0.00024,49.28142,False
chat,6:zh travel,15,338,40,0.01366,0.00298,4.57722,False
chat,6:zh travel,15,340,67,0.02288,0.00511,4.48216,False
chat,6:zh travel,15,353,79,0.02698,0.00393,6.87041,False
chat,6:zh travel,16,21,31,0.01059,0.00243,4.34836,False
chat,6:zh travel,16,62,20,0.00683,0.00016,43.48361,False
chat,6:zh travel,16,72,30,0.01025,0.00196,5.21803,False
chat,6:zh travel,16,164,239,0.08163,0.0,1039.2582,True
chat,6:zh travel,16,173,63,0.02152,0.00275,7.82705,False
chat,6:zh travel,16,189,85,0.02903,0.00039,73.92213,False
chat,6:zh travel,16,194,53,0.0181,0.00102,17.72793,False
chat,6:zh travel,16,199,35,0.01195,0.00031,38.04816,False
chat,6:zh travel,16,221,483,0.16496,0.00024,700.08607,False
chat,6:zh travel,16,224,218,0.07445,0.00707,10.5327,False
chat,6:zh travel,16,239,273,0.09324,0.01751,5.32333,False
chat,6:zh travel,16,267,29,0.0099,0.00298,3.31849,False
chat,6:zh travel,16,293,22,0.00751,0.00157,4.7832,False
chat,6:zh travel,16,294,62,0.02117,0.00699,3.0292,False
chat,6:zh travel,16,297,25,0.00854,0.00016,54.35451,False
chat,6:zh travel,16,316,26,0.00888,0.0,113.05738,True
chat,6:zh travel,16,334,154,0.0526,0.0132,3.986,False
chat,6:zh travel,17,13,93,0.03176,0.00118,26.95984,False
chat,6:zh travel,17,15,134,0.04577,0.0,582.68033,True
chat,6:zh travel,17,19,53,0.0181,0.00212,8.53567,False
chat,6:zh travel,17,27,37,0.01264,0.00149,8.46786,False
chat,6:zh travel,17,48,31,0.01059,0.00181,5.86083,False
chat,6:zh travel,17,61,32,0.01093,0.00141,7.73042,False
chat,6:zh travel,17,66,36,0.0123,0.00181,6.80613,False
chat,6:zh travel,17,75,48,0.01639,0.0,208.72131,True
chat,6:zh travel,17,79,49,0.01673,0.00416,4.02018,False
chat,6:zh travel,17,104,209,0.07138,0.0,908.80738,True
chat,6:zh travel,17,144,140,0.04781,0.0022,21.7418,False
chat,6:zh travel,17,173,39,0.01332,0.0022,6.05665,False
chat,6:zh travel,17,204,39,0.01332,0.00393,3.39172,False
chat,6:zh travel,17,209,63,0.02152,0.0055,3.91352,False
chat,6:zh travel,17,227,38,0.01298,8e-05,165.2377,False
chat,6:zh travel,17,236,53,0.0181,0.00063,28.80789,False
chat,6:zh travel,17,299,129,0.04406,0.00542,8.12954,False
chat,6:zh travel,17,339,116,0.03962,0.0095,4.16868,False
chat,6:zh travel,18,0,22,0.00751,0.00047,15.94399,False
chat,6:zh travel,18,71,26,0.00888,0.00118,7.53716,False
chat,6:zh travel,18,112,33,0.01127,0.0,143.4959,True
chat,6:zh travel,18,165,108,0.03689,0.00071,52.18033,False
chat,6:zh travel,18,170,35,0.01195,0.00306,3.90237,False
chat,6:zh travel,18,175,21,0.00717,0.00094,7.60963,False
chat,6:zh travel,18,223,27,0.00922,0.00291,3.17313,False
chat,6:zh travel,18,239,65,0.0222,8e-05,282.64344,False
chat,6:zh travel,18,266,77,0.0263,0.00707,3.72026,False
chat,6:zh travel,18,269,128,0.04372,0.0,556.59016,True
chat,6:zh travel,18,276,28,0.00956,0.00165,5.79781,False
chat,6:zh travel,18,282,39,0.01332,0.00079,16.95861,False
chat,6:zh travel,18,324,193,0.06592,0.00055,119.89052,False
chat,6:zh travel,18,326,439,0.14993,0.01508,9.94235,False
chat,6:zh travel,18,330,55,0.01878,0.00589,3.1888,False
chat,6:zh travel,18,352,50,0.01708,0.00134,12.7893,False
chat,6:zh travel,18,355,23,0.00786,0.00165,4.76249,False
chat,6:zh travel,18,358,61,0.02083,0.00581,3.58446,False
chat,6:zh travel,19,5,155,0.05294,0.00165,32.09504,False
chat,6:zh travel,19,12,79,0.02698,0.00723,3.73392,False
chat,6:zh travel,19,23,118,0.0403,0.00204,19.73487,False
chat,6:zh travel,19,24,22,0.00751,8e-05,95.66393,False
chat,6:zh travel,19,55,40,0.01366,0.00369,3.70073,False
chat,6:zh travel,19,70,74,0.02527,0.00511,4.95044,False
chat,6:zh travel,19,85,116,0.03962,0.00181,21.93086,False
chat,6:zh travel,19,111,210,0.07172,0.01681,4.26708,False
chat,6:zh travel,19,144,38,0.01298,0.00094,13.76981,False
chat,6:zh travel,19,184,228,0.07787,0.00675,11.52821,False
chat,6:zh travel,19,230,40,0.01366,0.00361,3.78118,False
chat,6:zh travel,19,240,58,0.01981,0.00204,9.70019,False
chat,6:zh travel,19,286,86,0.02937,0.0022,13.35568,False
chat,6:zh travel,19,334,45,0.01537,0.00495,3.10597,False
chat,6:zh travel,19,368,27,0.00922,0.00283,3.26127,False
chat,6:zh travel,19,369,33,0.01127,0.0033,3.41657,False
chat,6:zh travel,19,372,84,0.02869,0.0062,4.62357,False
chat,6:zh travel,20,0,80,0.02732,0.00526,5.19207,False
chat,6:zh travel,20,17,28,0.00956,0.00259,3.68952,False
chat,6:zh travel,20,26,101,0.03449,0.00016,219.59221,False
chat,6:zh travel,20,62,21,0.00717,0.00173,4.15071,False
chat,6:zh travel,20,92,62,0.02117,0.00456,4.64825,False
chat,6:zh travel,20,93,63,0.02152,0.00039,54.78934,False
chat,6:zh travel,20,113,39,0.01332,0.00016,84.79303,False
chat,6:zh travel,20,125,38,0.01298,8e-05,165.2377,False
chat,6:zh travel,20,140,26,0.00888,0.00212,4.18731,False
chat,6:zh travel,20,157,234,0.07992,0.00322,24.81747,False
chat,6:zh travel,20,165,23,0.00786,0.00071,11.11248,False
chat,6:zh travel,20,172,35,0.01195,0.00267,4.47625,False
chat,6:zh travel,20,193,25,0.00854,0.00275,3.10597,False
chat,6:zh travel,20,197,26,0.00888,0.00031,28.26434,False
chat,6:zh travel,20,218,300,0.10246,0.02058,4.97904,False
chat,6:zh travel,20,255,39,0.01332,0.00228,5.8478,False
chat,6:zh travel,20,260,176,0.06011,0.00086,69.57377,False
chat,6:zh travel,20,300,58,0.01981,0.00495,4.00325,False
chat,6:zh travel,20,319,309,0.10553,0.00322,32.77179,False
chat,6:zh travel,20,336,36,0.0123,0.00353,3.47869,False
chat,6:zh travel,20,363,31,0.01059,0.00196,5.39197,False
chat,6:zh travel,20,373,68,0.02322,0.00503,4.62013,False
chat,6:zh travel,21,14,29,0.0099,0.00283,3.50285,False
chat,6:zh travel,21,49,95,0.03245,0.00149,21.7418,False
chat,6:zh travel,21,90,26,0.00888,0.00016,56.52869,False
chat,6:zh travel,21,94,69,0.02357,0.00566,4.16718,False
chat,6:zh travel,21,105,53,0.0181,0.00165,10.97443,False
chat,6:zh travel,21,113,42,0.01434,0.00196,7.30525,False
chat,6:zh travel,21,152,55,0.01878,0.00471,3.986,False
chat,6:zh travel,21,153,22,0.00751,0.00236,3.1888,False
chat,6:zh travel,21,174,36,0.0123,0.00283,4.34836,False
chat,6:zh travel,21,216,50,0.01708,0.00063,27.17725,False
chat,6:zh travel,21,238,46,0.01571,0.00291,5.40607,False
chat,6:zh travel,21,242,96,0.03279,0.00212,15.46084,False
chat,6:zh travel,21,273,96,0.03279,0.00817,4.01387,False
chat,6:zh travel,21,279,75,0.02561,0.0,326.12705,True
chat,6:zh travel,21,295,470,0.16052,0.00118,136.24863,False
chat,6:zh travel,21,303,90,0.03074,0.00236,13.04508,False
chat,6:zh travel,21,321,28,0.00956,0.00173,5.53428,False
chat,6:zh travel,21,325,21,0.00717,0.0022,3.26127,False
chat,6:zh travel,21,326,48,0.01639,0.00456,3.59864,False
chat,6:zh travel,21,343,54,0.01844,0.00503,3.66893,False
chat,6:zh travel,21,352,118,0.0403,0.00047,85.51776,False
chat,6:zh travel,21,368,105,0.03586,0.00872,4.11331,False
chat,6:zh travel,22,25,190,0.06489,0.00016,413.09426,False
chat,6:zh travel,22,27,39,0.01332,0.00086,15.41692,False
chat,6:zh travel,22,37,52,0.01776,0.00534,3.32522,False
chat,6:zh travel,22,47,76,0.02596,0.00071,36.71949,False
chat,6:zh travel,22,76,67,0.02288,0.00487,4.69903,False
chat,6:zh travel,22,94,63,0.02152,0.00338,6.37085,False
chat,6:zh travel,22,114,204,0.06967,0.01052,6.61989,False
chat,6:zh travel,22,122,121,0.04133,0.00196,21.04607,False
chat,6:zh travel,22,127,21,0.00717,0.00196,3.65262,False
chat,6:zh travel,22,143,33,0.01127,0.00094,11.95799,False
chat,6:zh travel,22,151,37,0.01264,0.00189,6.70372,False
chat,6:zh travel,22,164,81,0.02766,0.00872,3.17313,False
chat,6:zh travel,22,194,75,0.02561,0.00511,5.01734,False
chat,6:zh travel,22,196,53,0.0181,0.00471,3.84105,False
chat,6:zh travel,22,229,34,0.01161,0.00314,3.69611,False
chat,6:zh travel,22,252,38,0.01298,0.00385,3.3722,False
chat,6:zh travel,22,315,177,0.06045,0.00063,96.20748,False
chat,6:zh travel,22,339,52,0.01776,0.00369,4.81095,False
chat,6:zh travel,22,357,90,0.03074,0.00581,5.28855,False
chat,6:zh travel,22,369,23,0.00786,0.00079,10.00123,False
chat,6:zh travel,23,2,180,0.06148,0.00589,10.43607,False
chat,6:zh travel,23,58,60,0.02049,0.00134,15.34716,False
chat,6:zh travel,23,61,85,0.02903,0.00471,6.16018,False
chat,6:zh travel,23,138,36,0.0123,0.00189,6.52254,False
chat,6:zh travel,23,140,26,0.00888,0.0011,8.07553,False
chat,6:zh travel,23,145,41,0.014,0.00322,4.34836,False
chat,6:zh travel,23,159,99,0.03381,0.01013,3.33711,False
chat,6:zh travel,23,185,20,0.00683,0.00212,3.22101,False
chat,6:zh travel,23,194,124,0.04235,0.00189,22.46653,False
chat,6:zh travel,23,202,266,0.09085,0.00597,15.21926,False
chat,6:zh travel,23,203,58,0.01981,0.00487,4.06782,False
chat,6:zh travel,23,204,56,0.01913,0.00126,15.21926,False
chat,6:zh travel,23,227,54,0.01844,0.00479,3.84937,False
chat,6:zh travel,23,241,57,0.01947,0.00448,4.34836,False
chat,6:zh travel,23,272,21,0.00717,0.00055,13.04508,False
chat,6:zh travel,23,280,52,0.01776,0.0033,5.38368,False
chat,6:zh travel,23,287,23,0.00786,0.00204,3.84663,False
chat,6:zh travel,23,289,74,0.02527,0.00754,3.35186,False
chat,6:zh travel,23,310,69,0.02357,0.00503,4.68808,False
chat,6:zh travel,23,319,36,0.0123,0.00063,19.56762,False
chat,6:zh travel,23,321,72,0.02459,0.00173,14.231,False
chat,6:zh travel,23,351,118,0.0403,0.00031,128.27664,False
chat,6:zh travel,24,59,84,0.02869,0.00291,9.87195,False
chat,6:zh travel,24,81,120,0.04098,0.00236,17.39344,False
chat,6:zh travel,24,85,481,0.16428,0.00589,27.88749,False
chat,6:zh travel,24,139,431,0.1472,0.00652,22.58004,False
chat,6:zh travel,24,160,33,0.01127,0.00055,20.49941,False
chat,6:zh travel,24,205,267,0.09119,0.0022,41.46472,False
chat,6:zh travel,24,210,104,0.03552,8e-05,452.22951,False
chat,6:zh travel,24,217,31,0.01059,8e-05,134.79918,False
chat,6:zh travel,24,235,89,0.0304,0.00204,14.88477,False
chat,6:zh travel,24,246,40,0.01366,0.00118,11.59563,False
chat,6:zh travel,24,259,37,0.01264,0.00094,13.40745,False
chat,6:zh travel,24,270,66,0.02254,0.0,286.9918,True
chat,6:zh travel,24,282,54,0.01844,0.00597,3.08962,False
chat,6:zh travel,24,297,26,0.00888,0.00181,4.91554,False
chat,6:zh travel,24,316,33,0.01127,0.00361,3.11948,False
chat,6:zh travel,24,327,139,0.04747,0.00126,37.77638,False
chat,6:zh travel,24,357,25,0.00854,0.00259,3.29421,False
chat,6:zh travel,24,364,28,0.00956,0.00196,4.87016,False
chat,6:zh travel,25,40,28,0.00956,0.00079,12.17541,False
chat,6:zh travel,25,96,181,0.06182,0.00063,98.38166,False
chat,6:zh travel,25,108,108,0.03689,0.00165,22.363,False
chat,6:zh travel,25,147,45,0.01537,0.00393,3.91352,False
chat,6:zh travel,25,149,38,0.01298,0.00361,3.59212,False
chat,6:zh travel,25,156,23,0.00786,0.00126,6.25077,False
chat,6:zh travel,25,184,23,0.00786,0.00102,7.69325,False
chat,6:zh travel,25,191,200,0.06831,0.01115,6.12445,False
chat,6:zh travel,25,212,187,0.06387,0.00134,47.83197,False
chat,6:zh travel,25,258,461,0.15745,0.00393,40.09189,False
chat,6:zh travel,25,264,120,0.04098,0.01225,3.34489,False
chat,6:zh travel,25,268,36,0.0123,0.0,156.54098,True
chat,6:zh travel,25,274,20,0.00683,0.00141,4.83151,False
chat,6:zh travel,25,288,59,0.02015,0.00424,4.75099,False
chat,6:zh travel,25,314,237,0.08094,0.0,1030.56148,True
chat,6:zh travel,25,343,99,0.03381,0.0022,15.37456,False
chat,6:zh travel,25,353,51,0.01742,0.00306,5.68632,False
chat,6:zh travel,25,369,188,0.06421,0.0161,3.98776,False
chat,6:zh travel,26,4,22,0.00751,0.00086,8.69672,False
chat,6:zh travel,26,10,243,0.08299,0.00196,42.26607,False
chat,6:zh travel,26,11,33,0.01127,0.00275,4.09988,False
chat,6:zh travel,26,52,190,0.06489,0.01037,6.259,False
chat,6:zh travel,26,59,222,0.07582,0.00063,120.66701,False
chat,6:zh travel,26,62,355,0.12124,0.00157,77.1834,False
chat,6:zh travel,26,80,71,0.02425,0.00259,9.35556,False
chat,6:zh travel,26,96,37,0.01264,0.00338,3.74161,False
chat,6:zh travel,26,130,88,0.03005,0.00353,8.50346,False
chat,6:zh travel,26,210,136,0.04645,0.00047,98.56284,False
chat,6:zh travel,26,246,69,0.02357,0.00424,5.55624,False
chat,6:zh travel,26,247,24,0.0082,0.00016,52.18033,False
chat,6:zh travel,26,255,87,0.02971,0.00196,15.1323,False
chat,6:zh travel,26,271,43,0.01469,0.00047,31.16325,False
chat,6:zh travel,26,339,213,0.07275,0.00456,15.96898,False
chat,6:zh travel,26,366,149,0.05089,0.00016,323.95287,False
chat,6:zh travel,26,378,115,0.03928,0.00746,5.26381,False
chat,6:zh travel,27,24,125,0.04269,0.00416,10.25557,False
chat,6:zh travel,27,37,62,0.02117,0.00016,134.79918,False
chat,6:zh travel,27,60,74,0.02527,0.0077,3.28346,False
chat,6:zh travel,27,112,29,0.0099,0.00079,12.61025,False
chat,6:zh travel,27,118,22,0.00751,0.00016,47.83197,False
chat,6:zh travel,27,150,89,0.0304,0.00628,4.83755,False
chat,6:zh travel,27,156,108,0.03689,0.00848,4.34836,False
chat,6:zh travel,27,162,52,0.01776,0.00518,3.42598,False
chat,6:zh travel,27,204,54,0.01844,0.00495,3.72717,False
chat,6:zh travel,27,206,54,0.01844,0.0011,16.77225,False
chat,6:zh travel,27,207,104,0.03552,0.00189,18.8429,False
chat,6:zh travel,27,255,27,0.00922,0.00267,3.45311,False
chat,6:zh travel,27,275,46,0.01571,0.00408,3.84663,False
chat,6:zh travel,27,276,42,0.01434,0.00141,10.14617,False
chat,6:zh travel,27,283,408,0.13934,0.00424,32.85428,False
chat,6:zh travel,27,290,88,0.03005,0.00259,11.59563,False
chat,6:zh travel,27,300,59,0.02015,0.00408,4.93372,False
chat,6:zh travel,27,331,257,0.08777,0.02435,3.60493,False
chat,6:zh travel,27,341,129,0.04406,0.00456,9.67135,False
chat,6:zh travel,27,346,195,0.0666,0.00518,12.84743,False
chat,6:zh travel,28,4,44,0.01503,0.00149,10.06989,False
chat,6:zh travel,28,10,39,0.01332,0.00353,3.76858,False
chat,6:zh travel,28,21,315,0.10758,0.01893,5.68354,False
chat,6:zh travel,28,69,30,0.01025,0.00283,3.62363,False
chat,6:zh travel,28,122,453,0.15471,0.00903,17.12876,False
chat,6:zh travel,28,168,246,0.08402,0.0011,76.40691,False
chat,6:zh travel,28,187,112,0.03825,0.00016,243.5082,False
chat,6:zh travel,28,194,63,0.02152,0.00385,5.59075,False
chat,6:zh travel,28,212,47,0.01605,0.00031,51.09324,False
chat,6:zh travel,28,281,375,0.12807,0.00275,46.58958,False
chat,6:zh travel,28,302,242,0.08265,0.0011,75.16452,False
chat,6:zh travel,28,305,20,0.00683,0.0,86.96721,True
chat,6:zh travel,28,375,62,0.02117,0.00047,44.93306,False
chat,6:zh travel,29,5,38,0.01298,0.00259,5.0072,False
chat,6:zh travel,29,16,20,0.00683,8e-05,86.96721,False
chat,6:zh travel,29,19,169,0.05772,0.00613,9.42145,False
chat,6:zh travel,29,25,32,0.01093,0.00094,11.59563,False
chat,6:zh travel,29,98,36,0.0123,0.0,156.54098,True
chat,6:zh travel,29,99,414,0.14139,0.00644,21.95392,False
chat,6:zh travel,29,100,150,0.05123,0.00016,326.12705,False
chat,6:zh travel,29,156,62,0.02117,0.00526,4.02386,False
chat,6:zh travel,29,169,52,0.01776,0.00118,15.07432,False
chat,6:zh travel,29,216,30,0.01025,0.00181,5.67177,False
chat,6:zh travel,29,217,68,0.02322,0.0055,4.22412,False
chat,6:zh travel,29,219,72,0.02459,0.0033,7.45433,False
chat,6:zh travel,29,255,143,0.04884,0.01437,3.3979,False
chat,6:zh travel,29,281,72,0.02459,0.00322,7.63615,False
chat,6:zh travel,29,292,271,0.09255,0.02545,3.63705,False
chat,6:zh travel,29,303,22,0.00751,0.00243,3.08593,False
chat,6:zh travel,29,316,54,0.01844,0.00471,3.91352,False
chat,6:zh travel,29,341,29,0.0099,0.00173,5.73193,False
chat,6:zh travel,29,371,53,0.0181,0.00385,4.70333,False
chat,6:zh travel,29,374,457,0.15608,0.00228,68.52417,False
chat,6:zh travel,30,33,73,0.02493,0.00126,19.8394,False
chat,6:zh travel,30,45,24,0.0082,0.00236,3.47869,False
chat,6:zh travel,30,59,159,0.0543,0.00055,98.76991,False
chat,6:zh travel,30,102,267,0.09119,0.0271,3.36525,False
chat,6:zh travel,30,104,53,0.0181,0.00518,3.49187,False
chat,6:zh travel,30,113,76,0.02596,0.00016,165.2377,False
chat,6:zh travel,30,125,24,0.0082,0.00094,8.69672,False
chat,6:zh travel,30,149,35,0.01195,0.00291,4.11331,False
chat,6:zh travel,30,201,334,0.11407,0.00361,31.57288,False
chat,6:zh travel,30,204,45,0.01537,0.00126,12.22976,False
chat,6:zh travel,30,214,98,0.03347,0.00251,13.31685,False
chat,6:zh travel,30,230,364,0.12432,0.00518,23.98187,False
chat,6:zh travel,30,238,218,0.07445,0.01139,6.53754,False
chat,6:zh travel,30,252,20,0.00683,0.00173,3.95306,False
chat,6:zh travel,30,289,295,0.10075,0.0132,7.63551,False
chat,6:zh travel,30,372,74,0.02527,0.00573,4.40793,False
chat,6:zh travel,30,377,30,0.01025,0.0011,9.31792,False
chat,6:zh travel,31,27,68,0.02322,0.00361,6.42801,False
chat,6:zh travel,31,38,38,0.01298,0.00086,15.02161,False
chat,6:zh travel,31,57,84,0.02869,0.00573,5.00359,False
chat,6:zh travel,31,60,176,0.06011,0.00134,45.01832,False
chat,6:zh travel,31,106,239,0.08163,0.00644,12.67388,False
chat,6:zh travel,31,124,33,0.01127,0.00149,7.55242,False
chat,6:zh travel,31,140,76,0.02596,0.00173,15.02161,False
chat,6:zh travel,31,162,120,0.04098,0.00785,5.21803,False
chat,6:zh travel,31,166,86,0.02937,0.00243,12.06319,False
chat,6:zh travel,31,179,45,0.01537,0.00456,3.37373,False
chat,6:zh travel,31,213,69,0.02357,0.00338,6.9776,False
chat,6:zh travel,31,248,391,0.13354,0.02026,6.58996,False
chat,6:zh travel,31,292,25,0.00854,0.00181,4.72648,False
chat,6:zh travel,31,301,241,0.08231,0.00031,261.98873,False
chat,6:zh travel,31,322,95,0.03245,0.00181,17.96062,False
chat,6:zh travel,31,382,156,0.05328,0.00322,16.54498,False
chat,6:zh travel,32,1,340,0.11612,0.00291,39.95791,False
chat,6:zh travel,32,11,20,0.00683,0.0022,3.10597,False
chat,6:zh travel,32,35,61,0.02083,0.00298,6.98026,False
chat,6:zh travel,32,50,45,0.01537,0.0011,13.97687,False
chat,6:zh travel,32,97,31,0.01059,8e-05,134.79918,False
chat,6:zh travel,32,116,41,0.014,0.00377,3.71422,False
chat,6:zh travel,32,123,244,0.08333,0.00456,18.2931,False
chat,6:zh travel,32,131,244,0.08333,0.01131,7.36806,False
chat,6:zh travel,32,148,340,0.11612,0.00597,19.45319,False
chat,6:zh travel,32,188,22,0.00751,0.0011,6.83314,False
chat,6:zh travel,32,199,47,0.01605,0.00102,15.721,False
chat,6:zh travel,32,244,168,0.05738,0.00118,48.70164,False
chat,6:zh travel,32,281,34,0.01161,0.00079,14.78443,False
chat,6:zh travel,32,293,37,0.01264,0.00385,3.28346,False
chat,6:zh travel,32,308,197,0.06728,0.00118,57.10847,False
chat,6:zh travel,32,313,31,0.01059,0.00071,14.97769,False
chat,6:zh travel,32,321,50,0.01708,0.00228,7.49717,False
chat,6:zh travel,32,354,31,0.01059,0.00102,10.36917,False
chat,6:zh travel,32,360,23,0.00786,0.00126,6.25077,False
chat,6:zh travel,33,29,132,0.04508,0.00471,9.56639,False
chat,6:zh travel,33,55,45,0.01537,0.0022,6.98844,False
chat,6:zh travel,33,73,71,0.02425,0.00589,4.11645,False
chat,6:zh travel,33,74,129,0.04406,0.0084,5.24242,False
chat,6:zh travel,33,82,454,0.15505,0.01422,10.90694,False
chat,6:zh travel,33,95,29,0.0099,0.00181,5.48272,False
chat,6:zh travel,33,128,202,0.06899,0.00456,15.14429,False
chat,6:zh travel,33,132,44,0.01503,0.00385,3.90465,False
chat,6:zh travel,33,156,27,0.00922,0.00094,9.78381,False
chat,6:zh travel,33,158,40,0.01366,0.00275,4.96956,False
chat,6:zh travel,33,180,30,0.01025,0.00071,14.49454,False
chat,6:zh travel,33,197,98,0.03347,0.00605,5.53428,False
chat,6:zh travel,33,239,105,0.03586,0.00275,13.04508,False
chat,6:zh travel,33,252,301,0.1028,0.01642,6.26247,False
chat,6:zh travel,33,293,79,0.02698,0.0011,24.53718,False
chat,6:zh travel,33,336,45,0.01537,0.00251,6.11488,False
chat,6:zh travel,33,341,241,0.08231,0.00408,20.15298,False
chat,6:zh travel,33,348,27,0.00922,0.0011,8.38612,False
chat,6:zh travel,33,377,64,0.02186,0.00558,3.91965,False
chat,6:zh travel,34,13,20,0.00683,0.00149,4.57722,False
chat,6:zh travel,34,61,41,0.014,0.00338,4.14611,False
chat,6:zh travel,34,77,134,0.04577,0.01492,3.06674,False
chat,6:zh travel,34,102,139,0.04747,0.00063,75.55277,False
chat,6:zh travel,34,104,128,0.04372,0.0011,39.75644,False
chat,6:zh travel,34,114,45,0.01537,0.00118,13.04508,False
chat,6:zh travel,34,135,193,0.06592,0.00031,209.8084,False
chat,6:zh travel,34,145,63,0.02152,0.00228,9.44644,False
chat,6:zh travel,34,171,23,0.00786,0.00071,11.11248,False
chat,6:zh travel,34,189,291,0.09939,0.01343,7.39984,False
chat,6:zh travel,34,197,193,0.06592,0.00448,14.7234,False
chat,6:zh travel,34,215,298,0.10178,0.00338,30.13515,False
chat,6:zh travel,34,222,51,0.01742,0.00306,5.68632,False
chat,6:zh travel,34,235,31,0.01059,0.00094,11.23327,False
chat,6:zh travel,34,272,175,0.05977,0.01021,5.85356,False
chat,6:zh travel,34,300,53,0.0181,0.00542,3.34005,False
chat,6:zh travel,34,321,23,0.00786,0.00102,7.69325,False
chat,6:zh travel,34,339,25,0.00854,0.00251,3.39716,False
chat,6:zh travel,34,351,25,0.00854,0.00149,5.72153,False
chat,6:zh travel,34,353,68,0.02322,0.00086,26.88077,False
chat,6:zh travel,34,373,167,0.05704,0.00094,60.51469,False
chat,6:zh travel,35,27,305,0.10417,0.01634,6.3762,False
chat,6:zh travel,35,29,27,0.00922,0.00157,5.87029,False
chat,6:zh travel,35,32,52,0.01776,0.00141,12.56193,False
chat,6:zh travel,35,43,208,0.07104,0.00864,8.22235,False
chat,6:zh travel,35,45,63,0.02152,0.00479,4.49093,False
chat,6:zh travel,35,57,48,0.01639,0.00424,3.86521,False
chat,6:zh travel,35,60,88,0.03005,0.00094,31.88798,False
chat,6:zh travel,35,126,21,0.00717,0.00126,5.70722,False
chat,6:zh travel,35,128,40,0.01366,8e-05,173.93443,False
chat,6:zh travel,35,137,116,0.03962,0.00275,14.41171,False
chat,6:zh travel,35,142,77,0.0263,0.0062,4.23828,False
chat,6:zh travel,35,150,328,0.11202,0.0227,4.93516,False
chat,6:zh travel,35,169,65,0.0222,0.00086,25.69486,False
chat,6:zh travel,35,173,122,0.04167,0.00204,20.40385,False
chat,6:zh travel,35,241,48,0.01639,0.00086,18.97466,False
chat,6:zh travel,35,256,293,0.10007,0.00189,53.08624,False
chat,6:zh travel,35,257,138,0.04713,0.01217,3.87144,False
chat,6:zh travel,35,280,38,0.01298,0.00369,3.5157,False
chat,6:zh travel,35,291,71,0.02425,0.00778,3.11852,False
chat,6:zh travel,35,301,46,0.01571,0.00487,3.2262,False
chat,6:zh travel,35,375,53,0.0181,0.00016,115.23156,False
chat,6:zh travel,36,11,118,0.0403,0.0022,18.32523,False
chat,6:zh travel,36,34,123,0.04201,0.00393,10.69697,False
chat,6:zh travel,36,35,74,0.02527,0.00149,16.93572,False
chat,6:zh travel,36,39,405,0.13832,0.01657,8.34638,False
chat,6:zh travel,36,49,66,0.02254,8e-05,286.9918,False
chat,6:zh travel,36,54,128,0.04372,0.00809,5.40379,False
chat,6:zh travel,36,81,93,0.03176,0.00518,6.12724,False
chat,6:zh travel,36,88,63,0.02152,0.00463,4.64316,False
chat,6:zh travel,36,90,206,0.07036,0.00566,12.44114,False
chat,6:zh travel,36,122,57,0.01947,0.00251,7.74552,False
chat,6:zh travel,36,131,56,0.01913,0.0062,3.08238,False
chat,6:zh travel,36,168,21,0.00717,0.00024,30.43852,False
chat,6:zh travel,36,175,37,0.01264,0.00094,13.40745,False
chat,6:zh travel,36,185,56,0.01913,0.00424,4.50941,False
chat,6:zh travel,36,188,20,0.00683,0.00181,3.78118,False
chat,6:zh travel,36,205,72,0.02459,0.0033,7.45433,False
chat,6:zh travel,36,215,20,0.00683,0.00118,5.79781,False
chat,6:zh travel,36,237,47,0.01605,0.00393,4.08746,False
chat,6:zh travel,36,256,52,0.01776,0.00566,3.14048,False
chat,6:zh travel,36,282,224,0.0765,0.0011,69.57377,False
chat,6:zh travel,36,332,21,0.00717,0.00039,18.26311,False
chat,6:zh travel,37,4,28,0.00956,0.00134,7.16201,False
chat,6:zh travel,37,17,78,0.02664,0.00236,11.30574,False
chat,6:zh travel,37,49,24,0.0082,0.00024,34.78689,False
chat,6:zh travel,37,108,81,0.02766,0.0055,5.03167,False
chat,6:zh travel,37,133,303,0.10348,0.02168,4.77374,False
chat,6:zh travel,37,137,84,0.02869,0.00479,5.98791,False
chat,6:zh travel,37,158,440,0.15027,0.0062,24.21872,False
chat,6:zh travel,37,184,103,0.03518,0.00872,4.03497,False
chat,6:zh travel,37,193,45,0.01537,0.00047,32.6127,False
chat,6:zh travel,37,204,261,0.08914,0.00424,21.01708,False
chat,6:zh travel,37,206,32,0.01093,0.00165,6.62607,False
chat,6:zh travel,37,211,37,0.01264,0.00228,5.54791,False
chat,6:zh travel,37,229,71,0.02425,0.00149,16.24914,False
chat,6:zh travel,37,231,96,0.03279,0.00346,9.48733,False
chat,6:zh travel,37,261,167,0.05704,0.01343,4.24664,False
chat,6:zh travel,37,274,101,0.03449,0.00063,54.89805,False
chat,6:zh travel,37,306,20,0.00683,0.00126,5.43545,False
chat,6:zh travel,37,383,203,0.06933,0.00581,11.92861,False
chat,6:zh travel,38,32,92,0.03142,0.00911,3.4487,False
chat,6:zh travel,38,72,134,0.04577,0.00503,9.10438,False
chat,6:zh travel,38,77,300,0.10246,0.00856,11.96797,False
chat,6:zh travel,38,106,88,0.03005,0.00369,8.14161,False
chat,6:zh travel,38,111,56,0.01913,0.00165,11.59563,False
chat,6:zh travel,38,120,126,0.04303,0.00196,21.91574,False
chat,6:zh travel,38,125,46,0.01571,0.00408,3.84663,False
chat,6:zh travel,38,128,287,0.09802,0.01987,4.93273,False
chat,6:zh travel,38,147,77,0.0263,0.00134,19.69552,False
chat,6:zh travel,38,156,38,0.01298,0.00377,3.44245,False
chat,6:zh travel,38,164,58,0.01981,0.00542,3.65514,False
chat,6:zh travel,38,172,42,0.01434,0.00063,22.82889,False
chat,6:zh travel,38,180,133,0.04542,0.00974,4.66397,False
chat,6:zh travel,38,198,37,0.01264,0.00291,4.34836,False
chat,6:zh travel,38,238,107,0.03654,0.00275,13.29356,False
chat,6:zh travel,38,267,31,0.01059,0.00346,3.06362,False
chat,6:zh travel,38,314,20,0.00683,0.0011,6.21194,False
chat,6:zh travel,38,330,132,0.04508,8e-05,573.98361,False
chat,6:zh travel,38,362,394,0.13456,0.02922,4.60552,False
chat,6:zh travel,39,11,74,0.02527,0.00762,3.31731,False
chat,6:zh travel,39,13,79,0.02698,0.00259,10.40971,False
chat,6:zh travel,39,17,74,0.02527,0.00165,15.32279,False
chat,6:zh travel,39,37,81,0.02766,0.00039,70.44344,False
chat,6:zh travel,39,39,86,0.02937,0.0022,13.35568,False
chat,6:zh travel,39,43,24,0.0082,0.00267,3.06943,False
chat,6:zh travel,39,88,279,0.09529,0.02215,4.3021,False
chat,6:zh travel,39,113,46,0.01571,0.00322,4.87865,False
chat,6:zh travel,39,132,150,0.05123,0.00369,13.87775,False
chat,6:zh travel,39,154,154,0.0526,0.00668,7.87821,False
chat,6:zh travel,39,211,68,0.02322,0.00613,3.79088,False
chat,6:zh travel,39,217,33,0.01127,0.00275,4.09988,False
chat,6:zh travel,39,219,210,0.07172,0.0011,65.22541,False
chat,6:zh travel,39,239,41,0.014,0.00204,6.85703,False
chat,6:zh travel,39,245,67,0.02288,0.00668,3.42753,False
chat,6:zh travel,39,251,319,0.10895,0.01555,7.00569,False
chat,6:zh travel,39,264,27,0.00922,0.00212,4.34836,False
chat,6:zh travel,39,280,40,0.01366,0.00173,7.90611,False
chat,6:zh travel,39,309,80,0.02732,0.00063,43.48361,False
chat,6:zh travel,39,315,73,0.02493,0.00157,15.87152,False
chat,6:zh travel,39,321,62,0.02117,0.00024,89.86612,False
chat,6:zh travel,39,364,43,0.01469,0.00322,4.56048,False
chat,7:en email,0,10,28,0.01994,0.00253,7.89744,False
chat,7:en email,0,48,24,0.01709,0.00316,5.41538,False
chat,7:en email,0,85,33,0.0235,0.00652,3.60298,False
chat,7:en email,0,98,27,0.01923,0.00161,11.91973,False
chat,7:en email,0,124,31,0.02208,0.00175,12.59077,False
chat,7:en email,0,126,20,0.01425,0.0033,4.32079,False
chat,7:en email,0,142,25,0.01781,0.00393,4.53297,False
chat,7:en email,0,242,20,0.01425,0.00309,4.61538,False
chat,7:en email,0,250,23,0.01638,0.0026,6.31185,False
chat,7:en email,0,254,24,0.01709,0.00021,81.23077,False
chat,7:en email,0,258,23,0.01638,0.00281,5.83846,False
chat,7:en email,1,62,25,0.01781,0.00337,5.28846,False
chat,7:en email,1,87,23,0.01638,0.00323,5.07692,False
chat,7:en email,1,89,40,0.02849,0.00512,5.56375,False
chat,7:en email,1,152,35,0.02493,0.00624,3.99309,False
chat,7:en email,1,227,45,0.03205,0.00316,10.15385,False
chat,7:en email,1,283,29,0.02066,0.00582,3.54773,False
chat,7:en email,1,300,37,0.02635,0.00021,125.23077,False
chat,7:en email,1,308,46,0.03276,0.00238,13.73756,False
chat,7:en email,1,329,24,0.01709,0.00238,7.16742,False
chat,7:en email,1,339,25,0.01781,0.00344,5.18053,False
chat,7:en email,1,355,20,0.01425,0.00035,40.61538,False
chat,7:en email,2,109,28,0.01994,0.00393,5.07692,False
chat,7:en email,2,124,29,0.02066,0.00568,3.63533,False
chat,7:en email,2,137,24,0.01709,0.00063,27.07692,False
chat,7:en email,2,138,33,0.0235,0.00056,41.88462,False
chat,7:en email,2,190,86,0.06125,0.0007,87.32308,False
chat,7:en email,2,203,21,0.01496,0.00084,17.76923,False
chat,7:en email,2,220,22,0.01567,0.00407,3.85146,False
chat,7:en email,2,296,20,0.01425,0.00337,4.23077,False
chat,7:en email,2,307,45,0.03205,0.00253,12.69231,False
chat,7:en email,2,327,31,0.02208,0.00246,8.99341,False
chat,7:en email,2,357,26,0.01852,0.00281,6.6,False
chat,7:en email,3,54,44,0.03134,0.00154,20.30769,False
chat,7:en email,3,93,31,0.02208,0.0,314.76923,True
chat,7:en email,3,184,20,0.01425,0.00231,6.15385,False
chat,7:en email,3,258,22,0.01567,0.00379,4.13675,False
chat,7:en email,3,268,20,0.01425,0.00182,7.81065,False
chat,7:en email,3,291,103,0.07336,0.00267,27.52227,False
chat,7:en email,3,301,38,0.02707,0.00091,29.68047,False
chat,7:en email,3,302,25,0.01781,0.00238,7.46606,False
chat,7:en email,3,351,80,0.05698,0.0021,27.07692,False
chat,7:en email,3,353,21,0.01496,0.00274,5.46746,False
chat,7:en email,4,21,27,0.01923,0.00302,6.37567,False
chat,7:en email,4,44,24,0.01709,0.00182,9.37278,False
chat,7:en email,4,62,37,0.02635,0.00379,6.95726,False
chat,7:en email,4,112,107,0.07621,0.00295,25.86813,False
chat,7:en email,4,181,21,0.01496,0.00246,6.09231,False
chat,7:en email,4,214,37,0.02635,7e-05,375.69231,False
chat,7:en email,4,215,24,0.01709,0.0,243.69231,True
chat,7:en email,4,236,30,0.02137,0.00035,60.92308,False
chat,7:en email,4,268,59,0.04202,0.00056,74.88462,False
chat,7:en email,4,298,28,0.01994,0.00281,7.10769,False
chat,7:en email,4,346,21,0.01496,0.00182,8.20118,False
chat,7:en email,4,359,22,0.01567,0.00449,3.49038,False
chat,7:en email,4,367,82,0.0584,0.00659,8.85761,False
chat,7:en email,4,380,22,0.01567,0.00189,8.2735,False
chat,7:en email,5,9,34,0.02422,0.00652,3.71216,False
chat,7:en email,5,37,80,0.05698,0.00561,10.15385,False
chat,7:en email,5,79,47,0.03348,0.01108,3.02045,False
chat,7:en email,5,100,20,0.01425,0.00302,4.72272,False
chat,7:en email,5,104,90,0.0641,0.0,913.84615,True
chat,7:en email,5,129,27,0.01923,0.0033,5.83306,False
chat,7:en email,5,154,22,0.01567,0.0026,6.03742,False
chat,7:en email,5,199,26,0.01852,0.00168,11.0,False
chat,7:en email,5,278,38,0.02707,0.00049,55.12088,False
chat,7:en email,5,294,34,0.02422,0.00786,3.08242,False
chat,7:en email,5,304,47,0.03348,0.00891,3.75772,False
chat,7:en email,5,317,53,0.03775,0.00442,8.54212,False
chat,7:en email,6,3,59,0.04202,7e-05,599.07692,False
chat,7:en email,6,10,174,0.12393,0.0,1766.76923,True
chat,7:en email,6,46,24,0.01709,0.00512,3.33825,False
chat,7:en email,6,66,27,0.01923,0.00105,18.27692,False
chat,7:en email,6,126,23,0.01638,0.00028,58.38462,False
chat,7:en email,6,157,20,0.01425,0.0,203.07692,True
chat,7:en email,6,161,22,0.01567,0.00049,31.91209,False
chat,7:en email,6,192,30,0.02137,0.00393,5.43956,False
chat,7:en email,6,196,90,0.0641,0.00161,39.73244,False
chat,7:en email,6,233,31,0.02208,0.00028,78.69231,False
chat,7:en email,6,268,43,0.03063,0.00337,9.09615,False
chat,7:en email,6,312,22,0.01567,0.00456,3.43669,False
chat,7:en email,6,332,27,0.01923,0.00323,5.95987,False
chat,7:en email,6,349,37,0.02635,0.00421,6.26154,False
chat,7:en email,6,382,33,0.0235,0.00035,67.01538,False
chat,7:en email,7,4,39,0.02778,0.00084,33.0,False
chat,7:en email,7,29,25,0.01781,0.00189,9.40171,False
chat,7:en email,7,63,22,0.01567,0.00407,3.85146,False
chat,7:en email,7,64,28,0.01994,0.00175,11.37231,False
chat,7:en email,7,108,48,0.03419,0.00049,69.62637,False
chat,7:en email,7,157,32,0.02279,0.00652,3.4938,False
chat,7:en email,7,187,60,0.04274,0.00105,40.61538,False
chat,7:en email,7,188,33,0.0235,0.00056,41.88462,False
chat,7:en email,7,196,129,0.09188,0.00365,25.18935,False
chat,7:en email,7,200,24,0.01709,0.00133,12.82591,False
chat,7:en email,7,231,24,0.01709,0.0,243.69231,True
chat,7:en email,7,275,22,0.01567,0.00449,3.49038,False
chat,7:en email,7,285,88,0.06268,0.00028,223.38462,False
chat,7:en email,7,292,37,0.02635,0.0,375.69231,True
chat,7:en email,7,300,29,0.02066,0.0,294.46154,True
chat,7:en email,7,339,37,0.02635,0.00014,187.84615,False
chat,7:en email,8,4,25,0.01781,0.0,253.84615,True
chat,7:en email,8,16,21,0.01496,0.00203,7.35279,False
chat,7:en email,8,28,24,0.01709,0.00238,7.16742,False
chat,7:en email,8,54,44,0.03134,0.00737,4.25495,False
chat,7:en email,8,60,20,0.01425,0.00161,8.82943,False
chat,7:en email,8,65,25,0.01781,0.00021,84.61538,False
chat,7:en email,8,98,132,0.09402,0.00491,19.14725,False
chat,7:en email,8,131,20,0.01425,0.00049,29.01099,False
chat,7:en email,8,203,22,0.01567,7e-05,223.38462,False
chat,7:en email,8,216,59,0.04202,0.00519,8.09563,False
chat,7:en email,8,245,43,0.03063,0.00309,9.92308,False
chat,7:en email,8,261,24,0.01709,0.0014,12.18462,False
chat,7:en email,8,304,27,0.01923,0.00246,7.83297,False
chat,7:en email,8,332,27,0.01923,0.00365,5.27219,False
chat,7:en email,8,343,36,0.02564,0.00723,3.54892,False
chat,7:en email,8,373,79,0.05627,0.00175,32.08615,False
chat,7:en email,8,377,23,0.01638,0.00182,8.98225,False
chat,7:en email,9,11,35,0.02493,0.0,355.38462,True
chat,7:en email,9,15,91,0.06481,0.00898,7.21875,False
chat,7:en email,9,53,91,0.06481,0.0054,12.0,False
chat,7:en email,9,141,26,0.01852,0.00035,52.8,False
chat,7:en email,9,182,23,0.01638,0.00056,29.19231,False
chat,7:en email,9,189,95,0.06766,0.0,964.61538,True
chat,7:en email,9,206,56,0.03989,0.00856,4.66078,False
chat,7:en email,9,245,27,0.01923,0.00281,6.85385,False
chat,7:en email,9,312,95,0.06766,0.01312,5.15837,False
chat,7:en email,9,335,25,0.01781,0.0054,3.2967,False
chat,7:en email,9,343,29,0.02066,0.0061,3.38462,False
chat,7:en email,9,345,112,0.07977,0.00084,94.76923,False
chat,7:en email,10,24,50,0.03561,0.00596,5.97285,False
chat,7:en email,10,29,23,0.01638,0.00512,3.19916,False
chat,7:en email,10,43,189,0.13462,0.00098,137.07692,False
chat,7:en email,10,201,42,0.02991,0.00498,6.0065,False
chat,7:en email,10,280,81,0.05769,0.0,822.46154,True
chat,7:en email,10,287,136,0.09687,0.0101,9.58974,False
chat,7:en email,10,329,31,0.02208,0.00014,157.38462,False
chat,7:en email,10,356,35,0.02493,0.00196,12.69231,False
chat,7:en email,10,382,35,0.02493,0.00049,50.76923,False
chat,7:en email,11,13,135,0.09615,0.01501,6.40546,False
chat,7:en email,11,37,27,0.01923,0.0007,27.41538,False
chat,7:en email,11,82,102,0.07265,0.00267,27.25506,False
chat,7:en email,11,132,61,0.04345,0.00112,38.71154,False
chat,7:en email,11,152,58,0.04131,0.00035,117.78462,False
chat,7:en email,11,163,54,0.03846,0.01045,3.67992,False
chat,7:en email,11,218,79,0.05627,0.00112,50.13462,False
chat,7:en email,11,224,67,0.04772,0.00063,75.58974,False
chat,7:en email,11,254,31,0.02208,0.00238,9.25792,False
chat,7:en email,11,275,20,0.01425,0.00393,3.62637,False
chat,7:en email,11,278,44,0.03134,7e-05,446.76923,False
chat,7:en email,11,297,24,0.01709,0.00358,4.77828,False
chat,7:en email,11,315,25,0.01781,0.00098,18.13187,False
chat,7:en email,12,0,80,0.05698,0.00035,162.46154,False
chat,7:en email,12,74,30,0.02137,0.00105,20.30769,False
chat,7:en email,12,107,24,0.01709,0.0,243.69231,True
chat,7:en email,12,154,21,0.01496,0.0026,5.76299,False
chat,7:en email,12,162,35,0.02493,0.00638,3.90533,False
chat,7:en email,12,206,126,0.08974,0.00203,44.11671,False
chat,7:en email,12,370,24,0.01709,0.00042,40.61538,False
chat,7:en email,12,373,27,0.01923,7e-05,274.15385,False
chat,7:en email,12,375,22,0.01567,0.00196,7.97802,False
chat,7:en email,13,4,49,0.0349,7e-05,497.53846,False
chat,7:en email,13,26,37,0.02635,0.00295,8.94505,False
chat,7:en email,13,42,26,0.01852,0.00351,5.28,False
chat,7:en email,13,78,26,0.01852,0.00281,6.6,False
chat,7:en email,13,79,66,0.04701,0.01298,3.62245,False
chat,7:en email,13,152,28,0.01994,0.0007,28.43077,False
chat,7:en email,13,295,21,0.01496,0.00281,5.33077,False
chat,7:en email,13,296,100,0.07123,0.02245,3.17308,False
chat,7:en email,13,314,36,0.02564,0.00119,21.50226,False
chat,7:en email,13,364,20,0.01425,0.00309,4.61538,False
chat,7:en email,14,123,60,0.04274,0.00021,203.07692,False
chat,7:en email,14,130,27,0.01923,0.00498,3.86132,False
chat,7:en email,14,150,24,0.01709,0.00014,121.84615,False
chat,7:en email,14,183,32,0.02279,0.00351,6.49846,False
chat,7:en email,14,231,88,0.06268,0.0068,9.21174,False
chat,7:en email,14,235,81,0.05769,0.008,7.21457,False
chat,7:en email,14,239,32,0.02279,0.00238,9.55656,False
chat,7:en email,14,249,40,0.02849,0.00231,12.30769,False
chat,7:en email,14,270,24,0.01709,0.0007,24.36923,False
chat,7:en email,14,275,24,0.01709,0.00091,18.74556,False
chat,7:en email,14,341,109,0.07764,0.00014,553.38462,False
chat,7:en email,15,59,24,0.01709,0.00056,30.46154,False
chat,7:en email,15,84,29,0.02066,0.00021,98.15385,False
chat,7:en email,15,98,21,0.01496,0.00498,3.00325,False
chat,7:en email,15,152,20,0.01425,0.00112,12.69231,False
chat,7:en email,15,197,33,0.0235,0.00365,6.44379,False
chat,7:en email,15,214,23,0.01638,0.00302,5.43113,False
chat,7:en email,15,215,26,0.01852,0.00105,17.6,False
chat,7:en email,15,229,70,0.04986,0.00267,18.70445,False
chat,7:en email,15,246,53,0.03775,0.00526,7.17538,False
chat,7:en email,15,248,23,0.01638,0.00105,15.56923,False
chat,7:en email,15,250,22,0.01567,0.00175,8.93538,False
chat,7:en email,15,254,27,0.01923,0.00175,10.96615,False
chat,7:en email,15,336,21,0.01496,0.00077,19.38462,False
chat,7:en email,15,362,29,0.02066,0.00133,15.49798,False
chat,7:en email,15,374,25,0.01781,0.00323,5.51839,False
chat,7:en email,16,26,59,0.04202,7e-05,599.07692,False
chat,7:en email,16,69,76,0.05413,0.00168,32.15385,False
chat,7:en email,16,76,82,0.0584,7e-05,832.61538,False
chat,7:en email,16,78,80,0.05698,0.00673,8.46154,False
chat,7:en email,16,219,56,0.03989,0.00253,15.79487,False
chat,7:en email,16,257,28,0.01994,0.00042,47.38462,False
chat,7:en email,16,268,33,0.0235,0.00035,67.01538,False
chat,7:en email,16,285,49,0.0349,0.00035,99.50769,False
chat,7:en email,16,292,24,0.01709,0.0,243.69231,True
chat,7:en email,16,343,23,0.01638,0.00379,4.32479,False
chat,7:en email,16,365,119,0.08476,0.0,1208.30769,True
chat,7:en email,17,0,34,0.02422,0.0014,17.26154,False
chat,7:en email,17,26,20,0.01425,0.00182,7.81065,False
chat,7:en email,17,46,39,0.02778,0.00274,10.15385,False
chat,7:en email,17,56,29,0.02066,0.00049,42.06593,False
chat,7:en email,17,79,30,0.02137,0.00505,4.23077,False
chat,7:en email,17,93,23,0.01638,0.00084,19.46154,False
chat,7:en email,17,139,70,0.04986,0.00028,177.69231,False
chat,7:en email,17,161,45,0.03205,0.00856,3.74527,False
chat,7:en email,17,165,21,0.01496,0.00238,6.27149,False
chat,7:en email,17,198,45,0.03205,0.00021,152.30769,False
chat,7:en email,17,207,59,0.04202,7e-05,599.07692,False
chat,7:en email,17,235,24,0.01709,0.00288,5.94371,False
chat,7:en email,17,237,95,0.06766,0.00035,192.92308,False
chat,7:en email,17,326,76,0.05413,0.00288,18.82176,False
chat,7:en email,18,127,21,0.01496,0.00014,106.61538,False
chat,7:en email,18,143,28,0.01994,0.00021,94.76923,False
chat,7:en email,18,167,33,0.0235,0.004,5.87854,False
chat,7:en email,18,182,135,0.09615,0.00021,456.92308,False
chat,7:en email,18,205,23,0.01638,0.00344,4.76609,False
chat,7:en email,18,228,44,0.03134,0.0,446.76923,True
chat,7:en email,18,236,20,0.01425,0.00112,12.69231,False
chat,7:en email,18,247,126,0.08974,0.00042,213.23077,False
chat,7:en email,18,273,129,0.09188,0.00098,93.56044,False
chat,7:en email,18,277,26,0.01852,0.0007,26.4,False
chat,7:en email,18,308,58,0.04131,0.0007,58.89231,False
chat,7:en email,19,75,37,0.02635,0.00189,13.91453,False
chat,7:en email,19,129,80,0.05698,0.00673,8.46154,False
chat,7:en email,19,155,20,0.01425,0.00372,3.83164,False
chat,7:en email,19,189,20,0.01425,0.00309,4.61538,False
chat,7:en email,19,268,85,0.06054,0.00407,14.88064,False
chat,7:en email,19,308,20,0.01425,0.00372,3.83164,False
chat,7:en email,19,352,25,0.01781,0.00519,3.43035,False
chat,7:en email,19,381,24,0.01709,0.00056,30.46154,False
chat,7:en email,19,382,20,0.01425,0.00161,8.82943,False
chat,7:en email,20,80,224,0.15954,0.00126,126.35897,False
chat,7:en email,20,97,33,0.0235,0.00182,12.88757,False
chat,7:en email,20,98,26,0.01852,0.00295,6.28571,False
chat,7:en email,20,105,38,0.02707,0.00456,5.93609,False
chat,7:en email,20,170,70,0.04986,0.00063,78.97436,False
chat,7:en email,20,183,40,0.02849,0.0,406.15385,True
chat,7:en email,20,207,34,0.02422,0.0,345.23077,True
chat,7:en email,20,296,28,0.01994,0.00309,6.46154,False
chat,7:en email,21,9,27,0.01923,0.00119,16.1267,False
chat,7:en email,21,19,20,0.01425,0.00182,7.81065,False
chat,7:en email,21,29,65,0.0463,0.00638,7.25275,False
chat,7:en email,21,45,107,0.07621,0.00168,45.26923,False
chat,7:en email,21,64,28,0.01994,0.0007,28.43077,False
chat,7:en email,21,75,34,0.02422,0.00168,14.38462,False
chat,7:en email,21,79,29,0.02066,0.00182,11.32544,False
chat,7:en email,21,176,23,0.01638,0.00154,10.61538,False
chat,7:en email,21,178,78,0.05556,0.0,792.0,True
chat,7:en email,21,193,67,0.04772,0.00126,37.79487,False
chat,7:en email,21,221,43,0.03063,0.00014,218.30769,False
chat,7:en email,21,314,51,0.03632,0.0,517.84615,True
chat,7:en email,21,350,21,0.01496,0.00231,6.46154,False
chat,7:en email,22,24,23,0.01638,0.00042,38.92308,False
chat,7:en email,22,46,33,0.0235,0.00028,83.76923,False
chat,7:en email,22,49,98,0.0698,7e-05,995.07692,False
chat,7:en email,22,81,36,0.02564,0.00196,13.05495,False
chat,7:en email,22,98,26,0.01852,0.00077,24.0,False
chat,7:en email,22,141,61,0.04345,0.00161,26.92977,False
chat,7:en email,22,171,29,0.02066,0.00154,13.38462,False
chat,7:en email,22,199,29,0.02066,0.00084,24.53846,False
chat,7:en email,22,239,25,0.01781,0.00196,9.06593,False
chat,7:en email,22,254,35,0.02493,0.00091,27.33728,False
chat,7:en email,22,345,30,0.02137,0.00049,43.51648,False
chat,7:en email,22,366,80,0.05698,0.00098,58.02198,False
chat,7:en email,23,30,22,0.01567,0.00084,18.61538,False
chat,7:en email,23,87,26,0.01852,0.00337,5.5,False
chat,7:en email,23,143,24,0.01709,0.00028,60.92308,False
chat,7:en email,23,179,27,0.01923,0.00028,68.53846,False
chat,7:en email,23,188,95,0.06766,0.00372,18.20029,False
chat,7:en email,23,228,24,0.01709,0.00203,8.40318,False
chat,7:en email,23,269,20,0.01425,0.00407,3.50133,False
chat,7:en email,23,296,24,0.01709,0.00126,13.53846,False
chat,7:en email,23,298,28,0.01994,0.00238,8.36199,False
chat,7:en email,23,380,66,0.04701,0.0021,22.33846,False
chat,7:en email,24,8,23,0.01638,0.00021,77.84615,False
chat,7:en email,24,23,39,0.02778,0.0,396.0,True
chat,7:en email,24,77,34,0.02422,7e-05,345.23077,False
chat,7:en email,24,98,34,0.02422,0.00049,49.31868,False
chat,7:en email,24,129,66,0.04701,0.00547,8.59172,False
chat,7:en email,24,143,43,0.03063,7e-05,436.61538,False
chat,7:en email,24,165,21,0.01496,0.00421,3.55385,False
chat,7:en email,24,168,105,0.07479,0.00049,152.30769,False
chat,7:en email,24,208,96,0.06838,0.00933,7.32909,False
chat,7:en email,24,256,48,0.03419,0.00028,121.84615,False
chat,7:en email,24,276,20,0.01425,0.00161,8.82943,False
chat,7:en email,24,303,39,0.02778,0.00063,44.0,False
chat,7:en email,24,328,57,0.0406,0.00021,192.92308,False
chat,7:en email,24,342,20,0.01425,0.00133,10.68826,False
chat,7:en email,24,345,71,0.05057,0.0,720.92308,True
chat,7:en email,25,11,32,0.02279,0.00056,40.61538,False
chat,7:en email,25,65,47,0.03348,7e-05,477.23077,False
chat,7:en email,25,119,189,0.13462,0.0,1919.07692,True
chat,7:en email,25,130,44,0.03134,0.00133,23.51417,False
chat,7:en email,25,276,34,0.02422,0.00084,28.76923,False
chat,7:en email,25,280,57,0.0406,0.0,578.76923,True
chat,7:en email,25,281,47,0.03348,0.00196,17.04396,False
chat,7:en email,25,301,57,0.0406,0.0033,12.31424,False
chat,7:en email,25,324,22,0.01567,7e-05,223.38462,False
chat,7:en email,25,380,47,0.03348,7e-05,477.23077,False
chat,7:en email,26,19,26,0.01852,0.0,264.0,True
chat,7:en email,26,21,99,0.07051,0.00659,10.69394,False
chat,7:en email,26,146,31,0.02208,0.00295,7.49451,False
chat,7:en email,26,164,20,0.01425,0.00161,8.82943,False
chat,7:en email,26,228,42,0.02991,0.00982,3.04615,False
chat,7:en email,26,249,21,0.01496,0.00014,106.61538,False
chat,7:en email,26,275,39,0.02778,0.00098,28.28571,False
chat,7:en email,26,279,20,0.01425,0.00246,5.8022,False
chat,7:en email,26,296,35,0.02493,0.00112,22.21154,False
chat,7:en email,26,306,25,0.01781,0.00274,6.50888,False
chat,7:en email,26,341,30,0.02137,0.00323,6.62207,False
chat,7:en email,26,343,107,0.07621,0.0,1086.46154,True
chat,7:en email,26,347,49,0.0349,0.00414,8.43286,False
chat,7:en email,26,363,124,0.08832,0.0,1259.07692,True
chat,7:en email,26,378,95,0.06766,0.00807,8.38796,False
chat,7:en email,27,19,24,0.01709,0.00112,15.23077,False
chat,7:en email,27,32,118,0.08405,0.0,1198.15385,True
chat,7:en email,27,40,38,0.02707,0.00715,3.78281,False
chat,7:en email,27,138,21,0.01496,0.0,213.23077,True
chat,7:en email,27,155,35,0.02493,0.00772,3.23077,False
chat,7:en email,27,164,24,0.01709,0.00547,3.12426,False
chat,7:en email,27,212,20,0.01425,0.00435,3.27543,False
chat,7:en email,27,219,21,0.01496,0.00105,14.21538,False
chat,7:en email,27,250,60,0.04274,0.01199,3.56275,False
chat,7:en email,27,251,34,0.02422,0.00253,9.58974,False
chat,7:en email,27,256,100,0.07123,0.00295,24.17582,False
chat,7:en email,27,301,23,0.01638,0.00084,19.46154,False
chat,7:en email,27,321,29,0.02066,0.00161,12.80268,False
chat,7:en email,27,325,21,0.01496,0.00063,23.69231,False
chat,7:en email,27,358,23,0.01638,0.00414,3.95828,False
chat,7:en email,28,12,22,0.01567,0.00049,31.91209,False
chat,7:en email,28,18,21,0.01496,0.00421,3.55385,False
chat,7:en email,28,25,37,0.02635,0.00449,5.87019,False
chat,7:en email,28,33,65,0.0463,0.00014,330.0,False
chat,7:en email,28,47,100,0.07123,0.00021,338.46154,False
chat,7:en email,28,64,49,0.0349,0.00028,124.38462,False
chat,7:en email,28,71,50,0.03561,0.0021,16.92308,False
chat,7:en email,28,104,38,0.02707,0.00337,8.03846,False
chat,7:en email,28,128,25,0.01781,0.00253,7.05128,False
chat,7:en email,28,141,24,0.01709,0.0007,24.36923,False
chat,7:en email,28,174,183,0.13034,0.03171,4.11096,False
chat,7:en email,28,180,21,0.01496,0.00302,4.95886,False
chat,7:en email,28,202,25,0.01781,0.00028,63.46154,False
chat,7:en email,28,260,26,0.01852,0.0007,26.4,False
chat,7:en email,28,287,26,0.01852,0.00056,33.0,False
chat,7:en email,28,323,24,0.01709,0.00161,10.59532,False
chat,7:en email,28,335,27,0.01923,0.0007,27.41538,False
chat,7:en email,28,343,63,0.04487,0.00189,23.69231,False
chat,7:en email,28,349,24,0.01709,0.00161,10.59532,False
chat,7:en email,29,45,23,0.01638,0.00112,14.59615,False
chat,7:en email,29,59,23,0.01638,0.00112,14.59615,False
chat,7:en email,29,61,20,0.01425,0.00203,7.00265,False
chat,7:en email,29,78,23,0.01638,0.00224,7.29808,False
chat,7:en email,29,137,31,0.02208,0.0007,31.47692,False
chat,7:en email,29,149,31,0.02208,0.00463,4.76923,False
chat,7:en email,29,174,21,0.01496,0.00035,42.64615,False
chat,7:en email,29,183,106,0.0755,0.00021,358.76923,False
chat,7:en email,29,205,30,0.02137,0.00337,6.34615,False
chat,7:en email,29,234,48,0.03419,0.00042,81.23077,False
chat,7:en email,29,282,42,0.02991,0.00049,60.92308,False
chat,7:en email,29,313,28,0.01994,0.00498,4.00433,False
chat,7:en email,29,330,45,0.03205,0.00358,8.95928,False
chat,7:en email,29,363,24,0.01709,0.00224,7.61538,False
chat,7:en email,30,3,25,0.01781,0.00253,7.05128,False
chat,7:en email,30,44,22,0.01567,0.00161,9.71237,False
chat,7:en email,30,48,37,0.02635,0.0073,3.61243,False
chat,7:en email,30,90,29,0.02066,0.00253,8.17949,False
chat,7:en email,30,106,21,0.01496,0.00421,3.55385,False
chat,7:en email,30,182,28,0.01994,0.00112,17.76923,False
chat,7:en email,30,207,39,0.02778,0.0026,10.7027,False
chat,7:en email,30,222,21,0.01496,0.00456,3.28047,False
chat,7:en email,30,259,35,0.02493,0.0007,35.53846,False
chat,7:en email,30,262,28,0.01994,0.00533,3.74089,False
chat,7:en email,30,265,31,0.02208,0.00217,10.15385,False
chat,7:en email,30,273,56,0.03989,0.00428,9.32156,False
chat,7:en email,30,322,42,0.02991,0.00056,53.30769,False
chat,7:en email,30,326,77,0.05484,0.00119,45.99095,False
chat,7:en email,30,357,51,0.03632,0.00014,258.92308,False
chat,7:en email,31,0,194,0.13818,0.0,1969.84615,True
chat,7:en email,31,36,26,0.01852,0.00428,4.32787,False
chat,7:en email,31,108,38,0.02707,0.00568,4.76353,False
chat,7:en email,31,145,26,0.01852,0.00091,20.30769,False
chat,7:en email,31,148,28,0.01994,0.00077,25.84615,False
chat,7:en email,31,160,20,0.01425,0.00456,3.12426,False
chat,7:en email,31,174,33,0.0235,0.0,335.07692,True
chat,7:en email,31,217,33,0.0235,0.00217,10.80893,False
chat,7:en email,31,231,110,0.07835,0.01249,6.27485,False
chat,7:en email,31,236,32,0.02279,0.00182,12.49704,False
chat,7:en email,31,237,29,0.02066,0.00182,11.32544,False
chat,7:en email,31,346,34,0.02422,0.00309,7.84615,False
chat,7:en email,31,347,21,0.01496,0.00477,3.13575,False
chat,7:en email,32,48,23,0.01638,0.00077,21.23077,False
chat,7:en email,32,59,49,0.0349,0.00779,4.48233,False
chat,7:en email,32,89,25,0.01781,0.00035,50.76923,False
chat,7:en email,32,110,100,0.07123,0.00975,7.30493,False
chat,7:en email,32,184,46,0.03276,0.0014,23.35385,False
chat,7:en email,32,192,30,0.02137,0.00428,4.99369,False
chat,7:en email,32,195,30,0.02137,0.00077,27.69231,False
chat,7:en email,32,249,31,0.02208,0.00098,22.48352,False
chat,7:en email,32,251,32,0.02279,0.00224,10.15385,False
chat,7:en email,32,312,28,0.01994,0.00084,23.69231,False
chat,7:en email,32,339,29,0.02066,0.00295,7.01099,False
chat,7:en email,32,347,20,0.01425,0.00028,50.76923,False
chat,7:en email,32,350,28,0.01994,0.00189,10.52991,False
chat,7:en email,32,352,26,0.01852,0.00189,9.77778,False
chat,7:en email,32,369,116,0.08262,0.01684,4.90769,False
chat,7:en email,33,6,34,0.02422,0.00484,5.00334,False
chat,7:en email,33,94,45,0.03205,0.00021,152.30769,False
chat,7:en email,33,133,21,0.01496,0.00302,4.95886,False
chat,7:en email,33,174,40,0.02849,0.00147,19.34066,False
chat,7:en email,33,229,65,0.0463,0.00624,7.41573,False
chat,7:en email,33,246,70,0.04986,0.0007,71.07692,False
chat,7:en email,33,278,38,0.02707,0.00021,128.61538,False
chat,7:en email,33,281,30,0.02137,0.00701,3.04615,False
chat,7:en email,33,292,28,0.01994,0.00217,9.17122,False
chat,7:en email,33,311,36,0.02564,0.00231,11.07692,False
chat,7:en email,33,317,122,0.08689,0.00035,247.75385,False
chat,7:en email,33,379,28,0.01994,0.00028,71.07692,False
chat,7:en email,34,8,29,0.02066,0.00035,58.89231,False
chat,7:en email,34,83,31,0.02208,0.00168,13.11538,False
chat,7:en email,34,139,26,0.01852,0.00014,132.0,False
chat,7:en email,34,188,42,0.02991,0.00575,5.20075,False
chat,7:en email,34,223,30,0.02137,0.00645,3.31104,False
chat,7:en email,34,229,28,0.01994,0.00554,3.59883,False
chat,7:en email,34,238,129,0.09188,0.00084,109.15385,False
chat,7:en email,34,324,26,0.01852,0.00281,6.6,False
chat,7:en email,34,362,88,0.06268,7e-05,893.53846,False
chat,7:en email,35,36,27,0.01923,0.00365,5.27219,False
chat,7:en email,35,86,24,0.01709,0.00351,4.87385,False
chat,7:en email,35,115,119,0.08476,0.00042,201.38462,False
chat,7:en email,35,116,29,0.02066,0.00274,7.5503,False
chat,7:en email,35,187,25,0.01781,0.00014,126.92308,False
chat,7:en email,35,204,26,0.01852,0.0021,8.8,False
chat,7:en email,35,218,27,0.01923,0.00049,39.16484,False
chat,7:en email,35,305,42,0.02991,0.00288,10.4015,False
chat,7:en email,35,332,21,0.01496,0.00203,7.35279,False
chat,7:en email,35,341,27,0.01923,0.0054,3.56044,False
chat,7:en email,35,342,26,0.01852,0.00014,132.0,False
chat,7:en email,35,349,123,0.08761,0.01066,8.2166,False
chat,7:en email,35,369,27,0.01923,0.00105,18.27692,False
chat,7:en email,36,15,46,0.03276,0.00147,22.24176,False
chat,7:en email,36,29,36,0.02564,0.00042,60.92308,False
chat,7:en email,36,108,25,0.01781,0.00281,6.34615,False
chat,7:en email,36,143,45,0.03205,0.0007,45.69231,False
chat,7:en email,36,166,24,0.01709,0.00358,4.77828,False
chat,7:en email,36,214,78,0.05556,0.01122,4.95,False
chat,7:en email,36,261,25,0.01781,7e-05,253.84615,False
chat,7:en email,36,266,44,0.03134,0.00028,111.69231,False
chat,7:en email,36,308,33,0.0235,0.00337,6.98077,False
chat,7:en email,36,321,35,0.02493,0.0,355.38462,True
chat,7:en email,36,338,21,0.01496,0.00449,3.33173,False
chat,7:en email,36,344,35,0.02493,0.00547,4.55621,False
chat,7:en email,37,0,21,0.01496,0.00042,35.53846,False
chat,7:en email,37,18,24,0.01709,0.00365,4.68639,False
chat,7:en email,37,43,23,0.01638,0.00224,7.29808,False
chat,7:en email,37,73,41,0.0292,0.00175,16.65231,False
chat,7:en email,37,76,27,0.01923,0.00056,34.26923,False
chat,7:en email,37,104,45,0.03205,0.00126,25.38462,False
chat,7:en email,37,119,21,0.01496,0.00105,14.21538,False
chat,7:en email,37,134,24,0.01709,0.00063,27.07692,False
chat,7:en email,37,139,46,0.03276,0.00049,66.72527,False
chat,7:en email,37,182,29,0.02066,0.00133,15.49798,False
chat,7:en email,37,217,48,0.03419,0.00302,11.33453,False
chat,7:en email,37,221,124,0.08832,0.01557,5.67152,False
chat,7:en email,37,232,24,0.01709,0.0026,6.58628,False
chat,7:en email,37,268,25,0.01781,0.00337,5.28846,False
chat,7:en email,37,291,110,0.07835,0.00196,39.89011,False
chat,7:en email,37,366,20,0.01425,0.0047,3.031,False
chat,7:en email,38,6,31,0.02208,0.0021,10.49231,False
chat,7:en email,38,54,26,0.01852,0.00084,22.0,False
chat,7:en email,38,141,78,0.05556,0.01178,4.71429,False
chat,7:en email,38,144,37,0.02635,0.00063,41.74359,False
chat,7:en email,38,155,27,0.01923,0.00393,4.8956,False
chat,7:en email,38,203,38,0.02707,0.00491,5.51209,False
chat,7:en email,38,276,25,0.01781,0.00119,14.93213,False
chat,7:en email,38,311,52,0.03704,0.00182,20.30769,False
chat,7:en email,38,325,22,0.01567,0.00126,12.41026,False
chat,7:en email,38,349,61,0.04345,0.01403,3.09692,False
chat,7:en email,39,6,22,0.01567,0.00435,3.60298,False
chat,7:en email,39,26,21,0.01496,0.00498,3.00325,False
chat,7:en email,39,42,48,0.03419,0.00989,3.45663,False
chat,7:en email,39,90,38,0.02707,0.00035,77.16923,False
chat,7:en email,39,123,28,0.01994,0.00105,18.95385,False
chat,7:en email,39,135,124,0.08832,0.01782,4.957,False
chat,7:en email,39,142,25,0.01781,0.00526,3.38462,False
chat,7:en email,39,164,24,0.01709,0.00435,3.93052,False
chat,7:en email,39,166,23,0.01638,0.00154,10.61538,False
chat,7:en email,39,215,30,0.02137,0.0068,3.14036,False
chat,7:en email,39,254,22,0.01567,0.00196,7.97802,False
chat,7:en email,39,272,28,0.01994,0.00512,3.89463,False
chat,7:en email,39,305,27,0.01923,7e-05,274.15385,False
chat,7:en email,39,318,27,0.01923,0.00196,9.79121,False
chat,7:en email,39,355,29,0.02066,0.00231,8.92308,False
chat,8:zh math,0,6,73,0.03072,0.00143,21.48086,False
chat,8:zh math,0,71,25,0.01052,0.00105,9.98377,False
chat,8:zh math,0,94,20,0.00842,0.00173,4.86166,False
chat,8:zh math,0,122,120,0.05051,0.00098,51.60839,False
chat,8:zh math,0,166,23,0.00968,0.00173,5.59091,False
chat,8:zh math,0,213,30,0.01263,0.00151,8.38636,False
chat,8:zh math,0,215,89,0.03746,0.00023,165.86364,False
chat,8:zh math,0,223,37,0.01557,0.00512,3.04211,False
chat,8:zh math,0,257,24,0.0101,0.00136,7.45455,False
chat,8:zh math,0,329,25,0.01052,0.00045,23.29545,False
chat,8:zh math,0,330,26,0.01094,0.00271,4.03788,False
chat,8:zh math,0,374,28,0.01178,8e-05,156.54545,False
chat,8:zh math,1,15,24,0.0101,0.00226,4.47273,False
chat,8:zh math,1,67,56,0.02357,0.00309,7.63636,False
chat,8:zh math,1,106,32,0.01347,0.00188,7.15636,False
chat,8:zh math,1,132,20,0.00842,0.00098,8.6014,False
chat,8:zh math,1,139,21,0.00884,0.0006,14.67614,False
chat,8:zh math,1,187,111,0.04672,0.00075,62.05909,False
chat,8:zh math,1,204,35,0.01473,0.00263,5.59091,False
chat,8:zh math,1,205,58,0.02441,0.00241,10.13352,False
chat,8:zh math,1,297,93,0.03914,0.00775,5.0481,False
chat,8:zh math,1,309,205,0.08628,0.00151,57.30682,False
chat,8:zh math,1,334,47,0.01978,0.00173,11.4249,False
chat,8:zh math,1,350,20,0.00842,0.0,111.81818,True
chat,8:zh math,1,383,36,0.01515,0.00407,3.72727,False
chat,8:zh math,2,9,33,0.01389,0.00098,14.19231,False
chat,8:zh math,2,14,46,0.01936,0.00459,4.2161,False
chat,8:zh math,2,36,81,0.03409,0.00617,5.52273,False
chat,8:zh math,2,38,34,0.01431,0.0003,47.52273,False
chat,8:zh math,2,42,147,0.06187,0.00918,6.73659,False
chat,8:zh math,2,71,58,0.02441,0.00196,12.47203,False
chat,8:zh math,2,89,27,0.01136,0.00263,4.31299,False
chat,8:zh math,2,131,191,0.08039,0.0009,88.98864,False
chat,8:zh math,2,196,46,0.01936,0.0006,32.14773,False
chat,8:zh math,2,214,48,0.0202,0.00625,3.2333,False
chat,8:zh math,2,261,79,0.03325,0.00218,15.23041,False
chat,8:zh math,2,281,40,0.01684,0.0,223.63636,True
chat,8:zh math,2,332,39,0.01641,0.00015,109.02273,False
chat,8:zh math,2,367,178,0.07492,0.00173,43.26877,False
chat,8:zh math,2,377,38,0.01599,0.00053,30.35065,False
chat,8:zh math,2,382,24,0.0101,0.00263,3.83377,False
chat,8:zh math,3,27,335,0.14099,0.00083,170.2686,False
chat,8:zh math,3,32,82,0.03451,0.00015,229.22727,False
chat,8:zh math,3,43,25,0.01052,0.00105,9.98377,False
chat,8:zh math,3,81,38,0.01599,0.00158,10.11688,False
chat,8:zh math,3,104,88,0.03704,0.00384,9.64706,False
chat,8:zh math,3,196,38,0.01599,0.00354,4.52031,False
chat,8:zh math,3,243,30,0.01263,0.00083,15.24793,False
chat,8:zh math,3,270,63,0.02652,0.00181,14.67614,False
chat,8:zh math,3,310,52,0.02189,0.00294,7.45455,False
chat,8:zh math,3,337,26,0.01094,0.00181,6.05682,False
chat,8:zh math,3,365,31,0.01305,0.00286,4.561,False
chat,8:zh math,3,375,35,0.01473,0.00459,3.2079,False
chat,8:zh math,4,30,36,0.01515,0.00422,3.59416,False
chat,8:zh math,4,34,30,0.01263,0.00023,55.90909,False
chat,8:zh math,4,72,39,0.01641,0.00203,8.07576,False
chat,8:zh math,4,78,51,0.02146,0.00557,3.85319,False
chat,8:zh math,4,107,65,0.02736,0.00151,18.17045,False
chat,8:zh math,4,122,222,0.09343,0.02763,3.38197,False
chat,8:zh math,4,127,33,0.01389,0.0009,15.375,False
chat,8:zh math,4,138,28,0.01178,0.00015,78.27273,False
chat,8:zh math,4,146,24,0.0101,0.00166,6.09917,False
chat,8:zh math,4,168,171,0.07197,0.00482,14.93821,False
chat,8:zh math,4,188,23,0.00968,0.0006,16.07386,False
chat,8:zh math,4,225,39,0.01641,0.00151,10.90227,False
chat,8:zh math,4,267,49,0.02062,0.0009,22.82955,False
chat,8:zh math,4,297,20,0.00842,0.00211,3.99351,False
chat,8:zh math,4,375,85,0.03577,0.00294,12.18531,False
chat,8:zh math,4,381,68,0.02862,0.007,4.08798,False
chat,8:zh math,5,39,32,0.01347,0.00226,5.96364,False
chat,8:zh math,5,87,29,0.01221,0.00015,81.06818,False
chat,8:zh math,5,89,200,0.08418,0.00933,9.0176,False
chat,8:zh math,5,141,39,0.01641,0.00437,3.7594,False
chat,8:zh math,5,162,59,0.02483,0.00105,23.56169,False
chat,8:zh math,5,172,84,0.03535,0.00241,14.67614,False
chat,8:zh math,5,194,193,0.08123,0.00693,11.72875,False
chat,8:zh math,5,195,31,0.01305,0.0003,43.32955,False
chat,8:zh math,5,222,88,0.03704,0.00045,82.0,False
chat,8:zh math,5,242,83,0.03493,0.00083,42.18595,False
chat,8:zh math,5,248,23,0.00968,0.00309,3.13636,False
chat,8:zh math,5,284,28,0.01178,0.00384,3.06952,False
chat,8:zh math,5,286,21,0.00884,0.00294,3.01049,False
chat,8:zh math,5,315,106,0.04461,0.01092,4.08715,False
chat,8:zh math,5,321,54,0.02273,0.00218,10.41066,False
chat,8:zh math,5,350,25,0.01052,0.00068,15.5303,False
chat,8:zh math,5,360,57,0.02399,0.00617,3.88636,False
chat,8:zh math,5,383,52,0.02189,0.00068,32.30303,False
chat,8:zh math,6,14,254,0.1069,0.01837,5.82004,False
chat,8:zh math,6,18,35,0.01473,0.00474,3.10606,False
chat,8:zh math,6,33,103,0.04335,0.00151,28.79318,False
chat,8:zh math,6,63,41,0.01726,0.0,229.22727,True
chat,8:zh math,6,81,27,0.01136,0.00173,6.56324,False
chat,8:zh math,6,104,231,0.09722,0.01009,9.63806,False
chat,8:zh math,6,119,33,0.01389,0.00045,30.75,False
chat,8:zh math,6,137,37,0.01557,0.00098,15.91259,False
chat,8:zh math,6,164,85,0.03577,0.00075,47.52273,False
chat,8:zh math,6,209,126,0.05303,0.00361,14.67614,False
chat,8:zh math,6,225,46,0.01936,0.00053,36.74026,False
chat,8:zh math,6,283,54,0.02273,0.00437,5.20533,False
chat,8:zh math,6,339,31,0.01305,0.0009,14.44318,False
chat,8:zh math,7,25,60,0.02525,0.00196,12.9021,False
chat,8:zh math,7,34,23,0.00968,0.0,128.59091,True
chat,8:zh math,7,40,35,0.01473,0.00211,6.98864,False
chat,8:zh math,7,48,20,0.00842,0.00113,7.45455,False
chat,8:zh math,7,94,29,0.01221,0.0009,13.51136,False
chat,8:zh math,7,136,42,0.01768,0.00587,3.01049,False
chat,8:zh math,7,142,72,0.0303,0.00015,201.27273,False
chat,8:zh math,7,202,199,0.08375,0.00068,123.62121,False
chat,8:zh math,7,206,20,0.00842,0.00038,22.36364,False
chat,8:zh math,7,230,50,0.02104,0.00647,3.25053,False
chat,8:zh math,7,293,34,0.01431,0.00384,3.72727,False
chat,8:zh math,7,316,44,0.01852,0.00075,24.6,False
chat,8:zh math,7,331,351,0.14773,0.00068,218.04545,False
chat,8:zh math,7,355,53,0.02231,0.0,296.31818,True
chat,8:zh math,7,356,65,0.02736,0.00316,8.6526,False
chat,8:zh math,7,363,46,0.01936,0.00203,9.52525,False
chat,8:zh math,7,365,27,0.01136,0.00331,3.43079,False
chat,8:zh math,7,383,22,0.00926,8e-05,123.0,False
chat,8:zh math,8,15,264,0.11111,0.00279,39.89189,False
chat,8:zh math,8,45,83,0.03493,0.00745,4.68733,False
chat,8:zh math,8,50,36,0.01515,0.00015,100.63636,False
chat,8:zh math,8,52,84,0.03535,0.00256,13.81283,False
chat,8:zh math,8,62,44,0.01852,0.00038,49.2,False
chat,8:zh math,8,100,79,0.03325,0.00376,8.83364,False
chat,8:zh math,8,114,33,0.01389,0.00143,9.71053,False
chat,8:zh math,8,134,25,0.01052,0.00346,3.03854,False
chat,8:zh math,8,135,43,0.0181,0.00128,14.14171,False
chat,8:zh math,8,143,27,0.01136,0.00241,4.71733,False
chat,8:zh math,8,224,31,0.01305,0.00226,5.77727,False
chat,8:zh math,8,288,253,0.10648,0.00527,20.20714,False
chat,8:zh math,8,327,181,0.07618,0.01588,4.79599,False
chat,8:zh math,8,333,34,0.01431,0.00384,3.72727,False
chat,8:zh math,8,341,32,0.01347,0.00196,6.88112,False
chat,8:zh math,8,360,39,0.01641,0.00324,5.07082,False
chat,8:zh math,8,381,20,0.00842,0.00279,3.02211,False
chat,8:zh math,9,40,114,0.04798,0.00053,91.05195,False
chat,8:zh math,9,52,35,0.01473,0.0009,16.30682,False
chat,8:zh math,9,58,23,0.00968,0.00196,4.9458,False
chat,8:zh math,9,91,44,0.01852,0.00181,10.25,False
chat,8:zh math,9,133,323,0.13594,0.00226,60.19545,False
chat,8:zh math,9,203,42,0.01768,0.00015,117.40909,False
chat,8:zh math,9,216,78,0.03283,0.00723,4.54261,False
chat,8:zh math,9,219,70,0.02946,0.0012,24.46023,False
chat,8:zh math,9,222,25,0.01052,0.00098,10.75175,False
chat,8:zh math,9,229,32,0.01347,0.00429,3.13876,False
chat,8:zh math,9,236,239,0.10059,0.00203,49.4899,False
chat,8:zh math,9,254,92,0.03872,0.00113,34.29091,False
chat,8:zh math,9,272,153,0.06439,0.00015,427.70455,False
chat,8:zh math,9,349,222,0.09343,0.01551,6.02515,False
chat,8:zh math,10,16,47,0.01978,0.0003,65.69318,False
chat,8:zh math,10,47,20,0.00842,0.00166,5.08264,False
chat,8:zh math,10,78,37,0.01557,0.00248,6.2686,False
chat,8:zh math,10,81,279,0.11742,0.00045,259.97727,False
chat,8:zh math,10,84,20,0.00842,0.00196,4.3007,False
chat,8:zh math,10,85,129,0.05429,0.00241,22.53835,False
chat,8:zh math,10,100,139,0.0585,0.00301,19.42841,False
chat,8:zh math,10,173,28,0.01178,0.00113,10.43636,False
chat,8:zh math,10,193,26,0.01094,0.00038,29.07273,False
chat,8:zh math,10,216,36,0.01515,0.00248,6.09917,False
chat,8:zh math,10,227,50,0.02104,0.00203,10.35354,False
chat,8:zh math,10,266,209,0.08796,0.01859,4.73077,False
chat,8:zh math,10,295,134,0.0564,0.01061,5.31335,False
chat,8:zh math,10,302,206,0.0867,0.00166,52.35124,False
chat,8:zh math,10,310,26,0.01094,0.00015,72.68182,False
chat,8:zh math,10,344,45,0.01894,0.00241,7.86222,False
chat,8:zh math,10,374,22,0.00926,0.00196,4.73077,False
chat,8:zh math,10,377,26,0.01094,0.00203,5.38384,False
chat,8:zh math,11,10,274,0.11532,0.0012,95.74432,False
chat,8:zh math,11,87,24,0.0101,0.00151,6.70909,False
chat,8:zh math,11,90,26,0.01094,0.00294,3.72727,False
chat,8:zh math,11,119,164,0.06902,0.00241,28.65341,False
chat,8:zh math,11,127,253,0.10648,0.00128,83.20588,False
chat,8:zh math,11,129,26,0.01094,0.00053,20.76623,False
chat,8:zh math,11,142,34,0.01431,0.00188,7.60364,False
chat,8:zh math,11,144,20,0.00842,0.00083,10.16529,False
chat,8:zh math,11,161,91,0.0383,0.00083,46.25207,False
chat,8:zh math,11,162,27,0.01136,0.00196,5.80594,False
chat,8:zh math,11,230,31,0.01305,0.00105,12.37987,False
chat,8:zh math,11,235,80,0.03367,0.00136,24.84848,False
chat,8:zh math,11,265,187,0.0787,0.00263,29.87143,False
chat,8:zh math,11,273,69,0.02904,0.00263,11.02208,False
chat,8:zh math,11,288,29,0.01221,0.00083,14.73967,False
chat,8:zh math,11,289,25,0.01052,0.0,139.77273,True
chat,8:zh math,11,327,114,0.04798,0.00354,13.56093,False
chat,8:zh math,11,359,47,0.01978,0.00045,43.79545,False
chat,8:zh math,11,377,23,0.00968,0.00301,3.21477,False
chat,8:zh math,12,10,174,0.07323,0.00068,108.09091,False
chat,8:zh math,12,35,65,0.02736,0.0012,22.71307,False
chat,8:zh math,12,66,38,0.01599,0.00166,9.65702,False
chat,8:zh math,12,134,23,0.00968,0.00218,4.43417,False
chat,8:zh math,12,146,42,0.01768,0.00414,4.26942,False
chat,8:zh math,12,158,23,0.00968,0.00158,6.12338,False
chat,8:zh math,12,167,26,0.01094,0.00098,11.18182,False
chat,8:zh math,12,183,45,0.01894,0.00105,17.97078,False
chat,8:zh math,12,229,105,0.04419,0.00602,7.33807,False
chat,8:zh math,12,238,57,0.02399,0.00218,10.98903,False
chat,8:zh math,12,263,113,0.04756,0.00045,105.29545,False
chat,8:zh math,12,331,24,0.0101,0.00316,3.19481,False
chat,8:zh math,12,332,113,0.04756,0.00226,21.05909,False
chat,8:zh math,12,337,80,0.03367,0.00196,17.2028,False
chat,8:zh math,12,346,21,0.00884,0.0003,29.35227,False
chat,8:zh math,12,359,142,0.05976,0.00474,12.60173,False
chat,8:zh math,13,3,298,0.12542,0.00399,31.43568,False
chat,8:zh math,13,21,27,0.01136,0.00143,7.94498,False
chat,8:zh math,13,30,20,0.00842,0.00241,3.49432,False
chat,8:zh math,13,31,29,0.01221,0.00218,5.59091,False
chat,8:zh math,13,36,49,0.02062,0.00098,21.07343,False
chat,8:zh math,13,142,36,0.01515,0.00158,9.58442,False
chat,8:zh math,13,171,35,0.01473,0.00075,19.56818,False
chat,8:zh math,13,175,36,0.01515,0.00407,3.72727,False
chat,8:zh math,13,208,30,0.01263,0.00256,4.93316,False
chat,8:zh math,13,215,48,0.0202,0.00166,12.19835,False
chat,8:zh math,13,297,21,0.00884,0.00248,3.55785,False
chat,8:zh math,13,307,160,0.06734,0.00542,12.42424,False
chat,8:zh math,13,317,158,0.0665,0.0006,110.42045,False
chat,8:zh math,13,333,25,0.01052,0.0,139.77273,True
chat,8:zh math,13,334,39,0.01641,0.00166,9.91116,False
chat,8:zh math,13,352,46,0.01936,0.00075,25.71818,False
chat,8:zh math,13,355,37,0.01557,0.00301,5.17159,False
chat,8:zh math,13,381,23,0.00968,0.00128,7.56417,False
chat,8:zh math,14,24,28,0.01178,0.00023,52.18182,False
chat,8:zh math,14,28,55,0.02315,0.00271,8.54167,False
chat,8:zh math,14,40,86,0.0362,0.00391,9.2465,False
chat,8:zh math,14,55,121,0.05093,0.00512,9.94853,False
chat,8:zh math,14,92,71,0.02988,0.0003,99.23864,False
chat,8:zh math,14,124,258,0.10859,0.00241,45.0767,False
chat,8:zh math,14,162,112,0.04714,0.00851,5.54143,False
chat,8:zh math,14,203,22,0.00926,0.00015,61.5,False
chat,8:zh math,14,227,68,0.02862,0.00053,54.31169,False
chat,8:zh math,14,278,390,0.16414,0.00136,121.13636,False
chat,8:zh math,14,329,37,0.01557,0.0,206.86364,True
chat,8:zh math,14,330,62,0.02609,0.00023,115.54545,False
chat,8:zh math,15,0,40,0.01684,0.00218,7.7116,False
chat,8:zh math,15,6,22,0.00926,0.00226,4.1,False
chat,8:zh math,15,24,38,0.01599,0.00271,5.90152,False
chat,8:zh math,15,25,32,0.01347,0.00444,3.03236,False
chat,8:zh math,15,30,33,0.01389,0.00113,12.3,False
chat,8:zh math,15,51,37,0.01557,0.00309,5.04545,False
chat,8:zh math,15,97,80,0.03367,0.00105,31.94805,False
chat,8:zh math,15,98,42,0.01768,0.00376,4.69636,False
chat,8:zh math,15,101,27,0.01136,0.00166,6.86157,False
chat,8:zh math,15,114,27,0.01136,0.00015,75.47727,False
chat,8:zh math,15,142,23,0.00968,0.00151,6.42955,False
chat,8:zh math,15,144,26,0.01094,0.00256,4.2754,False
chat,8:zh math,15,156,21,0.00884,0.00233,3.78739,False
chat,8:zh math,15,159,46,0.01936,0.00038,51.43636,False
chat,8:zh math,15,166,66,0.02778,0.00203,13.66667,False
chat,8:zh math,15,223,26,0.01094,0.00136,8.07576,False
chat,8:zh math,15,249,29,0.01221,0.00053,23.16234,False
chat,8:zh math,15,253,63,0.02652,0.00023,117.40909,False
chat,8:zh math,15,260,70,0.02946,0.00376,7.82727,False
chat,8:zh math,15,367,155,0.06524,0.0198,3.29502,False
chat,8:zh math,16,78,70,0.02946,0.00798,3.69211,False
chat,8:zh math,16,116,25,0.01052,0.00248,4.23554,False
chat,8:zh math,16,129,40,0.01684,0.00361,4.65909,False
chat,8:zh math,16,157,29,0.01221,0.00361,3.37784,False
chat,8:zh math,16,167,47,0.01978,0.00166,11.94421,False
chat,8:zh math,16,190,133,0.05598,0.00038,148.71818,False
chat,8:zh math,16,208,258,0.10859,0.00105,103.03247,False
chat,8:zh math,16,232,172,0.07239,0.00241,30.05114,False
chat,8:zh math,16,256,236,0.09933,0.00196,50.74825,False
chat,8:zh math,16,269,81,0.03409,0.00316,10.78247,False
chat,8:zh math,16,302,74,0.03114,0.00128,24.3369,False
chat,8:zh math,16,340,195,0.08207,0.00233,35.16862,False
chat,8:zh math,16,359,43,0.0181,0.00196,9.2465,False
chat,8:zh math,17,9,26,0.01094,0.00015,72.68182,False
chat,8:zh math,17,94,45,0.01894,0.00136,13.97727,False
chat,8:zh math,17,128,180,0.07576,0.00196,38.70629,False
chat,8:zh math,17,130,29,0.01221,0.00211,5.79058,False
chat,8:zh math,17,148,22,0.00926,0.00053,17.57143,False
chat,8:zh math,17,189,20,0.00842,0.00136,6.21212,False
chat,8:zh math,17,221,38,0.01599,0.0012,13.27841,False
chat,8:zh math,17,245,35,0.01473,0.00113,13.04545,False
chat,8:zh math,17,246,48,0.0202,0.0058,3.48524,False
chat,8:zh math,17,265,39,0.01641,0.00181,9.08523,False
chat,8:zh math,17,273,74,0.03114,0.00241,12.92898,False
chat,8:zh math,17,312,209,0.08796,0.00542,16.22917,False
chat,8:zh math,17,319,26,0.01094,0.00211,5.19156,False
chat,8:zh math,17,332,56,0.02357,0.00083,28.46281,False
chat,8:zh math,17,334,102,0.04293,0.00738,5.81911,False
chat,8:zh math,17,337,121,0.05093,0.0055,9.26712,False
chat,8:zh math,17,363,84,0.03535,0.00075,46.96364,False
chat,8:zh math,18,18,24,0.0101,0.00218,4.62696,False
chat,8:zh math,18,37,43,0.0181,0.00519,3.48419,False
chat,8:zh math,18,45,55,0.02315,0.00098,23.65385,False
chat,8:zh math,18,91,35,0.01473,0.00324,4.55074,False
chat,8:zh math,18,100,238,0.10017,0.00188,53.22545,False
chat,8:zh math,18,106,300,0.12626,0.00738,17.11503,False
chat,8:zh math,18,140,147,0.06187,8e-05,821.86364,False
chat,8:zh math,18,152,25,0.01052,0.00173,6.07708,False
chat,8:zh math,18,177,158,0.0665,0.00075,88.33636,False
chat,8:zh math,18,187,84,0.03535,0.0,469.63636,True
chat,8:zh math,18,251,57,0.02399,0.00715,3.35455,False
chat,8:zh math,18,256,26,0.01094,0.00075,14.53636,False
chat,8:zh math,18,267,67,0.0282,0.00851,3.31496,False
chat,8:zh math,18,274,47,0.01978,8e-05,262.77273,False
chat,8:zh math,18,300,56,0.02357,0.0012,19.56818,False
chat,8:zh math,18,375,169,0.07113,0.01513,4.70081,False
chat,8:zh math,19,36,87,0.03662,0.00098,37.41608,False
chat,8:zh math,19,61,31,0.01305,0.00173,7.53557,False
chat,8:zh math,19,73,32,0.01347,0.00286,4.70813,False
chat,8:zh math,19,83,23,0.00968,0.00309,3.13636,False
chat,8:zh math,19,127,28,0.01178,0.00354,3.33075,False
chat,8:zh math,19,136,24,0.0101,0.0006,16.77273,False
chat,8:zh math,19,140,20,0.00842,0.00226,3.72727,False
chat,8:zh math,19,151,33,0.01389,0.00075,18.45,False
chat,8:zh math,19,153,32,0.01347,0.0,178.90909,True
chat,8:zh math,19,156,22,0.00926,0.00098,9.46154,False
chat,8:zh math,19,209,39,0.01641,0.00354,4.63926,False
chat,8:zh math,19,222,39,0.01641,0.0,218.04545,True
chat,8:zh math,19,229,28,0.01178,0.0009,13.04545,False
chat,8:zh math,19,237,47,0.01978,0.00143,13.83014,False
chat,8:zh math,19,243,41,0.01726,0.00136,12.73485,False
chat,8:zh math,19,246,108,0.04545,0.00143,31.7799,False
chat,8:zh math,19,301,25,0.01052,0.00346,3.03854,False
chat,8:zh math,19,312,25,0.01052,0.00113,9.31818,False
chat,8:zh math,19,316,49,0.02062,0.00136,15.2197,False
chat,8:zh math,19,325,29,0.01221,0.00083,14.73967,False
chat,8:zh math,19,327,29,0.01221,0.00286,4.26675,False
chat,8:zh math,19,331,22,0.00926,0.00068,13.66667,False
chat,8:zh math,19,344,20,0.00842,0.00083,10.16529,False
chat,8:zh math,19,362,28,0.01178,0.00068,17.39394,False
chat,8:zh math,19,371,90,0.03788,0.00173,21.87747,False
chat,8:zh math,20,38,29,0.01221,0.00105,11.58117,False
chat,8:zh math,20,52,64,0.02694,0.00038,71.56364,False
chat,8:zh math,20,57,20,0.00842,0.00181,4.65909,False
chat,8:zh math,20,63,43,0.0181,0.0,240.40909,True
chat,8:zh math,20,103,202,0.08502,0.00188,45.17455,False
chat,8:zh math,20,122,23,0.00968,0.0,128.59091,True
chat,8:zh math,20,129,75,0.03157,0.00196,16.12762,False
chat,8:zh math,20,133,72,0.0303,0.00113,26.83636,False
chat,8:zh math,20,138,37,0.01557,0.00173,8.99407,False
chat,8:zh math,20,141,31,0.01305,0.00422,3.09497,False
chat,8:zh math,20,181,45,0.01894,0.0006,31.44886,False
chat,8:zh math,20,191,35,0.01473,0.00015,97.84091,False
chat,8:zh math,20,219,337,0.14184,0.00053,269.16234,False
chat,8:zh math,20,264,23,0.00968,0.0,128.59091,True
chat,8:zh math,20,270,33,0.01389,0.00256,5.42647,False
chat,8:zh math,20,330,35,0.01473,0.00015,97.84091,False
chat,8:zh math,20,354,207,0.08712,0.00181,48.22159,False
chat,8:zh math,20,378,35,0.01473,0.00136,10.87121,False
chat,8:zh math,21,21,20,0.00842,0.00173,4.86166,False
chat,8:zh math,21,37,37,0.01557,0.00467,3.33651,False
chat,8:zh math,21,46,38,0.01599,0.0006,26.55682,False
chat,8:zh math,21,51,28,0.01178,0.00083,14.2314,False
chat,8:zh math,21,61,163,0.0686,0.0213,3.22021,False
chat,8:zh math,21,77,63,0.02652,0.00038,70.44545,False
chat,8:zh math,21,93,24,0.0101,0.00233,4.32845,False
chat,8:zh math,21,136,182,0.0766,0.01596,4.79974,False
chat,8:zh math,21,156,50,0.02104,0.00015,139.77273,False
chat,8:zh math,21,194,61,0.02567,0.00015,170.52273,False
chat,8:zh math,21,198,44,0.01852,0.00038,49.2,False
chat,8:zh math,21,204,120,0.05051,0.00196,25.8042,False
chat,8:zh math,21,206,21,0.00884,0.00233,3.78739,False
chat,8:zh math,21,212,22,0.00926,0.00286,3.23684,False
chat,8:zh math,21,231,49,0.02062,0.0006,34.24432,False
chat,8:zh math,21,233,82,0.03451,0.00083,41.67769,False
chat,8:zh math,21,308,136,0.05724,0.00023,253.45455,False
chat,8:zh math,21,374,178,0.07492,8e-05,995.18182,False
chat,8:zh math,22,54,22,0.00926,0.00045,20.5,False
chat,8:zh math,22,68,29,0.01221,0.0003,40.53409,False
chat,8:zh math,22,101,30,0.01263,0.00391,3.22552,False
chat,8:zh math,22,106,80,0.03367,0.00015,223.63636,False
chat,8:zh math,22,153,35,0.01473,0.00053,27.95455,False
chat,8:zh math,22,177,32,0.01347,0.0,178.90909,True
chat,8:zh math,22,179,37,0.01557,0.0006,25.85795,False
chat,8:zh math,22,185,103,0.04335,0.00098,44.2972,False
chat,8:zh math,22,188,259,0.10901,0.00075,144.80455,False
chat,8:zh math,22,224,81,0.03409,0.00075,45.28636,False
chat,8:zh math,22,228,32,0.01347,0.00045,29.81818,False
chat,8:zh math,22,264,20,0.00842,0.00023,37.27273,False
chat,8:zh math,22,274,53,0.02231,0.00038,59.26364,False
chat,8:zh math,22,275,20,0.00842,0.0,111.81818,True
chat,8:zh math,22,291,25,0.01052,0.00339,3.10606,False
chat,8:zh math,22,299,22,0.00926,0.00143,6.47368,False
chat,8:zh math,22,303,124,0.05219,0.00015,346.63636,False
chat,8:zh math,22,322,281,0.11827,0.03184,3.71406,False
chat,8:zh math,22,326,41,0.01726,0.00279,6.19533,False
chat,8:zh math,22,383,32,0.01347,0.00166,8.13223,False
chat,8:zh math,23,21,40,0.01684,0.00128,13.15508,False
chat,8:zh math,23,74,23,0.00968,0.00158,6.12338,False
chat,8:zh math,23,86,24,0.0101,0.00143,7.0622,False
chat,8:zh math,23,97,22,0.00926,0.00098,9.46154,False
chat,8:zh math,23,100,43,0.0181,0.00143,12.65311,False
chat,8:zh math,23,112,41,0.01726,0.00218,7.90439,False
chat,8:zh math,23,132,21,0.00884,0.00211,4.19318,False
chat,8:zh math,23,134,21,0.00884,0.00203,4.34848,False
chat,8:zh math,23,150,20,0.00842,0.00173,4.86166,False
chat,8:zh math,23,186,26,0.01094,0.00053,20.76623,False
chat,8:zh math,23,196,34,0.01431,0.00316,4.52597,False
chat,8:zh math,23,214,58,0.02441,0.00083,29.47934,False
chat,8:zh math,23,232,22,0.00926,0.0003,30.75,False
chat,8:zh math,23,240,71,0.02988,0.00572,5.22309,False
chat,8:zh math,23,246,28,0.01178,0.00136,8.69697,False
chat,8:zh math,23,257,186,0.07828,0.00369,21.22263,False
chat,8:zh math,23,303,42,0.01768,0.00181,9.78409,False
chat,8:zh math,23,308,65,0.02736,0.00015,181.70455,False
chat,8:zh math,23,326,83,0.03493,0.00015,232.02273,False
chat,8:zh math,23,346,47,0.01978,0.00068,29.19697,False
chat,8:zh math,24,9,24,0.0101,0.00083,12.19835,False
chat,8:zh math,24,27,148,0.06229,0.00098,63.65035,False
chat,8:zh math,24,42,271,0.11406,0.00015,757.56818,False
chat,8:zh math,24,68,28,0.01178,8e-05,156.54545,False
chat,8:zh math,24,146,82,0.03451,0.00151,22.92273,False
chat,8:zh math,24,150,78,0.03283,0.00053,62.2987,False
chat,8:zh math,24,159,131,0.05513,0.0009,61.03409,False
chat,8:zh math,24,175,20,0.00842,0.00015,55.90909,False
chat,8:zh math,24,191,32,0.01347,0.0012,11.18182,False
chat,8:zh math,24,195,24,0.0101,0.00263,3.83377,False
chat,8:zh math,24,207,33,0.01389,0.00414,3.35455,False
chat,8:zh math,24,211,59,0.02483,0.00098,25.37413,False
chat,8:zh math,24,213,24,0.0101,0.0012,8.38636,False
chat,8:zh math,24,229,28,0.01178,0.00128,9.20856,False
chat,8:zh math,24,287,28,0.01178,0.00068,17.39394,False
chat,8:zh math,24,302,43,0.0181,8e-05,240.40909,False
chat,8:zh math,24,307,24,0.0101,0.00113,8.94545,False
chat,8:zh math,24,313,50,0.02104,0.00098,21.5035,False
chat,8:zh math,24,316,38,0.01599,0.00309,5.18182,False
chat,8:zh math,24,317,22,0.00926,0.00038,24.6,False
chat,8:zh math,24,330,109,0.04588,0.0003,152.35227,False
chat,8:zh math,24,376,274,0.11532,0.00038,306.38182,False
chat,8:zh math,25,12,97,0.04082,0.0003,135.57955,False
chat,8:zh math,25,16,47,0.01978,0.00158,12.51299,False
chat,8:zh math,25,17,284,0.11953,0.00166,72.17355,False
chat,8:zh math,25,31,31,0.01305,0.00166,7.8781,False
chat,8:zh math,25,61,24,0.0101,0.00173,5.83399,False
chat,8:zh math,25,122,37,0.01557,0.00474,3.28355,False
chat,8:zh math,25,142,46,0.01936,0.00211,9.18506,False
chat,8:zh math,25,145,84,0.03535,0.00497,7.1157,False
chat,8:zh math,25,175,49,0.02062,0.00128,16.11497,False
chat,8:zh math,25,292,49,0.02062,0.00565,3.65273,False
chat,8:zh math,25,296,288,0.12121,0.00015,805.09091,False
chat,8:zh math,25,305,65,0.02736,0.00105,25.95779,False
chat,8:zh math,25,316,163,0.0686,0.00399,17.19468,False
chat,8:zh math,25,326,29,0.01221,0.00075,16.21364,False
chat,8:zh math,25,356,40,0.01684,0.00241,6.98864,False
chat,8:zh math,26,43,347,0.14604,0.00211,69.28734,False
chat,8:zh math,26,44,75,0.03157,0.00158,19.96753,False
chat,8:zh math,26,68,34,0.01431,0.00015,95.04545,False
chat,8:zh math,26,72,46,0.01936,0.00023,85.72727,False
chat,8:zh math,26,97,79,0.03325,0.00316,10.51623,False
chat,8:zh math,26,101,58,0.02441,0.00098,24.94406,False
chat,8:zh math,26,104,27,0.01136,0.00354,3.2118,False
chat,8:zh math,26,119,52,0.02189,8e-05,290.72727,False
chat,8:zh math,26,183,86,0.0362,0.00407,8.90404,False
chat,8:zh math,26,205,25,0.01052,0.0,139.77273,True
chat,8:zh math,26,240,61,0.02567,0.0006,42.63068,False
chat,8:zh math,26,241,23,0.00968,0.00105,9.18506,False
chat,8:zh math,26,242,65,0.02736,0.00181,15.14205,False
chat,8:zh math,26,251,47,0.01978,0.00113,17.51818,False
chat,8:zh math,26,260,255,0.10732,0.01491,7.20041,False
chat,8:zh math,26,335,80,0.03367,0.00128,26.31016,False
chat,8:zh math,26,381,22,0.00926,0.00015,61.5,False
chat,8:zh math,27,8,22,0.00926,0.00015,61.5,False
chat,8:zh math,27,36,23,0.00968,0.00023,42.86364,False
chat,8:zh math,27,44,58,0.02441,0.00263,9.26494,False
chat,8:zh math,27,49,35,0.01473,0.00256,5.75535,False
chat,8:zh math,27,64,25,0.01052,0.00316,3.32792,False
chat,8:zh math,27,91,30,0.01263,0.00203,6.21212,False
chat,8:zh math,27,95,81,0.03409,0.0012,28.30398,False
chat,8:zh math,27,113,27,0.01136,0.0009,12.57955,False
chat,8:zh math,27,119,44,0.01852,0.00226,8.2,False
chat,8:zh math,27,122,25,0.01052,0.00271,3.88258,False
chat,8:zh math,27,152,36,0.01515,0.00113,13.41818,False
chat,8:zh math,27,241,39,0.01641,0.00151,10.90227,False
chat,8:zh math,27,255,33,0.01389,0.00211,6.58929,False
chat,8:zh math,27,263,20,0.00842,0.00181,4.65909,False
chat,8:zh math,27,266,174,0.07323,0.00015,486.40909,False
chat,8:zh math,27,271,29,0.01221,0.0009,13.51136,False
chat,8:zh math,27,289,20,0.00842,0.00068,12.42424,False
chat,8:zh math,27,299,30,0.01263,0.00263,4.79221,False
chat,8:zh math,27,310,42,0.01768,0.0003,58.70455,False
chat,8:zh math,27,311,166,0.06987,0.00083,84.3719,False
chat,8:zh math,27,315,24,0.0101,0.00203,4.9697,False
chat,8:zh math,27,360,61,0.02567,0.00203,12.63131,False
chat,8:zh math,27,370,44,0.01852,8e-05,246.0,False
chat,8:zh math,28,2,33,0.01389,0.0,184.5,True
chat,8:zh math,28,42,29,0.01221,0.00068,18.01515,False
chat,8:zh math,28,94,82,0.03451,0.00203,16.9798,False
chat,8:zh math,28,108,25,0.01052,0.00233,4.5088,False
chat,8:zh math,28,109,26,0.01094,0.00203,5.38384,False
chat,8:zh math,28,120,29,0.01221,0.0006,20.26705,False
chat,8:zh math,28,134,63,0.02652,0.00038,70.44545,False
chat,8:zh math,28,152,113,0.04756,0.0,631.77273,True
chat,8:zh math,28,184,45,0.01894,0.0006,31.44886,False
chat,8:zh math,28,232,37,0.01557,0.00301,5.17159,False
chat,8:zh math,28,238,143,0.06019,0.00399,15.08491,False
chat,8:zh math,28,254,156,0.06566,0.00113,58.14545,False
chat,8:zh math,28,257,25,0.01052,0.00053,19.96753,False
chat,8:zh math,28,263,52,0.02189,0.00053,41.53247,False
chat,8:zh math,28,270,343,0.14436,0.00226,63.92273,False
chat,8:zh math,28,280,66,0.02778,8e-05,369.0,False
chat,8:zh math,28,293,117,0.04924,0.00068,72.68182,False
chat,8:zh math,28,294,53,0.02231,0.00203,10.97475,False
chat,8:zh math,28,295,59,0.02483,0.00045,54.97727,False
chat,8:zh math,28,310,20,0.00842,0.00075,11.18182,False
chat,8:zh math,28,326,137,0.05766,0.0,765.95455,True
chat,8:zh math,28,362,44,0.01852,0.00068,27.33333,False
chat,8:zh math,29,20,49,0.02062,0.00083,24.90496,False
chat,8:zh math,29,28,192,0.08081,0.00045,178.90909,False
chat,8:zh math,29,29,38,0.01599,0.00068,23.60606,False
chat,8:zh math,29,50,39,0.01641,0.00218,7.51881,False
chat,8:zh math,29,88,349,0.14689,0.00068,216.80303,False
chat,8:zh math,29,91,83,0.03493,0.00422,8.28653,False
chat,8:zh math,29,110,141,0.05934,0.0006,98.53977,False
chat,8:zh math,29,132,23,0.00968,0.0,128.59091,True
chat,8:zh math,29,138,78,0.03283,8e-05,436.09091,False
chat,8:zh math,29,152,40,0.01684,0.00188,8.94545,False
chat,8:zh math,29,189,51,0.02146,0.0009,23.76136,False
chat,8:zh math,29,221,53,0.02231,0.00203,10.97475,False
chat,8:zh math,29,222,26,0.01094,0.00015,72.68182,False
chat,8:zh math,29,293,71,0.02988,0.0006,49.61932,False
chat,8:zh math,29,356,26,0.01094,0.00038,29.07273,False
chat,8:zh math,29,373,235,0.09891,0.0012,82.11648,False
chat,8:zh math,29,379,38,0.01599,0.00414,3.86281,False
chat,8:zh math,30,11,20,0.00842,0.00113,7.45455,False
chat,8:zh math,30,35,80,0.03367,0.00038,89.45455,False
chat,8:zh math,30,37,157,0.06608,0.00384,17.21123,False
chat,8:zh math,30,46,208,0.08754,0.00015,581.45455,False
chat,8:zh math,30,52,201,0.0846,0.0,1123.77273,True
chat,8:zh math,30,55,49,0.02062,0.00279,7.40418,False
chat,8:zh math,30,68,40,0.01684,0.00166,10.16529,False
chat,8:zh math,30,138,86,0.0362,0.00173,20.90514,False
chat,8:zh math,30,178,67,0.0282,0.00452,6.24318,False
chat,8:zh math,30,192,43,0.0181,0.00203,8.90404,False
chat,8:zh math,30,196,136,0.05724,0.00489,11.6979,False
chat,8:zh math,30,198,79,0.03325,0.007,4.74927,False
chat,8:zh math,30,202,42,0.01768,0.00075,23.48182,False
chat,8:zh math,30,210,22,0.00926,0.00068,13.66667,False
chat,8:zh math,30,244,55,0.02315,0.00113,20.5,False
chat,8:zh math,30,276,32,0.01347,0.00075,17.89091,False
chat,8:zh math,30,280,30,0.01263,0.00075,16.77273,False
chat,8:zh math,30,294,31,0.01305,0.00173,7.53557,False
chat,8:zh math,30,297,40,0.01684,0.0009,18.63636,False
chat,8:zh math,30,302,27,0.01136,0.00083,13.72314,False
chat,8:zh math,30,313,41,0.01726,0.00241,7.16335,False
chat,8:zh math,30,353,22,0.00926,0.00301,3.075,False
chat,8:zh math,30,356,34,0.01431,8e-05,190.09091,False
chat,8:zh math,31,6,20,0.00842,0.00196,4.3007,False
chat,8:zh math,31,8,107,0.04503,0.00098,46.01748,False
chat,8:zh math,31,13,258,0.10859,0.00354,30.69052,False
chat,8:zh math,31,17,55,0.02315,0.0006,38.4375,False
chat,8:zh math,31,34,46,0.01936,0.0,257.18182,True
chat,8:zh math,31,59,23,0.00968,0.00038,25.71818,False
chat,8:zh math,31,67,20,0.00842,0.00045,18.63636,False
chat,8:zh math,31,78,30,0.01263,0.0,167.72727,True
chat,8:zh math,31,100,84,0.03535,0.00136,26.09091,False
chat,8:zh math,31,127,23,0.00968,0.00143,6.76794,False
chat,8:zh math,31,162,94,0.03956,0.00949,4.171,False
chat,8:zh math,31,173,44,0.01852,0.00263,7.02857,False
chat,8:zh math,31,189,31,0.01305,0.00075,17.33182,False
chat,8:zh math,31,204,23,0.00968,0.00083,11.69008,False
chat,8:zh math,31,222,34,0.01431,0.00045,31.68182,False
chat,8:zh math,31,241,20,0.00842,0.0,111.81818,True
chat,8:zh math,31,307,115,0.0484,0.00053,91.85065,False
chat,8:zh math,31,315,24,0.0101,0.00083,12.19835,False
chat,8:zh math,31,333,196,0.08249,0.00203,40.58586,False
chat,8:zh math,31,375,39,0.01641,0.00226,7.26818,False
chat,8:zh math,32,5,28,0.01178,0.00136,8.69697,False
chat,8:zh math,32,11,23,0.00968,0.00188,5.14364,False
chat,8:zh math,32,16,147,0.06187,0.01054,5.87045,False
chat,8:zh math,32,28,53,0.02231,0.00015,148.15909,False
chat,8:zh math,32,61,59,0.02483,0.00068,36.65152,False
chat,8:zh math,32,85,69,0.02904,0.00143,20.30383,False
chat,8:zh math,32,169,56,0.02357,0.0006,39.13636,False
chat,8:zh math,32,194,330,0.13889,0.00053,263.57143,False
chat,8:zh math,32,203,46,0.01936,0.00068,28.57576,False
chat,8:zh math,32,209,53,0.02231,0.0006,37.03977,False
chat,8:zh math,32,222,28,0.01178,0.00015,78.27273,False
chat,8:zh math,32,227,85,0.03577,0.0,475.22727,True
chat,8:zh math,32,250,112,0.04714,0.00143,32.95694,False
chat,8:zh math,32,287,45,0.01894,0.00083,22.8719,False
chat,8:zh math,32,310,123,0.05177,0.00173,29.89921,False
chat,8:zh math,32,316,111,0.04672,8e-05,620.59091,False
chat,8:zh math,32,317,149,0.06271,0.0,833.04545,True
chat,8:zh math,32,351,26,0.01094,0.00211,5.19156,False
chat,8:zh math,32,371,75,0.03157,0.00821,3.84696,False
chat,8:zh math,33,0,90,0.03788,0.00158,23.96104,False
chat,8:zh math,33,67,60,0.02525,0.00482,5.24148,False
chat,8:zh math,33,75,76,0.03199,0.00294,10.8951,False
chat,8:zh math,33,85,49,0.02062,0.00181,11.41477,False
chat,8:zh math,33,118,26,0.01094,0.00151,7.26818,False
chat,8:zh math,33,138,26,0.01094,0.00354,3.09284,False
chat,8:zh math,33,211,42,0.01768,0.00015,117.40909,False
chat,8:zh math,33,225,87,0.03662,0.00324,11.31184,False
chat,8:zh math,33,265,29,0.01221,0.00023,54.04545,False
chat,8:zh math,33,282,32,0.01347,0.00211,6.38961,False
chat,8:zh math,33,285,49,0.02062,8e-05,273.95455,False
chat,8:zh math,33,297,21,0.00884,0.00196,4.51573,False
chat,8:zh math,33,298,93,0.03914,0.00384,10.19519,False
chat,8:zh math,33,328,23,0.00968,0.00083,11.69008,False
chat,8:zh math,33,375,144,0.06061,0.00429,14.1244,False
chat,8:zh math,33,376,346,0.14562,0.00113,128.96364,False
chat,8:zh math,33,382,166,0.06987,0.0,928.09091,True
chat,8:zh math,34,2,71,0.02988,0.00256,11.67513,False
chat,8:zh math,34,3,20,0.00842,8e-05,111.81818,False
chat,8:zh math,34,25,46,0.01936,0.00023,85.72727,False
chat,8:zh math,34,30,240,0.10101,0.0,1341.81818,True
chat,8:zh math,34,40,20,0.00842,0.00083,10.16529,False
chat,8:zh math,34,87,64,0.02694,0.00655,4.11285,False
chat,8:zh math,34,98,61,0.02567,0.00248,10.33471,False
chat,8:zh math,34,99,86,0.0362,0.0,480.81818,True
chat,8:zh math,34,107,33,0.01389,0.00437,3.18103,False
chat,8:zh math,34,118,154,0.06481,0.00196,33.11538,False
chat,8:zh math,34,151,23,0.00968,0.00203,4.76263,False
chat,8:zh math,34,175,79,0.03325,0.00083,40.15289,False
chat,8:zh math,34,195,44,0.01852,0.0003,61.5,False
chat,8:zh math,34,209,42,0.01768,0.00384,4.60428,False
chat,8:zh math,34,212,22,0.00926,0.00045,20.5,False
chat,8:zh math,34,225,51,0.02146,0.00346,6.19862,False
chat,8:zh math,34,263,200,0.08418,0.00226,37.27273,False
chat,8:zh math,34,311,22,0.00926,0.00083,11.18182,False
chat,8:zh math,34,315,101,0.04251,0.0003,141.17045,False
chat,8:zh math,34,325,50,0.02104,0.00557,3.77764,False
chat,8:zh math,34,337,20,0.00842,0.00136,6.21212,False
chat,8:zh math,34,371,24,0.0101,0.00211,4.79221,False
chat,8:zh math,35,11,26,0.01094,0.00294,3.72727,False
chat,8:zh math,35,15,47,0.01978,0.00151,13.13864,False
chat,8:zh math,35,49,34,0.01431,0.00271,5.2803,False
chat,8:zh math,35,71,31,0.01305,0.00045,28.88636,False
chat,8:zh math,35,90,118,0.04966,0.00053,94.24675,False
chat,8:zh math,35,91,28,0.01178,0.00166,7.1157,False
chat,8:zh math,35,99,43,0.0181,0.00188,9.61636,False
chat,8:zh math,35,135,41,0.01726,0.00173,9.9664,False
chat,8:zh math,35,176,43,0.0181,0.00128,14.14171,False
chat,8:zh math,35,197,49,0.02062,0.00023,91.31818,False
chat,8:zh math,35,202,211,0.0888,0.00143,62.08852,False
chat,8:zh math,35,210,24,0.0101,0.00181,5.59091,False
chat,8:zh math,35,214,72,0.0303,8e-05,402.54545,False
chat,8:zh math,35,220,129,0.05429,0.00105,51.51623,False
chat,8:zh math,35,222,146,0.06145,0.0,816.27273,True
chat,8:zh math,35,230,67,0.0282,0.00813,3.46843,False
chat,8:zh math,35,305,37,0.01557,0.00346,4.49704,False
chat,8:zh math,35,327,20,0.00842,0.0003,27.95455,False
chat,8:zh math,35,346,22,0.00926,0.00113,8.2,False
chat,8:zh math,35,357,38,0.01599,0.00015,106.22727,False
chat,8:zh math,35,364,48,0.0202,0.00083,24.39669,False
chat,8:zh math,36,25,34,0.01431,0.00294,4.87413,False
chat,8:zh math,36,44,22,0.00926,0.0003,30.75,False
chat,8:zh math,36,48,32,0.01347,0.00339,3.97576,False
chat,8:zh math,36,67,40,0.01684,0.00241,6.98864,False
chat,8:zh math,36,110,28,0.01178,0.0012,9.78409,False
chat,8:zh math,36,132,43,0.0181,0.00602,3.00511,False
chat,8:zh math,36,147,96,0.0404,0.00023,178.90909,False
chat,8:zh math,36,161,21,0.00884,0.0003,29.35227,False
chat,8:zh math,36,171,24,0.0101,0.00301,3.35455,False
chat,8:zh math,36,197,44,0.01852,0.00497,3.72727,False
chat,8:zh math,36,198,326,0.13721,0.0,1822.63636,True
chat,8:zh math,36,206,162,0.06818,0.00361,18.86932,False
chat,8:zh math,36,235,123,0.05177,0.0079,6.54935,False
chat,8:zh math,36,320,48,0.0202,0.00233,8.65689,False
chat,8:zh math,36,331,170,0.07155,0.00369,19.39703,False
chat,8:zh math,36,359,57,0.02399,0.00519,4.61858,False
chat,8:zh math,37,22,23,0.00968,0.00136,7.14394,False
chat,8:zh math,37,154,136,0.05724,0.00128,44.72727,False
chat,8:zh math,37,164,105,0.04419,0.00693,6.38093,False
chat,8:zh math,37,170,20,0.00842,0.00151,5.59091,False
chat,8:zh math,37,197,46,0.01936,0.0,257.18182,True
chat,8:zh math,37,202,28,0.01178,0.00015,78.27273,False
chat,8:zh math,37,235,81,0.03409,0.00211,16.1737,False
chat,8:zh math,37,264,25,0.01052,0.00279,3.77764,False
chat,8:zh math,37,267,69,0.02904,0.00015,192.88636,False
chat,8:zh math,37,277,22,0.00926,0.00248,3.72727,False
chat,8:zh math,37,284,45,0.01894,0.00068,27.95455,False
chat,8:zh math,37,285,20,0.00842,0.00181,4.65909,False
chat,8:zh math,37,289,23,0.00968,0.00173,5.59091,False
chat,8:zh math,37,329,35,0.01473,0.00407,3.62374,False
chat,8:zh math,37,353,31,0.01305,0.00233,5.59091,False
chat,8:zh math,37,363,105,0.04419,0.0009,48.92045,False
chat,8:zh math,37,379,303,0.12753,0.0,1694.04545,True
chat,8:zh math,37,380,79,0.03325,0.00851,3.90869,False
chat,8:zh math,38,30,28,0.01178,0.00136,8.69697,False
chat,8:zh math,38,32,113,0.04756,0.00715,6.65024,False
chat,8:zh math,38,81,229,0.09638,0.00233,41.30059,False
chat,8:zh math,38,109,29,0.01221,0.0006,20.26705,False
chat,8:zh math,38,114,27,0.01136,0.00218,5.20533,False
chat,8:zh math,38,129,24,0.0101,0.0,134.18182,True
chat,8:zh math,38,159,24,0.0101,0.00301,3.35455,False
chat,8:zh math,38,161,37,0.01557,0.00173,8.99407,False
chat,8:zh math,38,180,99,0.04167,0.01189,3.50316,False
chat,8:zh math,38,182,218,0.09175,0.0055,16.69614,False
chat,8:zh math,38,218,113,0.04756,0.00211,22.56331,False
chat,8:zh math,38,264,21,0.00884,0.00158,5.59091,False
chat,8:zh math,38,291,38,0.01599,0.00354,4.52031,False
chat,8:zh math,38,304,96,0.0404,0.00339,11.92727,False
chat,8:zh math,38,305,65,0.02736,0.00188,14.53636,False
chat,8:zh math,38,331,32,0.01347,0.00151,8.94545,False
chat,8:zh math,38,339,45,0.01894,0.00015,125.79545,False
chat,8:zh math,38,359,24,0.0101,0.00309,3.27273,False
chat,8:zh math,38,367,146,0.06145,0.00045,136.04545,False
chat,8:zh math,38,381,36,0.01515,0.00166,9.14876,False
chat,8:zh math,39,27,57,0.02399,0.00346,6.92787,False
chat,8:zh math,39,57,94,0.03956,0.00053,75.07792,False
chat,8:zh math,39,62,54,0.02273,0.00075,30.19091,False
chat,8:zh math,39,78,66,0.02778,0.0003,92.25,False
chat,8:zh math,39,82,33,0.01389,0.00098,14.19231,False
chat,8:zh math,39,86,84,0.03535,0.00286,12.35885,False
chat,8:zh math,39,87,25,0.01052,0.00218,4.81975,False
chat,8:zh math,39,111,87,0.03662,0.00467,7.84531,False
chat,8:zh math,39,137,67,0.0282,0.00038,74.91818,False
chat,8:zh math,39,190,20,0.00842,0.00233,3.60704,False
chat,8:zh math,39,243,36,0.01515,0.00158,9.58442,False
chat,8:zh math,39,267,127,0.05345,0.00136,39.44697,False
chat,8:zh math,39,300,21,0.00884,0.00218,4.04859,False
chat,8:zh math,39,307,35,0.01473,0.00369,3.99351,False
chat,8:zh math,39,325,152,0.06397,0.00068,94.42424,False
chat,8:zh math,39,339,20,0.00842,0.00113,7.45455,False
chat,8:zh math,39,366,27,0.01136,0.00233,4.8695,False
chat,8:zh math,39,383,33,0.01389,0.00038,36.9,False
