source,a,b,layer,jaccard80,weighted_overlap,cosine,jsd
trace,code,en,0,0.49091,0.63578,0.61869,0.15789
trace,code,en,1,0.50244,0.62187,0.65587,0.16584
trace,code,en,2,0.38372,0.52766,0.43524,0.26169
trace,code,en,3,0.32886,0.48362,0.37854,0.31441
trace,code,en,4,0.38857,0.57448,0.54515,0.21542
trace,code,en,5,0.31818,0.50874,0.43169,0.28852
trace,code,en,6,0.33594,0.46174,0.35961,0.31881
trace,code,en,7,0.30233,0.43868,0.27437,0.35967
trace,code,en,8,0.25175,0.40992,0.28981,0.3836
trace,code,en,9,0.31579,0.4294,0.34234,0.34605
trace,code,en,10,0.30247,0.43659,0.33544,0.35182
trace,code,en,11,0.32075,0.44293,0.30975,0.35088
trace,code,en,12,0.27717,0.47921,0.47462,0.3165
trace,code,en,13,0.3202,0.52542,0.42308,0.26843
trace,code,en,14,0.27673,0.4174,0.21795,0.38523
trace,code,en,15,0.3743,0.49075,0.24712,0.3083
trace,code,en,16,0.24138,0.38927,0.23615,0.40193
trace,code,en,17,0.36196,0.48216,0.41203,0.31066
trace,code,en,18,0.24324,0.42071,0.35317,0.3697
trace,code,en,19,0.43069,0.55805,0.36161,0.2348
trace,code,en,20,0.21333,0.38948,0.29204,0.42233
trace,code,en,21,0.24699,0.4128,0.21657,0.40865
trace,code,en,22,0.26761,0.41022,0.34252,0.36838
trace,code,en,23,0.32768,0.48613,0.29064,0.32166
trace,code,en,24,0.27344,0.40221,0.238,0.39772
trace,code,en,25,0.16964,0.39039,0.30471,0.41808
trace,code,en,26,0.25781,0.45129,0.47799,0.35029
trace,code,en,27,0.22293,0.41706,0.25292,0.38763
trace,code,en,28,0.23894,0.3908,0.32128,0.40936
trace,code,en,29,0.31343,0.44052,0.43628,0.35196
trace,code,en,30,0.25974,0.42488,0.40493,0.35873
trace,code,en,31,0.3268,0.49105,0.50538,0.29643
trace,code,en,32,0.33766,0.50615,0.51293,0.27636
trace,code,en,33,0.33735,0.47348,0.30618,0.31355
trace,code,en,34,0.29936,0.45109,0.26279,0.34087
trace,code,en,35,0.3642,0.49251,0.33546,0.29569
trace,code,en,36,0.37654,0.53768,0.50575,0.2643
trace,code,en,37,0.41765,0.53527,0.38345,0.25202
trace,code,en,38,0.42857,0.53103,0.38191,0.25186
trace,code,en,39,0.39645,0.55782,0.52359,0.23156
trace,code,zh,0,0.4424,0.60181,0.61938,0.18634
trace,code,zh,1,0.40642,0.56992,0.66033,0.2219
trace,code,zh,2,0.33766,0.50511,0.53078,0.27135
trace,code,zh,3,0.35772,0.56992,0.66108,0.21624
trace,code,zh,4,0.41722,0.56373,0.64124,0.23149
trace,code,zh,5,0.40909,0.55798,0.58554,0.2164
trace,code,zh,6,0.35514,0.53085,0.6388,0.22868
trace,code,zh,7,0.32174,0.59467,0.752,0.18982
trace,code,zh,8,0.33333,0.53823,0.60973,0.2381
trace,code,zh,9,0.36585,0.55262,0.65714,0.23793
trace,code,zh,10,0.27329,0.50018,0.53208,0.27021
trace,code,zh,11,0.35664,0.51168,0.46599,0.27055
trace,code,zh,12,0.28916,0.49911,0.56637,0.29649
trace,code,zh,13,0.34615,0.50738,0.41874,0.29414
trace,code,zh,14,0.25503,0.43679,0.39661,0.34414
trace,code,zh,15,0.32143,0.50374,0.50672,0.28176
trace,code,zh,16,0.29365,0.45444,0.49318,0.31469
trace,code,zh,17,0.34839,0.50341,0.51701,0.28028
trace,code,zh,18,0.30769,0.47776,0.49933,0.30199
trace,code,zh,19,0.41451,0.55592,0.52436,0.23955
trace,code,zh,20,0.25185,0.41513,0.41013,0.36809
trace,code,zh,21,0.32847,0.4736,0.54035,0.30855
trace,code,zh,22,0.32558,0.50289,0.55541,0.28921
trace,code,zh,23,0.30488,0.4779,0.53301,0.31231
trace,code,zh,24,0.34615,0.46838,0.50045,0.30437
trace,code,zh,25,0.32143,0.50683,0.6052,0.27172
trace,code,zh,26,0.33663,0.55058,0.63116,0.222
trace,code,zh,27,0.28276,0.53097,0.5991,0.24164
trace,code,zh,28,0.32039,0.56669,0.78387,0.22122
trace,code,zh,29,0.35246,0.53701,0.6269,0.25786
trace,code,zh,30,0.37226,0.56148,0.58883,0.24134
trace,code,zh,31,0.3609,0.55382,0.70697,0.25313
trace,code,zh,32,0.35211,0.58681,0.77226,0.21438
trace,code,zh,33,0.35075,0.51622,0.51006,0.29414
trace,code,zh,34,0.31618,0.44609,0.42579,0.33581
trace,code,zh,35,0.25874,0.43287,0.39107,0.37446
trace,code,zh,36,0.31973,0.47663,0.44908,0.33183
trace,code,zh,37,0.27879,0.50279,0.58691,0.31604
trace,code,zh,38,0.33108,0.44584,0.32859,0.34939
trace,code,zh,39,0.2561,0.42918,0.3414,0.38041
trace,en,zh,0,0.54922,0.64618,0.64554,0.16375
trace,en,zh,1,0.43243,0.59054,0.68183,0.20017
trace,en,zh,2,0.40606,0.56819,0.60534,0.21675
trace,en,zh,3,0.35811,0.60124,0.7455,0.21673
trace,en,zh,4,0.41509,0.62307,0.69664,0.17532
trace,en,zh,5,0.46626,0.64791,0.75987,0.15572
trace,en,zh,6,0.40678,0.60838,0.73459,0.18525
trace,en,zh,7,0.33871,0.56438,0.60118,0.21878
trace,en,zh,8,0.42308,0.58239,0.60432,0.22325
trace,en,zh,9,0.41803,0.57721,0.63381,0.20444
trace,en,zh,10,0.41463,0.5761,0.55809,0.21761
trace,en,zh,11,0.46053,0.58099,0.62311,0.19891
trace,en,zh,12,0.46386,0.5864,0.58195,0.20677
trace,en,zh,13,0.47619,0.63898,0.67063,0.16878
trace,en,zh,14,0.46405,0.57807,0.55904,0.20674
trace,en,zh,15,0.4386,0.57148,0.55149,0.23521
trace,en,zh,16,0.44444,0.56919,0.57475,0.21207
trace,en,zh,17,0.4759,0.65113,0.78766,0.15041
trace,en,zh,18,0.44218,0.59955,0.63074,0.17912
trace,en,zh,19,0.50249,0.65048,0.59849,0.15801
trace,en,zh,20,0.42568,0.59715,0.68658,0.19364
trace,en,zh,21,0.40764,0.56655,0.62521,0.21942
trace,en,zh,22,0.41135,0.56947,0.7151,0.20556
trace,en,zh,23,0.4142,0.56677,0.62018,0.24258
trace,en,zh,24,0.37302,0.55922,0.66166,0.20812
trace,en,zh,25,0.3617,0.50159,0.53701,0.27287
trace,en,zh,26,0.36667,0.58495,0.73379,0.21898
trace,en,zh,27,0.43284,0.56131,0.57123,0.22014
trace,en,zh,28,0.32143,0.46498,0.5189,0.29647
trace,en,zh,29,0.3806,0.56034,0.7381,0.2203
trace,en,zh,30,0.30667,0.52949,0.68756,0.24725
trace,en,zh,31,0.34247,0.57943,0.6129,0.21921
trace,en,zh,32,0.35616,0.57508,0.73463,0.2227
trace,en,zh,33,0.34965,0.49581,0.4514,0.29179
trace,en,zh,34,0.28873,0.50981,0.52197,0.29126
trace,en,zh,35,0.31757,0.47967,0.4472,0.31193
trace,en,zh,36,0.34395,0.50298,0.48088,0.30232
trace,en,zh,37,0.37662,0.4799,0.40249,0.32201
trace,en,zh,38,0.37671,0.50244,0.44005,0.33056
trace,en,zh,39,0.31646,0.47995,0.3781,0.35679
trace,code#A,code#B,0,0.71649,0.8017,0.90078,0.04839
trace,code#A,code#B,1,0.6257,0.7767,0.89255,0.05596
trace,code#A,code#B,2,0.576,0.76228,0.91818,0.07883
trace,code#A,code#B,3,0.63918,0.7157,0.83918,0.0979
trace,code#A,code#B,4,0.57246,0.71613,0.78966,0.10246
trace,code#A,code#B,5,0.60484,0.66114,0.75568,0.14052
trace,code#A,code#B,6,0.43011,0.58335,0.70788,0.20055
trace,code#A,code#B,7,0.46875,0.63793,0.81265,0.14218
trace,code#A,code#B,8,0.53763,0.63882,0.74596,0.15506
trace,code#A,code#B,9,0.46226,0.59582,0.67045,0.20192
trace,code#A,code#B,10,0.46429,0.62975,0.69955,0.18651
trace,code#A,code#B,11,0.50893,0.6046,0.74117,0.18577
trace,code#A,code#B,12,0.56911,0.65273,0.64766,0.1619
trace,code#A,code#B,13,0.60432,0.73094,0.82183,0.09197
trace,code#A,code#B,14,0.58763,0.68352,0.86131,0.14286
trace,code#A,code#B,15,0.63077,0.76451,0.93806,0.06585
trace,code#A,code#B,16,0.5814,0.62705,0.72953,0.17589
trace,code#A,code#B,17,0.54867,0.66261,0.70675,0.15543
trace,code#A,code#B,18,0.55294,0.62404,0.69552,0.17444
trace,code#A,code#B,19,0.6129,0.74296,0.85817,0.07304
trace,code#A,code#B,20,0.51163,0.62569,0.65499,0.16667
trace,code#A,code#B,21,0.5098,0.70826,0.91825,0.10406
trace,code#A,code#B,22,0.56044,0.65472,0.75602,0.1342
trace,code#A,code#B,23,0.584,0.70718,0.83676,0.09462
trace,code#A,code#B,24,0.55128,0.62273,0.79504,0.17117
trace,code#A,code#B,25,0.62121,0.59177,0.63118,0.17737
trace,code#A,code#B,26,0.50633,0.59511,0.61882,0.18421
trace,code#A,code#B,27,0.47414,0.63309,0.74488,0.15814
trace,code#A,code#B,28,0.59459,0.61865,0.68407,0.15026
trace,code#A,code#B,29,0.54839,0.67055,0.82434,0.13515
trace,code#A,code#B,30,0.52632,0.68013,0.80169,0.11981
trace,code#A,code#B,31,0.5625,0.66219,0.73309,0.13326
trace,code#A,code#B,32,0.42063,0.63326,0.75881,0.14483
trace,code#A,code#B,33,0.52756,0.67129,0.76117,0.12811
trace,code#A,code#B,34,0.55085,0.69691,0.88714,0.10949
trace,code#A,code#B,35,0.59167,0.6928,0.77846,0.10133
trace,code#A,code#B,36,0.50394,0.7041,0.77315,0.10116
trace,code#A,code#B,37,0.54483,0.68377,0.72038,0.11716
trace,code#A,code#B,38,0.57463,0.7184,0.84254,0.09664
trace,code#A,code#B,39,0.6791,0.75927,0.88005,0.06689
trace,en#A,en#B,0,0.65027,0.70696,0.62305,0.12844
trace,en#A,en#B,1,0.55263,0.66943,0.61218,0.14632
trace,en#A,en#B,2,0.53086,0.6493,0.65805,0.15834
trace,en#A,en#B,3,0.48252,0.66969,0.797,0.15215
trace,en#A,en#B,4,0.60135,0.67146,0.81392,0.15329
trace,en#A,en#B,5,0.55629,0.66174,0.76483,0.14266
trace,en#A,en#B,6,0.5045,0.68172,0.8552,0.14926
trace,en#A,en#B,7,0.48214,0.76048,0.94456,0.10584
trace,en#A,en#B,8,0.4375,0.6405,0.77939,0.17137
trace,en#A,en#B,9,0.41071,0.67309,0.86081,0.14451
trace,en#A,en#B,10,0.5035,0.62394,0.68118,0.17387
trace,en#A,en#B,11,0.48276,0.65436,0.77806,0.14063
trace,en#A,en#B,12,0.54375,0.66993,0.71068,0.13054
trace,en#A,en#B,13,0.58564,0.69898,0.68265,0.12429
trace,en#A,en#B,14,0.58156,0.68103,0.69801,0.14841
trace,en#A,en#B,15,0.59877,0.71362,0.85532,0.10917
trace,en#A,en#B,16,0.51587,0.68193,0.88479,0.1527
trace,en#A,en#B,17,0.54545,0.68253,0.75097,0.13609
trace,en#A,en#B,18,0.54545,0.65584,0.7348,0.1685
trace,en#A,en#B,19,0.58031,0.76573,0.93409,0.08003
trace,en#A,en#B,20,0.53383,0.6692,0.82013,0.15591
trace,en#A,en#B,21,0.53425,0.68065,0.71855,0.13403
trace,en#A,en#B,22,0.51667,0.70722,0.92406,0.13076
trace,en#A,en#B,23,0.62914,0.72845,0.88865,0.10146
trace,en#A,en#B,24,0.53509,0.6876,0.84144,0.14882
trace,en#A,en#B,25,0.45556,0.69797,0.93237,0.1336
trace,en#A,en#B,26,0.46087,0.70121,0.87374,0.1316
trace,en#A,en#B,27,0.50833,0.70988,0.91921,0.12113
trace,en#A,en#B,28,0.3913,0.69582,0.92944,0.13776
trace,en#A,en#B,29,0.5124,0.68523,0.89633,0.13344
trace,en#A,en#B,30,0.44531,0.71916,0.92997,0.12618
trace,en#A,en#B,31,0.50758,0.69236,0.83226,0.12191
trace,en#A,en#B,32,0.49612,0.71471,0.94169,0.11348
trace,en#A,en#B,33,0.52482,0.72386,0.90033,0.10657
trace,en#A,en#B,34,0.56557,0.74302,0.92807,0.09713
trace,en#A,en#B,35,0.51389,0.72893,0.93251,0.10182
trace,en#A,en#B,36,0.5137,0.66807,0.71019,0.1426
trace,en#A,en#B,37,0.53472,0.68548,0.87831,0.13698
trace,en#A,en#B,38,0.57664,0.66885,0.74832,0.14449
trace,en#A,en#B,39,0.56338,0.68597,0.68631,0.1359
trace,zh#A,zh#B,0,0.69939,0.82561,0.92425,0.04041
trace,zh#A,zh#B,1,0.696,0.78556,0.89255,0.05915
trace,zh#A,zh#B,2,0.64348,0.77602,0.85978,0.07276
trace,zh#A,zh#B,3,0.57843,0.71384,0.85137,0.10489
trace,zh#A,zh#B,4,0.6,0.74207,0.83663,0.09047
trace,zh#A,zh#B,5,0.62595,0.72352,0.80901,0.08884
trace,zh#A,zh#B,6,0.56627,0.68841,0.82644,0.13004
trace,zh#A,zh#B,7,0.5,0.73915,0.85986,0.09736
trace,zh#A,zh#B,8,0.53535,0.67045,0.74582,0.13063
trace,zh#A,zh#B,9,0.47525,0.62133,0.67559,0.17018
trace,zh#A,zh#B,10,0.4964,0.64566,0.68127,0.14967
trace,zh#A,zh#B,11,0.6,0.6926,0.75149,0.12035
trace,zh#A,zh#B,12,0.51493,0.69947,0.8275,0.11922
trace,zh#A,zh#B,13,0.67347,0.74783,0.80107,0.0827
trace,zh#A,zh#B,14,0.56911,0.69879,0.72011,0.12021
trace,zh#A,zh#B,15,0.6015,0.77823,0.88688,0.0714
trace,zh#A,zh#B,16,0.5566,0.66275,0.70138,0.14222
trace,zh#A,zh#B,17,0.57664,0.67174,0.73143,0.1362
trace,zh#A,zh#B,18,0.51667,0.65333,0.70531,0.14405
trace,zh#A,zh#B,19,0.64286,0.79319,0.88447,0.0542
trace,zh#A,zh#B,20,0.44355,0.66948,0.80164,0.12694
trace,zh#A,zh#B,21,0.54701,0.7123,0.82307,0.11525
trace,zh#A,zh#B,22,0.61261,0.70626,0.73148,0.11095
trace,zh#A,zh#B,23,0.63566,0.77459,0.89669,0.06359
trace,zh#A,zh#B,24,0.5,0.67602,0.73878,0.13613
trace,zh#A,zh#B,25,0.48485,0.69131,0.83522,0.13799
trace,zh#A,zh#B,26,0.49398,0.67305,0.8269,0.1256
trace,zh#A,zh#B,27,0.51351,0.73663,0.87254,0.10278
trace,zh#A,zh#B,28,0.58824,0.67344,0.78239,0.12841
trace,zh#A,zh#B,29,0.52336,0.69026,0.85407,0.12291
trace,zh#A,zh#B,30,0.54867,0.7134,0.83697,0.10964
trace,zh#A,zh#B,31,0.51852,0.697,0.84404,0.11021
trace,zh#A,zh#B,32,0.51786,0.71916,0.8283,0.11049
trace,zh#A,zh#B,33,0.5,0.68812,0.81898,0.11333
trace,zh#A,zh#B,34,0.6129,0.72455,0.845,0.09723
trace,zh#A,zh#B,35,0.61538,0.76149,0.92748,0.0777
trace,zh#A,zh#B,36,0.61111,0.73593,0.81774,0.09035
trace,zh#A,zh#B,37,0.60185,0.74052,0.85631,0.08032
trace,zh#A,zh#B,38,0.56863,0.77724,0.93082,0.06516
trace,zh#A,zh#B,39,0.55556,0.77379,0.92214,0.06358
chat,1:zh essay,2:zh follow-up,0,0.42353,0.64137,0.84699,0.20679
chat,1:zh essay,2:zh follow-up,1,0.41667,0.60718,0.87025,0.21695
chat,1:zh essay,2:zh follow-up,2,0.45652,0.64225,0.88034,0.20199
chat,1:zh essay,2:zh follow-up,3,0.55,0.65752,0.86527,0.17938
chat,1:zh essay,2:zh follow-up,4,0.38356,0.55316,0.70464,0.283
chat,1:zh essay,2:zh follow-up,5,0.43939,0.59197,0.79784,0.22789
chat,1:zh essay,2:zh follow-up,6,0.46667,0.64646,0.87081,0.20248
chat,1:zh essay,2:zh follow-up,7,0.57778,0.62143,0.81754,0.19598
chat,1:zh essay,2:zh follow-up,8,0.4898,0.62174,0.77664,0.19405
chat,1:zh essay,2:zh follow-up,9,0.54545,0.60485,0.79625,0.19873
chat,1:zh essay,2:zh follow-up,10,0.42857,0.60567,0.78236,0.23361
chat,1:zh essay,2:zh follow-up,11,0.45763,0.59269,0.74422,0.24119
chat,1:zh essay,2:zh follow-up,12,0.37097,0.54751,0.73782,0.28018
chat,1:zh essay,2:zh follow-up,13,0.43636,0.52643,0.62154,0.28892
chat,1:zh essay,2:zh follow-up,14,0.31481,0.37318,0.41876,0.44968
chat,1:zh essay,2:zh follow-up,15,0.47059,0.60801,0.76659,0.22841
chat,1:zh essay,2:zh follow-up,16,0.31373,0.52094,0.64683,0.3546
chat,1:zh essay,2:zh follow-up,17,0.33871,0.50817,0.66142,0.33299
chat,1:zh essay,2:zh follow-up,18,0.40476,0.48765,0.59987,0.33334
chat,1:zh essay,2:zh follow-up,19,0.5,0.59653,0.76619,0.23457
chat,1:zh essay,2:zh follow-up,20,0.35294,0.40667,0.35253,0.4245
chat,1:zh essay,2:zh follow-up,21,0.56604,0.61472,0.79599,0.21834
chat,1:zh essay,2:zh follow-up,22,0.51163,0.49587,0.54609,0.27999
chat,1:zh essay,2:zh follow-up,23,0.52542,0.56456,0.67959,0.24906
chat,1:zh essay,2:zh follow-up,24,0.48,0.57947,0.79175,0.2409
chat,1:zh essay,2:zh follow-up,25,0.59091,0.60805,0.86685,0.21367
chat,1:zh essay,2:zh follow-up,26,0.34328,0.55227,0.67053,0.27335
chat,1:zh essay,2:zh follow-up,27,0.54167,0.61301,0.81498,0.22313
chat,1:zh essay,2:zh follow-up,28,0.46154,0.64798,0.88316,0.17818
chat,1:zh essay,2:zh follow-up,29,0.40541,0.66089,0.898,0.17372
chat,1:zh essay,2:zh follow-up,30,0.68966,0.67206,0.88337,0.17245
chat,1:zh essay,2:zh follow-up,31,0.475,0.60822,0.81212,0.23571
chat,1:zh essay,2:zh follow-up,32,0.46512,0.61682,0.78993,0.20741
chat,1:zh essay,2:zh follow-up,33,0.55,0.63466,0.79102,0.19954
chat,1:zh essay,2:zh follow-up,34,0.61765,0.64409,0.79464,0.20404
chat,1:zh essay,2:zh follow-up,35,0.57576,0.69926,0.91908,0.1512
chat,1:zh essay,2:zh follow-up,36,0.42222,0.55244,0.63306,0.25669
chat,1:zh essay,2:zh follow-up,37,0.52381,0.66858,0.88684,0.17253
chat,1:zh essay,2:zh follow-up,38,0.38,0.6037,0.87924,0.22299
chat,1:zh essay,2:zh follow-up,39,0.39216,0.57071,0.77495,0.23402
chat,1:zh essay,3:en explain,0,0.14286,0.29774,0.26498,0.52645
chat,1:zh essay,3:en explain,1,0.09836,0.27184,0.4377,0.55804
chat,1:zh essay,3:en explain,2,0.1875,0.36964,0.5177,0.45327
chat,1:zh essay,3:en explain,3,0.16495,0.30194,0.26725,0.54433
chat,1:zh essay,3:en explain,4,0.22124,0.35902,0.31949,0.47372
chat,1:zh essay,3:en explain,5,0.22093,0.33935,0.26343,0.51124
chat,1:zh essay,3:en explain,6,0.18182,0.26893,0.26172,0.58278
chat,1:zh essay,3:en explain,7,0.10811,0.17993,0.07237,0.70937
chat,1:zh essay,3:en explain,8,0.13158,0.27803,0.16217,0.59908
chat,1:zh essay,3:en explain,9,0.1746,0.25861,0.12836,0.62205
chat,1:zh essay,3:en explain,10,0.18644,0.25289,0.12742,0.63851
chat,1:zh essay,3:en explain,11,0.15278,0.22756,0.12869,0.63539
chat,1:zh essay,3:en explain,12,0.23077,0.3283,0.20605,0.52912
chat,1:zh essay,3:en explain,13,0.1875,0.3515,0.42343,0.48612
chat,1:zh essay,3:en explain,14,0.25301,0.37096,0.35379,0.44211
chat,1:zh essay,3:en explain,15,0.09917,0.27878,0.28838,0.60952
chat,1:zh essay,3:en explain,16,0.20548,0.30931,0.28251,0.54326
chat,1:zh essay,3:en explain,17,0.2125,0.32056,0.31442,0.53738
chat,1:zh essay,3:en explain,18,0.12903,0.29716,0.37017,0.60035
chat,1:zh essay,3:en explain,19,0.08029,0.25835,0.19564,0.59464
chat,1:zh essay,3:en explain,20,0.14103,0.19384,0.0592,0.71027
chat,1:zh essay,3:en explain,21,0.09639,0.21605,0.16055,0.63767
chat,1:zh essay,3:en explain,22,0.0641,0.15796,0.07882,0.73298
chat,1:zh essay,3:en explain,23,0.04386,0.15013,0.13599,0.75252
chat,1:zh essay,3:en explain,24,0.04478,0.16047,0.07608,0.74675
chat,1:zh essay,3:en explain,25,0.01818,0.12172,0.03253,0.79803
chat,1:zh essay,3:en explain,26,0.10606,0.21337,0.15937,0.67176
chat,1:zh essay,3:en explain,27,0.06579,0.16679,0.08251,0.72942
chat,1:zh essay,3:en explain,28,0.03846,0.13051,0.04024,0.81554
chat,1:zh essay,3:en explain,29,0.01754,0.08378,0.03037,0.85582
chat,1:zh essay,3:en explain,30,0.01493,0.08276,0.02089,0.85913
chat,1:zh essay,3:en explain,31,0.03077,0.08756,0.04488,0.83557
chat,1:zh essay,3:en explain,32,0.01282,0.08544,0.01902,0.86581
chat,1:zh essay,3:en explain,33,0.0,0.07172,0.01253,0.88276
chat,1:zh essay,3:en explain,34,0.01562,0.06668,0.02093,0.89668
chat,1:zh essay,3:en explain,35,0.0,0.05733,0.01343,0.89876
chat,1:zh essay,3:en explain,36,0.03571,0.09777,0.02878,0.83999
chat,1:zh essay,3:en explain,37,0.03614,0.08154,0.01776,0.87021
chat,1:zh essay,3:en explain,38,0.01163,0.06732,0.02239,0.88745
chat,1:zh essay,3:en explain,39,0.01064,0.07463,0.01997,0.87181
chat,1:zh essay,4:en follow-up,0,0.14286,0.2961,0.26024,0.54524
chat,1:zh essay,4:en follow-up,1,0.11382,0.24563,0.28328,0.59645
chat,1:zh essay,4:en follow-up,2,0.12963,0.33799,0.50857,0.48965
chat,1:zh essay,4:en follow-up,3,0.16162,0.30318,0.27619,0.53696
chat,1:zh essay,4:en follow-up,4,0.30097,0.39206,0.44516,0.44156
chat,1:zh essay,4:en follow-up,5,0.17241,0.32997,0.30951,0.51669
chat,1:zh essay,4:en follow-up,6,0.16364,0.32391,0.41147,0.52878
chat,1:zh essay,4:en follow-up,7,0.06061,0.16349,0.05925,0.739
chat,1:zh essay,4:en follow-up,8,0.12329,0.26063,0.15408,0.62273
chat,1:zh essay,4:en follow-up,9,0.16393,0.25498,0.16753,0.60163
chat,1:zh essay,4:en follow-up,10,0.18644,0.25035,0.14661,0.62184
chat,1:zh essay,4:en follow-up,11,0.17143,0.24015,0.13594,0.6446
chat,1:zh essay,4:en follow-up,12,0.17284,0.28679,0.19883,0.58931
chat,1:zh essay,4:en follow-up,13,0.13684,0.30561,0.37055,0.54103
chat,1:zh essay,4:en follow-up,14,0.16867,0.30722,0.28293,0.52482
chat,1:zh essay,4:en follow-up,15,0.05983,0.22909,0.23101,0.65916
chat,1:zh essay,4:en follow-up,16,0.14865,0.24177,0.2088,0.64191
chat,1:zh essay,4:en follow-up,17,0.16456,0.26271,0.15711,0.61055
chat,1:zh essay,4:en follow-up,18,0.0678,0.24178,0.31022,0.66084
chat,1:zh essay,4:en follow-up,19,0.06977,0.23714,0.1809,0.6153
chat,1:zh essay,4:en follow-up,20,0.1039,0.1863,0.05216,0.72351
chat,1:zh essay,4:en follow-up,21,0.1358,0.21078,0.15977,0.6637
chat,1:zh essay,4:en follow-up,22,0.06849,0.14419,0.07419,0.7526
chat,1:zh essay,4:en follow-up,23,0.04587,0.12369,0.09978,0.79234
chat,1:zh essay,4:en follow-up,24,0.04225,0.14752,0.10706,0.7537
chat,1:zh essay,4:en follow-up,25,0.03774,0.14736,0.05723,0.76497
chat,1:zh essay,4:en follow-up,26,0.1129,0.26561,0.28933,0.64465
chat,1:zh essay,4:en follow-up,27,0.07407,0.16702,0.1373,0.71871
chat,1:zh essay,4:en follow-up,28,0.05263,0.10829,0.06221,0.81784
chat,1:zh essay,4:en follow-up,29,0.0,0.07628,0.04461,0.85995
chat,1:zh essay,4:en follow-up,30,0.01538,0.06869,0.01603,0.88427
chat,1:zh essay,4:en follow-up,31,0.03226,0.08138,0.06812,0.84952
chat,1:zh essay,4:en follow-up,32,0.01316,0.07587,0.02054,0.87932
chat,1:zh essay,4:en follow-up,33,0.0,0.06403,0.01499,0.89819
chat,1:zh essay,4:en follow-up,34,0.01639,0.05123,0.01596,0.92578
chat,1:zh essay,4:en follow-up,35,0.0,0.04272,0.01305,0.91582
chat,1:zh essay,4:en follow-up,36,0.01316,0.08722,0.02498,0.85846
chat,1:zh essay,4:en follow-up,37,0.01282,0.06589,0.01632,0.89209
chat,1:zh essay,4:en follow-up,38,0.0,0.05613,0.01206,0.90755
chat,1:zh essay,4:en follow-up,39,0.0122,0.04823,0.01489,0.91504
chat,1:zh essay,5:code,0,0.09202,0.23558,0.10767,0.64503
chat,1:zh essay,5:code,1,0.04545,0.18367,0.07826,0.69836
chat,1:zh essay,5:code,2,0.07759,0.2089,0.1912,0.65912
chat,1:zh essay,5:code,3,0.07216,0.1977,0.10194,0.6992
chat,1:zh essay,5:code,4,0.08333,0.19964,0.10708,0.67983
chat,1:zh essay,5:code,5,0.06364,0.18613,0.13614,0.71435
chat,1:zh essay,5:code,6,0.08,0.17994,0.15573,0.72658
chat,1:zh essay,5:code,7,0.03704,0.12228,0.03537,0.80951
chat,1:zh essay,5:code,8,0.03297,0.16077,0.0802,0.77167
chat,1:zh essay,5:code,9,0.05556,0.12171,0.05561,0.81249
chat,1:zh essay,5:code,10,0.07692,0.16482,0.12702,0.76651
chat,1:zh essay,5:code,11,0.06667,0.17956,0.13885,0.74092
chat,1:zh essay,5:code,12,0.08491,0.18006,0.08333,0.72867
chat,1:zh essay,5:code,13,0.07634,0.2311,0.22889,0.65108
chat,1:zh essay,5:code,14,0.10309,0.21117,0.14468,0.71368
chat,1:zh essay,5:code,15,0.06494,0.20952,0.17881,0.64869
chat,1:zh essay,5:code,16,0.04706,0.1343,0.09366,0.78301
chat,1:zh essay,5:code,17,0.07207,0.18631,0.119,0.71096
chat,1:zh essay,5:code,18,0.05155,0.12525,0.05368,0.8054
chat,1:zh essay,5:code,19,0.03145,0.16919,0.05511,0.75048
chat,1:zh essay,5:code,20,0.02222,0.09597,0.02295,0.84831
chat,1:zh essay,5:code,21,0.06422,0.12948,0.0606,0.78761
chat,1:zh essay,5:code,22,0.06931,0.13268,0.0746,0.77418
chat,1:zh essay,5:code,23,0.05036,0.14576,0.06876,0.75863
chat,1:zh essay,5:code,24,0.0,0.0965,0.02081,0.84457
chat,1:zh essay,5:code,25,0.03947,0.09529,0.028,0.84069
chat,1:zh essay,5:code,26,0.02941,0.11673,0.04016,0.81393
chat,1:zh essay,5:code,27,0.02778,0.13585,0.02904,0.79947
chat,1:zh essay,5:code,28,0.0,0.08645,0.01649,0.85581
chat,1:zh essay,5:code,29,0.03297,0.09081,0.02443,0.84815
chat,1:zh essay,5:code,30,0.0,0.06744,0.01632,0.88988
chat,1:zh essay,5:code,31,0.02804,0.09774,0.02675,0.84166
chat,1:zh essay,5:code,32,0.01,0.10681,0.02615,0.82133
chat,1:zh essay,5:code,33,0.0283,0.11299,0.03975,0.81303
chat,1:zh essay,5:code,34,0.0087,0.08258,0.03387,0.85363
chat,1:zh essay,5:code,35,0.00943,0.08366,0.02258,0.86292
chat,1:zh essay,5:code,36,0.0177,0.13377,0.05269,0.77456
chat,1:zh essay,5:code,37,0.01613,0.10732,0.03573,0.82481
chat,1:zh essay,5:code,38,0.01538,0.10567,0.0367,0.83417
chat,1:zh essay,5:code,39,0.01504,0.11767,0.05071,0.8074
chat,1:zh essay,6:zh travel,0,0.3956,0.56756,0.61654,0.24885
chat,1:zh essay,6:zh travel,1,0.44776,0.5357,0.79384,0.25341
chat,1:zh essay,6:zh travel,2,0.37097,0.5391,0.73719,0.27693
chat,1:zh essay,6:zh travel,3,0.32812,0.45541,0.48306,0.37697
chat,1:zh essay,6:zh travel,4,0.27835,0.47876,0.61003,0.34127
chat,1:zh essay,6:zh travel,5,0.34286,0.44299,0.4355,0.36336
chat,1:zh essay,6:zh travel,6,0.30769,0.48128,0.69147,0.37717
chat,1:zh essay,6:zh travel,7,0.26,0.38638,0.33518,0.47411
chat,1:zh essay,6:zh travel,8,0.21818,0.41357,0.38852,0.44006
chat,1:zh essay,6:zh travel,9,0.2766,0.31969,0.32375,0.48216
chat,1:zh essay,6:zh travel,10,0.18519,0.34457,0.44459,0.48298
chat,1:zh essay,6:zh travel,11,0.30882,0.45602,0.47561,0.35304
chat,1:zh essay,6:zh travel,12,0.39394,0.46486,0.49696,0.3375
chat,1:zh essay,6:zh travel,13,0.35714,0.54273,0.71429,0.27554
chat,1:zh essay,6:zh travel,14,0.37313,0.49754,0.60624,0.34013
chat,1:zh essay,6:zh travel,15,0.43243,0.52957,0.60276,0.28767
chat,1:zh essay,6:zh travel,16,0.34043,0.40806,0.37911,0.41729
chat,1:zh essay,6:zh travel,17,0.33333,0.481,0.54534,0.36261
chat,1:zh essay,6:zh travel,18,0.28302,0.49116,0.77486,0.3661
chat,1:zh essay,6:zh travel,19,0.43421,0.54118,0.68966,0.25138
chat,1:zh essay,6:zh travel,20,0.37736,0.49176,0.62022,0.34055
chat,1:zh essay,6:zh travel,21,0.41379,0.45153,0.319,0.38283
chat,1:zh essay,6:zh travel,22,0.46809,0.50063,0.47878,0.32973
chat,1:zh essay,6:zh travel,23,0.49153,0.54228,0.57542,0.25889
chat,1:zh essay,6:zh travel,24,0.21277,0.32761,0.35296,0.46301
chat,1:zh essay,6:zh travel,25,0.31707,0.35549,0.3783,0.48561
chat,1:zh essay,6:zh travel,26,0.2549,0.36069,0.38642,0.47738
chat,1:zh essay,6:zh travel,27,0.41176,0.4886,0.53526,0.36388
chat,1:zh essay,6:zh travel,28,0.22857,0.43891,0.58507,0.39485
chat,1:zh essay,6:zh travel,29,0.31429,0.41752,0.44034,0.41712
chat,1:zh essay,6:zh travel,30,0.43333,0.44299,0.56269,0.36564
chat,1:zh essay,6:zh travel,31,0.32353,0.47176,0.66041,0.33875
chat,1:zh essay,6:zh travel,32,0.34884,0.39197,0.40328,0.40984
chat,1:zh essay,6:zh travel,33,0.37838,0.47949,0.64498,0.30231
chat,1:zh essay,6:zh travel,34,0.28947,0.41346,0.45559,0.39594
chat,1:zh essay,6:zh travel,35,0.5,0.55828,0.67738,0.26685
chat,1:zh essay,6:zh travel,36,0.44186,0.55265,0.67798,0.2714
chat,1:zh essay,6:zh travel,37,0.48485,0.52053,0.64134,0.2858
chat,1:zh essay,6:zh travel,38,0.30769,0.56497,0.81854,0.27355
chat,1:zh essay,6:zh travel,39,0.5,0.54912,0.72706,0.28027
chat,1:zh essay,7:en email,0,0.13287,0.27511,0.22032,0.57132
chat,1:zh essay,7:en email,1,0.08759,0.22869,0.15634,0.64113
chat,1:zh essay,7:en email,2,0.14151,0.31405,0.37675,0.53703
chat,1:zh essay,7:en email,3,0.17647,0.32619,0.30194,0.50835
chat,1:zh essay,7:en email,4,0.16822,0.31104,0.36797,0.5383
chat,1:zh essay,7:en email,5,0.23864,0.37446,0.39132,0.47968
chat,1:zh essay,7:en email,6,0.18333,0.3205,0.36196,0.55544
chat,1:zh essay,7:en email,7,0.07692,0.18367,0.10634,0.71667
chat,1:zh essay,7:en email,8,0.17808,0.32779,0.39765,0.52147
chat,1:zh essay,7:en email,9,0.18462,0.2497,0.20289,0.60091
chat,1:zh essay,7:en email,10,0.19298,0.33818,0.37276,0.52702
chat,1:zh essay,7:en email,11,0.24,0.32679,0.27673,0.52508
chat,1:zh essay,7:en email,12,0.25301,0.3359,0.29303,0.49932
chat,1:zh essay,7:en email,13,0.11765,0.34192,0.49411,0.52447
chat,1:zh essay,7:en email,14,0.16667,0.33661,0.32129,0.54533
chat,1:zh essay,7:en email,15,0.07759,0.2355,0.21458,0.66326
chat,1:zh essay,7:en email,16,0.15942,0.24144,0.24107,0.61669
chat,1:zh essay,7:en email,17,0.19753,0.28931,0.27097,0.56549
chat,1:zh essay,7:en email,18,0.14286,0.26148,0.36257,0.59616
chat,1:zh essay,7:en email,19,0.08333,0.23671,0.16139,0.63646
chat,1:zh essay,7:en email,20,0.07317,0.20227,0.15594,0.6837
chat,1:zh essay,7:en email,21,0.13953,0.23736,0.15254,0.6514
chat,1:zh essay,7:en email,22,0.08235,0.20546,0.21438,0.68395
chat,1:zh essay,7:en email,23,0.0431,0.1508,0.1232,0.74561
chat,1:zh essay,7:en email,24,0.03896,0.19274,0.20124,0.69626
chat,1:zh essay,7:en email,25,0.07273,0.17649,0.10518,0.74593
chat,1:zh essay,7:en email,26,0.09211,0.22217,0.23191,0.65551
chat,1:zh essay,7:en email,27,0.07447,0.183,0.10717,0.7222
chat,1:zh essay,7:en email,28,0.04615,0.10679,0.06106,0.82101
chat,1:zh essay,7:en email,29,0.0122,0.096,0.03784,0.83161
chat,1:zh essay,7:en email,30,0.03704,0.11436,0.05017,0.82293
chat,1:zh essay,7:en email,31,0.01333,0.0928,0.02707,0.84584
chat,1:zh essay,7:en email,32,0.0241,0.09798,0.0249,0.85232
chat,1:zh essay,7:en email,33,0.01176,0.09873,0.02835,0.85034
chat,1:zh essay,7:en email,34,0.01163,0.07129,0.0227,0.87891
chat,1:zh essay,7:en email,35,0.01205,0.07484,0.02112,0.87652
chat,1:zh essay,7:en email,36,0.0,0.10588,0.03285,0.83162
chat,1:zh essay,7:en email,37,0.01176,0.06451,0.01523,0.89081
chat,1:zh essay,7:en email,38,0.01053,0.11856,0.09874,0.8345
chat,1:zh essay,7:en email,39,0.0,0.06987,0.02838,0.88259
chat,1:zh essay,8:zh math,0,0.2541,0.40449,0.43008,0.3963
chat,1:zh essay,8:zh math,1,0.34091,0.41506,0.49858,0.37751
chat,1:zh essay,8:zh math,2,0.27119,0.38619,0.46649,0.44816
chat,1:zh essay,8:zh math,3,0.29487,0.39793,0.4064,0.44489
chat,1:zh essay,8:zh math,4,0.23,0.37822,0.3679,0.46479
chat,1:zh essay,8:zh math,5,0.16867,0.29519,0.21664,0.5994
chat,1:zh essay,8:zh math,6,0.13793,0.28029,0.33808,0.59934
chat,1:zh essay,8:zh math,7,0.16667,0.20792,0.07515,0.70764
chat,1:zh essay,8:zh math,8,0.16393,0.28437,0.25453,0.60213
chat,1:zh essay,8:zh math,9,0.07018,0.15545,0.08122,0.75695
chat,1:zh essay,8:zh math,10,0.06897,0.15525,0.10619,0.7691
chat,1:zh essay,8:zh math,11,0.05263,0.19618,0.09969,0.71773
chat,1:zh essay,8:zh math,12,0.16216,0.22832,0.11734,0.66671
chat,1:zh essay,8:zh math,13,0.24675,0.34195,0.24906,0.51568
chat,1:zh essay,8:zh math,14,0.08824,0.23584,0.16686,0.66687
chat,1:zh essay,8:zh math,15,0.27083,0.42003,0.48488,0.41011
chat,1:zh essay,8:zh math,16,0.13333,0.19859,0.11885,0.70894
chat,1:zh essay,8:zh math,17,0.2,0.30295,0.28637,0.56989
chat,1:zh essay,8:zh math,18,0.13208,0.16761,0.10081,0.7221
chat,1:zh essay,8:zh math,19,0.29,0.40191,0.32404,0.43142
chat,1:zh essay,8:zh math,20,0.09722,0.19592,0.10615,0.68891
chat,1:zh essay,8:zh math,21,0.13514,0.23849,0.15678,0.63515
chat,1:zh essay,8:zh math,22,0.2381,0.25208,0.14791,0.60318
chat,1:zh essay,8:zh math,23,0.30769,0.35116,0.30825,0.46578
chat,1:zh essay,8:zh math,24,0.04918,0.1345,0.03676,0.7916
chat,1:zh essay,8:zh math,25,0.10714,0.15188,0.04337,0.76811
chat,1:zh essay,8:zh math,26,0.05556,0.12872,0.04471,0.7924
chat,1:zh essay,8:zh math,27,0.15,0.24679,0.21867,0.62336
chat,1:zh essay,8:zh math,28,0.06122,0.1517,0.17943,0.73524
chat,1:zh essay,8:zh math,29,0.13953,0.19841,0.09655,0.71219
chat,1:zh essay,8:zh math,30,0.17021,0.21382,0.22216,0.66608
chat,1:zh essay,8:zh math,31,0.15517,0.25167,0.32491,0.60177
chat,1:zh essay,8:zh math,32,0.08475,0.20401,0.14508,0.67223
chat,1:zh essay,8:zh math,33,0.15094,0.23718,0.18443,0.61639
chat,1:zh essay,8:zh math,34,0.15517,0.21699,0.16019,0.64471
chat,1:zh essay,8:zh math,35,0.24074,0.27473,0.24894,0.56066
chat,1:zh essay,8:zh math,36,0.13846,0.22583,0.10329,0.62507
chat,1:zh essay,8:zh math,37,0.21667,0.26008,0.14356,0.60528
chat,1:zh essay,8:zh math,38,0.11864,0.22688,0.21654,0.62946
chat,1:zh essay,8:zh math,39,0.17568,0.26428,0.23054,0.56541
chat,2:zh follow-up,3:en explain,0,0.11806,0.26431,0.25382,0.58571
chat,2:zh follow-up,3:en explain,1,0.11207,0.25009,0.45857,0.61231
chat,2:zh follow-up,3:en explain,2,0.14737,0.30052,0.42399,0.55602
chat,2:zh follow-up,3:en explain,3,0.12644,0.29126,0.30319,0.58402
chat,2:zh follow-up,3:en explain,4,0.13861,0.26329,0.21799,0.60521
chat,2:zh follow-up,3:en explain,5,0.13636,0.28266,0.25174,0.58393
chat,2:zh follow-up,3:en explain,6,0.16667,0.24359,0.26717,0.62171
chat,2:zh follow-up,3:en explain,7,0.11538,0.15824,0.06843,0.7462
chat,2:zh follow-up,3:en explain,8,0.07792,0.23071,0.18481,0.6408
chat,2:zh follow-up,3:en explain,9,0.18033,0.24166,0.17139,0.62833
chat,2:zh follow-up,3:en explain,10,0.1746,0.23118,0.18353,0.64501
chat,2:zh follow-up,3:en explain,11,0.13559,0.16328,0.09014,0.7236
chat,2:zh follow-up,3:en explain,12,0.13415,0.25211,0.1817,0.61847
chat,2:zh follow-up,3:en explain,13,0.13542,0.24639,0.23271,0.63883
chat,2:zh follow-up,3:en explain,14,0.14865,0.23023,0.14639,0.64995
chat,2:zh follow-up,3:en explain,15,0.09917,0.24433,0.26727,0.64711
chat,2:zh follow-up,3:en explain,16,0.13699,0.21823,0.15713,0.65356
chat,2:zh follow-up,3:en explain,17,0.13924,0.2231,0.17123,0.64396
chat,2:zh follow-up,3:en explain,18,0.09836,0.23554,0.28644,0.66296
chat,2:zh follow-up,3:en explain,19,0.08759,0.22731,0.2364,0.64478
chat,2:zh follow-up,3:en explain,20,0.10811,0.13751,0.05568,0.77819
chat,2:zh follow-up,3:en explain,21,0.08108,0.16075,0.10132,0.73898
chat,2:zh follow-up,3:en explain,22,0.07042,0.13038,0.10523,0.77943
chat,2:zh follow-up,3:en explain,23,0.05128,0.15682,0.11387,0.76006
chat,2:zh follow-up,3:en explain,24,0.0411,0.1463,0.09239,0.78997
chat,2:zh follow-up,3:en explain,25,0.03226,0.09782,0.04116,0.8208
chat,2:zh follow-up,3:en explain,26,0.06944,0.14233,0.08011,0.76058
chat,2:zh follow-up,3:en explain,27,0.05634,0.11855,0.0712,0.79102
chat,2:zh follow-up,3:en explain,28,0.08163,0.09853,0.03618,0.8503
chat,2:zh follow-up,3:en explain,29,0.01587,0.06289,0.01683,0.89136
chat,2:zh follow-up,3:en explain,30,0.01429,0.06906,0.02261,0.88234
chat,2:zh follow-up,3:en explain,31,0.02703,0.09612,0.04609,0.82842
chat,2:zh follow-up,3:en explain,32,0.01299,0.06517,0.01887,0.89412
chat,2:zh follow-up,3:en explain,33,0.01235,0.06481,0.01621,0.89189
chat,2:zh follow-up,3:en explain,34,0.01449,0.07527,0.02101,0.88807
chat,2:zh follow-up,3:en explain,35,0.01299,0.07285,0.02293,0.87649
chat,2:zh follow-up,3:en explain,36,0.04706,0.08635,0.03389,0.86164
chat,2:zh follow-up,3:en explain,37,0.04167,0.08966,0.03355,0.8505
chat,2:zh follow-up,3:en explain,38,0.04,0.10701,0.03369,0.83534
chat,2:zh follow-up,3:en explain,39,0.01961,0.07966,0.02915,0.86439
chat,2:zh follow-up,4:en follow-up,0,0.10274,0.25386,0.23389,0.61423
chat,2:zh follow-up,4:en follow-up,1,0.11864,0.23575,0.32084,0.63827
chat,2:zh follow-up,4:en follow-up,2,0.09346,0.26016,0.37961,0.60955
chat,2:zh follow-up,4:en follow-up,3,0.1236,0.26674,0.28221,0.60617
chat,2:zh follow-up,4:en follow-up,4,0.14433,0.26742,0.28463,0.60709
chat,2:zh follow-up,4:en follow-up,5,0.12791,0.27001,0.28696,0.60625
chat,2:zh follow-up,4:en follow-up,6,0.14815,0.27442,0.36362,0.60886
chat,2:zh follow-up,4:en follow-up,7,0.04167,0.12978,0.05453,0.78866
chat,2:zh follow-up,4:en follow-up,8,0.09722,0.20772,0.17372,0.67009
chat,2:zh follow-up,4:en follow-up,9,0.15,0.20305,0.16081,0.66175
chat,2:zh follow-up,4:en follow-up,10,0.15625,0.22963,0.19133,0.64079
chat,2:zh follow-up,4:en follow-up,11,0.17857,0.17876,0.09385,0.72862
chat,2:zh follow-up,4:en follow-up,12,0.10843,0.22445,0.16982,0.67217
chat,2:zh follow-up,4:en follow-up,13,0.08421,0.20638,0.19518,0.6829
chat,2:zh follow-up,4:en follow-up,14,0.11429,0.17598,0.10345,0.72042
chat,2:zh follow-up,4:en follow-up,15,0.05085,0.19814,0.19992,0.71219
chat,2:zh follow-up,4:en follow-up,16,0.06667,0.1678,0.13233,0.72215
chat,2:zh follow-up,4:en follow-up,17,0.13333,0.20299,0.09929,0.68434
chat,2:zh follow-up,4:en follow-up,18,0.05263,0.18462,0.21813,0.74392
chat,2:zh follow-up,4:en follow-up,19,0.06923,0.18988,0.1892,0.70348
chat,2:zh follow-up,4:en follow-up,20,0.05405,0.09512,0.0343,0.84074
chat,2:zh follow-up,4:en follow-up,21,0.10959,0.13947,0.08447,0.79118
chat,2:zh follow-up,4:en follow-up,22,0.07576,0.11715,0.10474,0.80521
chat,2:zh follow-up,4:en follow-up,23,0.04425,0.11652,0.08054,0.81354
chat,2:zh follow-up,4:en follow-up,24,0.05263,0.13912,0.16783,0.78013
chat,2:zh follow-up,4:en follow-up,25,0.05,0.13579,0.06437,0.78355
chat,2:zh follow-up,4:en follow-up,26,0.08955,0.15413,0.11767,0.75241
chat,2:zh follow-up,4:en follow-up,27,0.05195,0.12125,0.10862,0.80089
chat,2:zh follow-up,4:en follow-up,28,0.03509,0.09045,0.05848,0.84659
chat,2:zh follow-up,4:en follow-up,29,0.0,0.05849,0.02903,0.89552
chat,2:zh follow-up,4:en follow-up,30,0.01471,0.04505,0.01451,0.91749
chat,2:zh follow-up,4:en follow-up,31,0.02817,0.08474,0.06499,0.8488
chat,2:zh follow-up,4:en follow-up,32,0.0,0.06287,0.02037,0.89613
chat,2:zh follow-up,4:en follow-up,33,0.01316,0.0649,0.01828,0.89811
chat,2:zh follow-up,4:en follow-up,34,0.01515,0.05191,0.01803,0.91846
chat,2:zh follow-up,4:en follow-up,35,0.0,0.06293,0.02346,0.89116
chat,2:zh follow-up,4:en follow-up,36,0.01282,0.08467,0.02572,0.87804
chat,2:zh follow-up,4:en follow-up,37,0.02198,0.07499,0.02652,0.8863
chat,2:zh follow-up,4:en follow-up,38,0.01087,0.089,0.02433,0.86181
chat,2:zh follow-up,4:en follow-up,39,0.02222,0.06063,0.02068,0.90205
chat,2:zh follow-up,5:code,0,0.14024,0.25413,0.15348,0.63715
chat,2:zh follow-up,5:code,1,0.07586,0.17717,0.11595,0.73376
chat,2:zh follow-up,5:code,2,0.05263,0.15481,0.12496,0.75619
chat,2:zh follow-up,5:code,3,0.07229,0.15859,0.1125,0.75839
chat,2:zh follow-up,5:code,4,0.10092,0.18826,0.14335,0.69171
chat,2:zh follow-up,5:code,5,0.12,0.18606,0.14827,0.72435
chat,2:zh follow-up,5:code,6,0.11268,0.19622,0.19334,0.69914
chat,2:zh follow-up,5:code,7,0.05952,0.12687,0.05281,0.80339
chat,2:zh follow-up,5:code,8,0.04598,0.16116,0.12652,0.76237
chat,2:zh follow-up,5:code,9,0.05714,0.15791,0.12424,0.77604
chat,2:zh follow-up,5:code,10,0.11392,0.20836,0.26097,0.69328
chat,2:zh follow-up,5:code,11,0.07865,0.17215,0.16244,0.7468
chat,2:zh follow-up,5:code,12,0.10891,0.2018,0.11495,0.69926
chat,2:zh follow-up,5:code,13,0.14286,0.22159,0.22281,0.66665
chat,2:zh follow-up,5:code,14,0.11392,0.22395,0.18335,0.682
chat,2:zh follow-up,5:code,15,0.10067,0.22738,0.21534,0.64298
chat,2:zh follow-up,5:code,16,0.09091,0.17089,0.13679,0.72327
chat,2:zh follow-up,5:code,17,0.10891,0.2092,0.10799,0.69194
chat,2:zh follow-up,5:code,18,0.08791,0.17271,0.15242,0.73318
chat,2:zh follow-up,5:code,19,0.05769,0.17491,0.09349,0.7397
chat,2:zh follow-up,5:code,20,0.07595,0.13954,0.06774,0.78137
chat,2:zh follow-up,5:code,21,0.06061,0.13093,0.09672,0.80149
chat,2:zh follow-up,5:code,22,0.06316,0.15971,0.10501,0.76279
chat,2:zh follow-up,5:code,23,0.06383,0.18704,0.17551,0.7082
chat,2:zh follow-up,5:code,24,0.06897,0.12267,0.06395,0.81
chat,2:zh follow-up,5:code,25,0.10127,0.19024,0.09853,0.75556
chat,2:zh follow-up,5:code,26,0.09,0.17645,0.11018,0.74233
chat,2:zh follow-up,5:code,27,0.0396,0.12204,0.04466,0.80778
chat,2:zh follow-up,5:code,28,0.02381,0.08252,0.03457,0.85966
chat,2:zh follow-up,5:code,29,0.04167,0.10768,0.02635,0.83058
chat,2:zh follow-up,5:code,30,0.02062,0.09559,0.04502,0.85174
chat,2:zh follow-up,5:code,31,0.0531,0.15366,0.07008,0.77312
chat,2:zh follow-up,5:code,32,0.03093,0.1356,0.05468,0.79169
chat,2:zh follow-up,5:code,33,0.04545,0.14344,0.08072,0.78334
chat,2:zh follow-up,5:code,34,0.01681,0.11578,0.07922,0.80702
chat,2:zh follow-up,5:code,35,0.03738,0.11762,0.04207,0.82019
chat,2:zh follow-up,5:code,36,0.07339,0.1436,0.1198,0.76856
chat,2:zh follow-up,5:code,37,0.06061,0.15079,0.07639,0.77142
chat,2:zh follow-up,5:code,38,0.09559,0.18364,0.10412,0.73077
chat,2:zh follow-up,5:code,39,0.08271,0.1511,0.09406,0.7736
chat,2:zh follow-up,6:zh travel,0,0.43158,0.52406,0.56626,0.3063
chat,2:zh follow-up,6:zh travel,1,0.39394,0.54069,0.79641,0.30486
chat,2:zh follow-up,6:zh travel,2,0.48148,0.51905,0.65395,0.32392
chat,2:zh follow-up,6:zh travel,3,0.45833,0.41869,0.47193,0.42384
chat,2:zh follow-up,6:zh travel,4,0.21687,0.44368,0.6025,0.41159
chat,2:zh follow-up,6:zh travel,5,0.32836,0.39873,0.41257,0.43805
chat,2:zh follow-up,6:zh travel,6,0.29412,0.46516,0.66795,0.41463
chat,2:zh follow-up,6:zh travel,7,0.28302,0.40951,0.42782,0.46796
chat,2:zh follow-up,6:zh travel,8,0.23077,0.33635,0.32711,0.50683
chat,2:zh follow-up,6:zh travel,9,0.20833,0.33121,0.41412,0.4855
chat,2:zh follow-up,6:zh travel,10,0.19298,0.31747,0.47421,0.51243
chat,2:zh follow-up,6:zh travel,11,0.30357,0.41053,0.3945,0.43876
chat,2:zh follow-up,6:zh travel,12,0.23611,0.36621,0.38169,0.4512
chat,2:zh follow-up,6:zh travel,13,0.28571,0.40893,0.42891,0.43279
chat,2:zh follow-up,6:zh travel,14,0.23729,0.31015,0.2526,0.55938
chat,2:zh follow-up,6:zh travel,15,0.37662,0.47565,0.561,0.36669
chat,2:zh follow-up,6:zh travel,16,0.23404,0.31297,0.24159,0.55543
chat,2:zh follow-up,6:zh travel,17,0.24615,0.36137,0.34829,0.51448
chat,2:zh follow-up,6:zh travel,18,0.2037,0.32556,0.38978,0.51813
chat,2:zh follow-up,6:zh travel,19,0.39241,0.4878,0.58914,0.32744
chat,2:zh follow-up,6:zh travel,20,0.24528,0.30091,0.16507,0.56024
chat,2:zh follow-up,6:zh travel,21,0.39216,0.40513,0.30834,0.44096
chat,2:zh follow-up,6:zh travel,22,0.34783,0.46226,0.55584,0.3624
chat,2:zh follow-up,6:zh travel,23,0.39394,0.43137,0.4021,0.37949
chat,2:zh follow-up,6:zh travel,24,0.18868,0.28154,0.21799,0.55409
chat,2:zh follow-up,6:zh travel,25,0.24,0.27855,0.26649,0.56621
chat,2:zh follow-up,6:zh travel,26,0.17241,0.25114,0.26716,0.60545
chat,2:zh follow-up,6:zh travel,27,0.32,0.43042,0.45467,0.43069
chat,2:zh follow-up,6:zh travel,28,0.16667,0.41909,0.61123,0.44084
chat,2:zh follow-up,6:zh travel,29,0.26829,0.39998,0.37666,0.46528
chat,2:zh follow-up,6:zh travel,30,0.39394,0.39242,0.46612,0.44031
chat,2:zh follow-up,6:zh travel,31,0.22727,0.46058,0.69396,0.36741
chat,2:zh follow-up,6:zh travel,32,0.23913,0.33883,0.34576,0.50903
chat,2:zh follow-up,6:zh travel,33,0.29545,0.40382,0.51682,0.4048
chat,2:zh follow-up,6:zh travel,34,0.28571,0.37675,0.42789,0.4514
chat,2:zh follow-up,6:zh travel,35,0.36842,0.50016,0.62185,0.32636
chat,2:zh follow-up,6:zh travel,36,0.42222,0.46998,0.51609,0.35078
chat,2:zh follow-up,6:zh travel,37,0.3125,0.44591,0.51832,0.36434
chat,2:zh follow-up,6:zh travel,38,0.25926,0.49574,0.74231,0.33481
chat,2:zh follow-up,6:zh travel,39,0.27778,0.49588,0.67087,0.33022
chat,2:zh follow-up,7:en email,0,0.11039,0.23281,0.20241,0.63756
chat,2:zh follow-up,7:en email,1,0.09924,0.18809,0.18164,0.69509
chat,2:zh follow-up,7:en email,2,0.10476,0.23031,0.28669,0.65559
chat,2:zh follow-up,7:en email,3,0.12903,0.25437,0.27576,0.60614
chat,2:zh follow-up,7:en email,4,0.08511,0.22568,0.26227,0.66834
chat,2:zh follow-up,7:en email,5,0.2093,0.33474,0.36419,0.55911
chat,2:zh follow-up,7:en email,6,0.15,0.29409,0.38292,0.59928
chat,2:zh follow-up,7:en email,7,0.10294,0.20365,0.20759,0.69488
chat,2:zh follow-up,7:en email,8,0.22059,0.32382,0.40128,0.54938
chat,2:zh follow-up,7:en email,9,0.15385,0.24797,0.29193,0.6023
chat,2:zh follow-up,7:en email,10,0.24138,0.37212,0.46379,0.49933
chat,2:zh follow-up,7:en email,11,0.14925,0.26223,0.25592,0.58791
chat,2:zh follow-up,7:en email,12,0.14773,0.28026,0.223,0.60509
chat,2:zh follow-up,7:en email,13,0.14737,0.29873,0.39,0.59618
chat,2:zh follow-up,7:en email,14,0.125,0.25852,0.23387,0.63543
chat,2:zh follow-up,7:en email,15,0.08696,0.20986,0.1982,0.69914
chat,2:zh follow-up,7:en email,16,0.15385,0.22623,0.22466,0.64821
chat,2:zh follow-up,7:en email,17,0.15385,0.21183,0.15435,0.67682
chat,2:zh follow-up,7:en email,18,0.15,0.26236,0.23889,0.67109
chat,2:zh follow-up,7:en email,19,0.07463,0.19936,0.20668,0.6934
chat,2:zh follow-up,7:en email,20,0.06579,0.14024,0.08541,0.76617
chat,2:zh follow-up,7:en email,21,0.19178,0.24265,0.19952,0.67392
chat,2:zh follow-up,7:en email,22,0.07595,0.19491,0.18922,0.73808
chat,2:zh follow-up,7:en email,23,0.07759,0.16993,0.17438,0.72914
chat,2:zh follow-up,7:en email,24,0.06173,0.17974,0.16074,0.72646
chat,2:zh follow-up,7:en email,25,0.09836,0.15767,0.08883,0.74375
chat,2:zh follow-up,7:en email,26,0.14474,0.21895,0.15753,0.66269
chat,2:zh follow-up,7:en email,27,0.10465,0.18798,0.12456,0.74741
chat,2:zh follow-up,7:en email,28,0.03077,0.08746,0.06351,0.84417
chat,2:zh follow-up,7:en email,29,0.07229,0.12025,0.05143,0.8221
chat,2:zh follow-up,7:en email,30,0.06098,0.12484,0.07565,0.82063
chat,2:zh follow-up,7:en email,31,0.0625,0.13079,0.03997,0.80914
chat,2:zh follow-up,7:en email,32,0.02439,0.09121,0.04118,0.85547
chat,2:zh follow-up,7:en email,33,0.02222,0.10189,0.05564,0.84001
chat,2:zh follow-up,7:en email,34,0.04545,0.10207,0.04385,0.83921
chat,2:zh follow-up,7:en email,35,0.02326,0.09175,0.03111,0.85472
chat,2:zh follow-up,7:en email,36,0.03125,0.10261,0.06457,0.83739
chat,2:zh follow-up,7:en email,37,0.02041,0.0766,0.02839,0.87316
chat,2:zh follow-up,7:en email,38,0.0463,0.14039,0.07631,0.79255
chat,2:zh follow-up,7:en email,39,0.03125,0.07321,0.03735,0.87868
chat,2:zh follow-up,8:zh math,0,0.33884,0.45679,0.44281,0.39314
chat,2:zh follow-up,8:zh math,1,0.32941,0.38997,0.5106,0.43488
chat,2:zh follow-up,8:zh math,2,0.2963,0.39356,0.40505,0.4812
chat,2:zh follow-up,8:zh math,3,0.32308,0.39672,0.4787,0.44466
chat,2:zh follow-up,8:zh math,4,0.31579,0.36891,0.36973,0.47129
chat,2:zh follow-up,8:zh math,5,0.24324,0.28424,0.24983,0.604
chat,2:zh follow-up,8:zh math,6,0.16364,0.33486,0.43148,0.54602
chat,2:zh follow-up,8:zh math,7,0.19048,0.21259,0.10384,0.70636
chat,2:zh follow-up,8:zh math,8,0.19298,0.26022,0.2322,0.60578
chat,2:zh follow-up,8:zh math,9,0.13462,0.22179,0.26817,0.6528
chat,2:zh follow-up,8:zh math,10,0.1,0.18512,0.20435,0.71787
chat,2:zh follow-up,8:zh math,11,0.10345,0.17821,0.13428,0.72816
chat,2:zh follow-up,8:zh math,12,0.13699,0.22812,0.14005,0.66283
chat,2:zh follow-up,8:zh math,13,0.26389,0.33967,0.24296,0.51539
chat,2:zh follow-up,8:zh math,14,0.1,0.18565,0.10866,0.72009
chat,2:zh follow-up,8:zh math,15,0.27083,0.43938,0.52671,0.40048
chat,2:zh follow-up,8:zh math,16,0.18868,0.20193,0.12856,0.69476
chat,2:zh follow-up,8:zh math,17,0.18571,0.28556,0.24746,0.59267
chat,2:zh follow-up,8:zh math,18,0.09615,0.18618,0.10013,0.71368
chat,2:zh follow-up,8:zh math,19,0.32653,0.42675,0.45744,0.404
chat,2:zh follow-up,8:zh math,20,0.14286,0.21322,0.08444,0.68195
chat,2:zh follow-up,8:zh math,21,0.15873,0.24246,0.21975,0.62137
chat,2:zh follow-up,8:zh math,22,0.20339,0.28158,0.19395,0.58347
chat,2:zh follow-up,8:zh math,23,0.32258,0.40506,0.40813,0.42398
chat,2:zh follow-up,8:zh math,24,0.09375,0.16531,0.08975,0.73094
chat,2:zh follow-up,8:zh math,25,0.16667,0.22258,0.10697,0.6904
chat,2:zh follow-up,8:zh math,26,0.09589,0.1503,0.11466,0.74639
chat,2:zh follow-up,8:zh math,27,0.16216,0.27504,0.26506,0.5804
chat,2:zh follow-up,8:zh math,28,0.0625,0.17512,0.19402,0.7142
chat,2:zh follow-up,8:zh math,29,0.14583,0.2301,0.13007,0.65783
chat,2:zh follow-up,8:zh math,30,0.16,0.25444,0.28769,0.6027
chat,2:zh follow-up,8:zh math,31,0.15152,0.30161,0.40188,0.53411
chat,2:zh follow-up,8:zh math,32,0.14545,0.23077,0.18791,0.624
chat,2:zh follow-up,8:zh math,33,0.21818,0.27712,0.19807,0.58688
chat,2:zh follow-up,8:zh math,34,0.125,0.24223,0.16682,0.63332
chat,2:zh follow-up,8:zh math,35,0.26786,0.29263,0.29141,0.51039
chat,2:zh follow-up,8:zh math,36,0.2459,0.30213,0.22694,0.54648
chat,2:zh follow-up,8:zh math,37,0.26087,0.31416,0.18787,0.55674
chat,2:zh follow-up,8:zh math,38,0.25758,0.32617,0.29123,0.52978
chat,2:zh follow-up,8:zh math,39,0.24675,0.3415,0.29306,0.49291
chat,3:en explain,4:en follow-up,0,0.62712,0.75692,0.90366,0.1019
chat,3:en explain,4:en follow-up,1,0.54701,0.71173,0.85303,0.12501
chat,3:en explain,4:en follow-up,2,0.5619,0.72055,0.90011,0.11456
chat,3:en explain,4:en follow-up,3,0.57895,0.73653,0.90449,0.09901
chat,3:en explain,4:en follow-up,4,0.68182,0.74406,0.90273,0.10322
chat,3:en explain,4:en follow-up,5,0.55072,0.73781,0.93158,0.11697
chat,3:en explain,4:en follow-up,6,0.4878,0.71826,0.90367,0.11146
chat,3:en explain,4:en follow-up,7,0.36508,0.71865,0.94079,0.14699
chat,3:en explain,4:en follow-up,8,0.58621,0.73249,0.86831,0.11574
chat,3:en explain,4:en follow-up,9,0.47059,0.7229,0.9316,0.13817
chat,3:en explain,4:en follow-up,10,0.45098,0.51907,0.57454,0.26635
chat,3:en explain,4:en follow-up,11,0.36957,0.69415,0.91265,0.16414
chat,3:en explain,4:en follow-up,12,0.47143,0.69138,0.91507,0.16211
chat,3:en explain,4:en follow-up,13,0.55056,0.71603,0.88053,0.13737
chat,3:en explain,4:en follow-up,14,0.46053,0.60048,0.66198,0.20927
chat,3:en explain,4:en follow-up,15,0.53922,0.73859,0.89274,0.10708
chat,3:en explain,4:en follow-up,16,0.48529,0.55965,0.58102,0.2537
chat,3:en explain,4:en follow-up,17,0.62295,0.60688,0.73066,0.19142
chat,3:en explain,4:en follow-up,18,0.44898,0.69459,0.91432,0.15103
chat,3:en explain,4:en follow-up,19,0.70874,0.76421,0.90741,0.08852
chat,3:en explain,4:en follow-up,20,0.42029,0.72912,0.94874,0.14267
chat,3:en explain,4:en follow-up,21,0.5614,0.77541,0.96749,0.09872
chat,3:en explain,4:en follow-up,22,0.67925,0.67936,0.75183,0.17325
chat,3:en explain,4:en follow-up,23,0.61538,0.74888,0.91537,0.09713
chat,3:en explain,4:en follow-up,24,0.52,0.64202,0.78162,0.17001
chat,3:en explain,4:en follow-up,25,0.58065,0.71787,0.94055,0.13946
chat,3:en explain,4:en follow-up,26,0.4,0.60063,0.81095,0.21583
chat,3:en explain,4:en follow-up,27,0.57143,0.69267,0.88912,0.14302
chat,3:en explain,4:en follow-up,28,0.4359,0.68478,0.8657,0.13687
chat,3:en explain,4:en follow-up,29,0.5814,0.75117,0.92511,0.11174
chat,3:en explain,4:en follow-up,30,0.69231,0.75328,0.95342,0.10345
chat,3:en explain,4:en follow-up,31,0.5283,0.71432,0.89348,0.11211
chat,3:en explain,4:en follow-up,32,0.58621,0.71938,0.86869,0.12714
chat,3:en explain,4:en follow-up,33,0.59649,0.77451,0.96487,0.09825
chat,3:en explain,4:en follow-up,34,0.6383,0.77758,0.95843,0.09255
chat,3:en explain,4:en follow-up,35,0.73684,0.74513,0.83707,0.11018
chat,3:en explain,4:en follow-up,36,0.5,0.74081,0.94061,0.10585
chat,3:en explain,4:en follow-up,37,0.59722,0.73018,0.9125,0.1137
chat,3:en explain,4:en follow-up,38,0.65672,0.76039,0.91565,0.10276
chat,3:en explain,4:en follow-up,39,0.65714,0.75884,0.92332,0.10038
chat,3:en explain,5:code,0,0.23864,0.36992,0.25119,0.44938
chat,3:en explain,5:code,1,0.22024,0.38461,0.33195,0.43847
chat,3:en explain,5:code,2,0.19286,0.34075,0.35622,0.46556
chat,3:en explain,5:code,3,0.10101,0.23695,0.08536,0.66222
chat,3:en explain,5:code,4,0.14599,0.29006,0.20811,0.55902
chat,3:en explain,5:code,5,0.12963,0.24576,0.14875,0.63029
chat,3:en explain,5:code,6,0.14706,0.21025,0.10498,0.67846
chat,3:en explain,5:code,7,0.08696,0.20338,0.05974,0.70055
chat,3:en explain,5:code,8,0.07216,0.21688,0.07368,0.69878
chat,3:en explain,5:code,9,0.11111,0.1933,0.07429,0.71827
chat,3:en explain,5:code,10,0.1,0.22619,0.12471,0.68898
chat,3:en explain,5:code,11,0.09412,0.18371,0.06254,0.73195
chat,3:en explain,5:code,12,0.18269,0.25681,0.12355,0.61046
chat,3:en explain,5:code,13,0.15541,0.31614,0.23612,0.53584
chat,3:en explain,5:code,14,0.14151,0.25865,0.17926,0.61961
chat,3:en explain,5:code,15,0.19394,0.38358,0.37385,0.43253
chat,3:en explain,5:code,16,0.11702,0.20645,0.08528,0.69588
chat,3:en explain,5:code,17,0.16667,0.2632,0.13616,0.62544
chat,3:en explain,5:code,18,0.13402,0.21239,0.08237,0.68581
chat,3:en explain,5:code,19,0.14773,0.31232,0.16905,0.5265
chat,3:en explain,5:code,20,0.12903,0.21612,0.09209,0.67519
chat,3:en explain,5:code,21,0.14141,0.22274,0.07665,0.6898
chat,3:en explain,5:code,22,0.13333,0.23906,0.14888,0.62857
chat,3:en explain,5:code,23,0.17763,0.32776,0.30513,0.48936
chat,3:en explain,5:code,24,0.07229,0.15107,0.04295,0.77225
chat,3:en explain,5:code,25,0.07353,0.1364,0.03886,0.78288
chat,3:en explain,5:code,26,0.03371,0.13164,0.04474,0.7771
chat,3:en explain,5:code,27,0.08738,0.18127,0.0423,0.72763
chat,3:en explain,5:code,28,0.05063,0.12726,0.03271,0.80446
chat,3:en explain,5:code,29,0.15217,0.25769,0.15746,0.64143
chat,3:en explain,5:code,30,0.1028,0.22128,0.09935,0.67553
chat,3:en explain,5:code,31,0.09483,0.20693,0.12245,0.67804
chat,3:en explain,5:code,32,0.10476,0.22838,0.09972,0.655
chat,3:en explain,5:code,33,0.11207,0.20913,0.07866,0.65851
chat,3:en explain,5:code,34,0.13913,0.2872,0.20622,0.58895
chat,3:en explain,5:code,35,0.11765,0.29198,0.24575,0.57545
chat,3:en explain,5:code,36,0.12,0.27953,0.15771,0.57909
chat,3:en explain,5:code,37,0.15714,0.26581,0.10477,0.5903
chat,3:en explain,5:code,38,0.15972,0.29589,0.18247,0.55887
chat,3:en explain,5:code,39,0.17483,0.32625,0.23063,0.50827
chat,3:en explain,6:zh travel,0,0.1844,0.30901,0.24631,0.52239
chat,3:en explain,6:zh travel,1,0.11905,0.31299,0.46329,0.51999
chat,3:en explain,6:zh travel,2,0.15455,0.36041,0.48087,0.49382
chat,3:en explain,6:zh travel,3,0.11111,0.23597,0.13737,0.65429
chat,3:en explain,6:zh travel,4,0.17949,0.3315,0.25163,0.51147
chat,3:en explain,6:zh travel,5,0.15116,0.29148,0.20726,0.57688
chat,3:en explain,6:zh travel,6,0.16071,0.25855,0.23253,0.60949
chat,3:en explain,6:zh travel,7,0.08219,0.16753,0.04633,0.74976
chat,3:en explain,6:zh travel,8,0.08451,0.2083,0.08192,0.68871
chat,3:en explain,6:zh travel,9,0.14286,0.19959,0.1125,0.68904
chat,3:en explain,6:zh travel,10,0.09677,0.22611,0.15507,0.65677
chat,3:en explain,6:zh travel,11,0.09375,0.21123,0.06665,0.69266
chat,3:en explain,6:zh travel,12,0.21951,0.29254,0.13002,0.57118
chat,3:en explain,6:zh travel,13,0.17925,0.3823,0.46415,0.47515
chat,3:en explain,6:zh travel,14,0.21839,0.33283,0.23213,0.51205
chat,3:en explain,6:zh travel,15,0.13934,0.2727,0.33564,0.60498
chat,3:en explain,6:zh travel,16,0.12857,0.24926,0.18593,0.60693
chat,3:en explain,6:zh travel,17,0.20253,0.27516,0.21474,0.57925
chat,3:en explain,6:zh travel,18,0.15152,0.30843,0.3382,0.60161
chat,3:en explain,6:zh travel,19,0.12214,0.26717,0.15197,0.59603
chat,3:en explain,6:zh travel,20,0.10256,0.20615,0.08294,0.70171
chat,3:en explain,6:zh travel,21,0.11268,0.20802,0.12002,0.67852
chat,3:en explain,6:zh travel,22,0.09589,0.23211,0.27636,0.66926
chat,3:en explain,6:zh travel,23,0.0708,0.16567,0.12541,0.73886
chat,3:en explain,6:zh travel,24,0.03509,0.10902,0.04787,0.80871
chat,3:en explain,6:zh travel,25,0.06667,0.11433,0.04585,0.83041
chat,3:en explain,6:zh travel,26,0.04082,0.14431,0.05831,0.789
chat,3:en explain,6:zh travel,27,0.05797,0.13574,0.05542,0.78822
chat,3:en explain,6:zh travel,28,0.02632,0.08435,0.02077,0.86733
chat,3:en explain,6:zh travel,29,0.05455,0.07957,0.01857,0.87896
chat,3:en explain,6:zh travel,30,0.0,0.07395,0.01458,0.87004
chat,3:en explain,6:zh travel,31,0.03333,0.08298,0.03305,0.85909
chat,3:en explain,6:zh travel,32,0.01389,0.08392,0.02521,0.8692
chat,3:en explain,6:zh travel,33,0.0,0.06461,0.00825,0.89582
chat,3:en explain,6:zh travel,34,0.03226,0.0727,0.02679,0.87551
chat,3:en explain,6:zh travel,35,0.0,0.07193,0.02098,0.86995
chat,3:en explain,6:zh travel,36,0.03571,0.10337,0.01911,0.83516
chat,3:en explain,6:zh travel,37,0.0241,0.09399,0.01808,0.85689
chat,3:en explain,6:zh travel,38,0.02381,0.10147,0.02261,0.84488
chat,3:en explain,6:zh travel,39,0.01087,0.08598,0.02741,0.84768
chat,3:en explain,7:en email,0,0.43262,0.52236,0.53342,0.28269
chat,3:en explain,7:en email,1,0.42963,0.511,0.51851,0.2869
chat,3:en explain,7:en email,2,0.35833,0.50758,0.47678,0.31226
chat,3:en explain,7:en email,3,0.37363,0.4084,0.27763,0.41728
chat,3:en explain,7:en email,4,0.28704,0.39473,0.28944,0.44246
chat,3:en explain,7:en email,5,0.23913,0.36495,0.32732,0.47607
chat,3:en explain,7:en email,6,0.17241,0.26674,0.18042,0.62205
chat,3:en explain,7:en email,7,0.17808,0.36137,0.45112,0.50718
chat,3:en explain,7:en email,8,0.2,0.29499,0.18164,0.589
chat,3:en explain,7:en email,9,0.14085,0.22209,0.12029,0.6494
chat,3:en explain,7:en email,10,0.10769,0.19259,0.11404,0.71116
chat,3:en explain,7:en email,11,0.10448,0.18427,0.10858,0.69156
chat,3:en explain,7:en email,12,0.21739,0.28961,0.1397,0.57277
chat,3:en explain,7:en email,13,0.3211,0.45589,0.49656,0.35197
chat,3:en explain,7:en email,14,0.17978,0.26535,0.21543,0.59253
chat,3:en explain,7:en email,15,0.36207,0.51549,0.55047,0.29436
chat,3:en explain,7:en email,16,0.15663,0.2574,0.11975,0.63921
chat,3:en explain,7:en email,17,0.14286,0.26491,0.1557,0.61591
chat,3:en explain,7:en email,18,0.14286,0.28431,0.25302,0.60488
chat,3:en explain,7:en email,19,0.48361,0.56077,0.54365,0.25769
chat,3:en explain,7:en email,20,0.16092,0.3377,0.17412,0.52596
chat,3:en explain,7:en email,21,0.26667,0.29023,0.18405,0.55034
chat,3:en explain,7:en email,22,0.19767,0.30818,0.22607,0.52205
chat,3:en explain,7:en email,23,0.42593,0.5146,0.55099,0.29142
chat,3:en explain,7:en email,24,0.22388,0.25937,0.14183,0.61999
chat,3:en explain,7:en email,25,0.12766,0.30967,0.42577,0.5987
chat,3:en explain,7:en email,26,0.06061,0.18682,0.09261,0.72291
chat,3:en explain,7:en email,27,0.21429,0.30814,0.30536,0.5369
chat,3:en explain,7:en email,28,0.14286,0.30721,0.419,0.5528
chat,3:en explain,7:en email,29,0.21795,0.3679,0.32456,0.48428
chat,3:en explain,7:en email,30,0.30864,0.39469,0.38066,0.40934
chat,3:en explain,7:en email,31,0.20779,0.32786,0.18831,0.51371
chat,3:en explain,7:en email,32,0.36986,0.45122,0.50874,0.37214
chat,3:en explain,7:en email,33,0.27711,0.36853,0.31216,0.4562
chat,3:en explain,7:en email,34,0.32468,0.43167,0.39896,0.36982
chat,3:en explain,7:en email,35,0.41026,0.45722,0.41789,0.35217
chat,3:en explain,7:en email,36,0.32609,0.4383,0.52908,0.37487
chat,3:en explain,7:en email,37,0.38636,0.41848,0.3688,0.37871
chat,3:en explain,7:en email,38,0.37895,0.4886,0.44816,0.33805
chat,3:en explain,7:en email,39,0.5,0.52955,0.55328,0.28172
chat,3:en explain,8:zh math,0,0.1697,0.34937,0.31382,0.48483
chat,3:en explain,8:zh math,1,0.15714,0.31917,0.31577,0.55274
chat,3:en explain,8:zh math,2,0.13592,0.3421,0.4067,0.51034
chat,3:en explain,8:zh math,3,0.19101,0.31727,0.24714,0.5224
chat,3:en explain,8:zh math,4,0.22321,0.38504,0.39592,0.43164
chat,3:en explain,8:zh math,5,0.12088,0.3372,0.42194,0.49568
chat,3:en explain,8:zh math,6,0.28571,0.37699,0.4497,0.46442
chat,3:en explain,8:zh math,7,0.10256,0.30967,0.35864,0.55538
chat,3:en explain,8:zh math,8,0.17391,0.29975,0.24807,0.53132
chat,3:en explain,8:zh math,9,0.16071,0.29513,0.23798,0.54889
chat,3:en explain,8:zh math,10,0.2,0.29157,0.24685,0.56184
chat,3:en explain,8:zh math,11,0.08929,0.20633,0.11631,0.68275
chat,3:en explain,8:zh math,12,0.20513,0.34467,0.46331,0.49235
chat,3:en explain,8:zh math,13,0.125,0.28899,0.20181,0.56486
chat,3:en explain,8:zh math,14,0.15789,0.2466,0.18314,0.60206
chat,3:en explain,8:zh math,15,0.12319,0.30832,0.34185,0.55988
chat,3:en explain,8:zh math,16,0.12,0.22504,0.10014,0.65258
chat,3:en explain,8:zh math,17,0.18293,0.28509,0.27032,0.56903
chat,3:en explain,8:zh math,18,0.19298,0.22814,0.18033,0.63177
chat,3:en explain,8:zh math,19,0.08442,0.24932,0.21828,0.61096
chat,3:en explain,8:zh math,20,0.08235,0.18169,0.15976,0.68173
chat,3:en explain,8:zh math,21,0.10959,0.23173,0.27179,0.64516
chat,3:en explain,8:zh math,22,0.08537,0.28193,0.45725,0.6112
chat,3:en explain,8:zh math,23,0.07801,0.19402,0.10417,0.69322
chat,3:en explain,8:zh math,24,0.04762,0.16039,0.11075,0.75359
chat,3:en explain,8:zh math,25,0.14286,0.22995,0.25668,0.63982
chat,3:en explain,8:zh math,26,0.08621,0.23713,0.32926,0.61297
chat,3:en explain,8:zh math,27,0.12048,0.23699,0.28067,0.62587
chat,3:en explain,8:zh math,28,0.04348,0.11622,0.11747,0.77918
chat,3:en explain,8:zh math,29,0.0339,0.10823,0.07507,0.81027
chat,3:en explain,8:zh math,30,0.04054,0.12616,0.12947,0.77473
chat,3:en explain,8:zh math,31,0.05,0.11142,0.04659,0.81776
chat,3:en explain,8:zh math,32,0.02597,0.1015,0.03105,0.8436
chat,3:en explain,8:zh math,33,0.03846,0.12292,0.14088,0.79404
chat,3:en explain,8:zh math,34,0.025,0.10589,0.02865,0.82903
chat,3:en explain,8:zh math,35,0.02198,0.13125,0.07318,0.79786
chat,3:en explain,8:zh math,36,0.08791,0.20207,0.18317,0.68795
chat,3:en explain,8:zh math,37,0.09,0.207,0.19577,0.70167
chat,3:en explain,8:zh math,38,0.03061,0.10519,0.03573,0.82871
chat,3:en explain,8:zh math,39,0.05263,0.17693,0.21118,0.73418
chat,4:en follow-up,5:code,0,0.24571,0.36887,0.26153,0.45335
chat,4:en follow-up,5:code,1,0.2093,0.36702,0.31778,0.45422
chat,4:en follow-up,5:code,2,0.22378,0.36182,0.37207,0.4514
chat,4:en follow-up,5:code,3,0.09901,0.22479,0.10104,0.66324
chat,4:en follow-up,5:code,4,0.125,0.25155,0.19392,0.59613
chat,4:en follow-up,5:code,5,0.11215,0.22537,0.15687,0.65945
chat,4:en follow-up,5:code,6,0.08451,0.17611,0.11251,0.71259
chat,4:en follow-up,5:code,7,0.08642,0.18604,0.0559,0.72553
chat,4:en follow-up,5:code,8,0.07527,0.1982,0.07274,0.71674
chat,4:en follow-up,5:code,9,0.05479,0.1491,0.05085,0.7742
chat,4:en follow-up,5:code,10,0.06024,0.1714,0.08727,0.75156
chat,4:en follow-up,5:code,11,0.04545,0.14493,0.05282,0.77243
chat,4:en follow-up,5:code,12,0.11927,0.20858,0.1173,0.65714
chat,4:en follow-up,5:code,13,0.12245,0.27261,0.20023,0.5943
chat,4:en follow-up,5:code,14,0.11765,0.22691,0.18124,0.65329
chat,4:en follow-up,5:code,15,0.19745,0.3568,0.34257,0.47107
chat,4:en follow-up,5:code,16,0.0625,0.17804,0.08527,0.7257
chat,4:en follow-up,5:code,17,0.11009,0.20867,0.08041,0.7092
chat,4:en follow-up,5:code,18,0.06186,0.15833,0.06261,0.75205
chat,4:en follow-up,5:code,19,0.10983,0.28132,0.16055,0.57057
chat,4:en follow-up,5:code,20,0.07447,0.18669,0.0622,0.72481
chat,4:en follow-up,5:code,21,0.14,0.19015,0.07579,0.71085
chat,4:en follow-up,5:code,22,0.09615,0.19683,0.15737,0.67229
chat,4:en follow-up,5:code,23,0.12987,0.27762,0.28069,0.54261
chat,4:en follow-up,5:code,24,0.05682,0.16871,0.1158,0.75388
chat,4:en follow-up,5:code,25,0.05882,0.11337,0.03624,0.81802
chat,4:en follow-up,5:code,26,0.04762,0.1177,0.04206,0.81014
chat,4:en follow-up,5:code,27,0.08257,0.18481,0.05937,0.73235
chat,4:en follow-up,5:code,28,0.07229,0.14599,0.07288,0.76738
chat,4:en follow-up,5:code,29,0.11828,0.24783,0.14203,0.66432
chat,4:en follow-up,5:code,30,0.09434,0.22593,0.14017,0.67279
chat,4:en follow-up,5:code,31,0.08772,0.21146,0.22308,0.66534
chat,4:en follow-up,5:code,32,0.06542,0.19038,0.09615,0.68371
chat,4:en follow-up,5:code,33,0.12727,0.20477,0.09817,0.6688
chat,4:en follow-up,5:code,34,0.14286,0.27705,0.28195,0.58891
chat,4:en follow-up,5:code,35,0.11864,0.31038,0.33302,0.5673
chat,4:en follow-up,5:code,36,0.12069,0.27521,0.22085,0.58794
chat,4:en follow-up,5:code,37,0.14815,0.25091,0.12264,0.61208
chat,4:en follow-up,5:code,38,0.10638,0.24893,0.1336,0.61804
chat,4:en follow-up,5:code,39,0.13043,0.27694,0.19142,0.58085
chat,4:en follow-up,6:zh travel,0,0.15172,0.31156,0.26097,0.53566
chat,4:en follow-up,6:zh travel,1,0.125,0.28016,0.3283,0.55372
chat,4:en follow-up,6:zh travel,2,0.09756,0.32548,0.46149,0.52479
chat,4:en follow-up,6:zh travel,3,0.09524,0.22975,0.14615,0.65849
chat,4:en follow-up,6:zh travel,4,0.20721,0.32817,0.32492,0.5208
chat,4:en follow-up,6:zh travel,5,0.10345,0.27015,0.23507,0.59413
chat,4:en follow-up,6:zh travel,6,0.12281,0.26012,0.3158,0.60813
chat,4:en follow-up,6:zh travel,7,0.04688,0.14788,0.0463,0.77544
chat,4:en follow-up,6:zh travel,8,0.10606,0.18331,0.07645,0.71375
chat,4:en follow-up,6:zh travel,9,0.15094,0.19383,0.11859,0.70574
chat,4:en follow-up,6:zh travel,10,0.07937,0.2053,0.125,0.68468
chat,4:en follow-up,6:zh travel,11,0.09524,0.17162,0.05672,0.731
chat,4:en follow-up,6:zh travel,12,0.15116,0.25584,0.12068,0.60854
chat,4:en follow-up,6:zh travel,13,0.15534,0.31763,0.40886,0.53847
chat,4:en follow-up,6:zh travel,14,0.17857,0.27798,0.18378,0.57925
chat,4:en follow-up,6:zh travel,15,0.09244,0.22455,0.28709,0.6578
chat,4:en follow-up,6:zh travel,16,0.10145,0.20797,0.15867,0.6656
chat,4:en follow-up,6:zh travel,17,0.13924,0.2238,0.12295,0.64559
chat,4:en follow-up,6:zh travel,18,0.09524,0.22459,0.27857,0.68359
chat,4:en follow-up,6:zh travel,19,0.10484,0.24248,0.14546,0.62996
chat,4:en follow-up,6:zh travel,20,0.06494,0.17184,0.05604,0.7489
chat,4:en follow-up,6:zh travel,21,0.09589,0.19094,0.12995,0.70152
chat,4:en follow-up,6:zh travel,22,0.07143,0.20182,0.26696,0.71707
chat,4:en follow-up,6:zh travel,23,0.05455,0.11732,0.09793,0.79596
chat,4:en follow-up,6:zh travel,24,0.01613,0.11315,0.04241,0.8239
chat,4:en follow-up,6:zh travel,25,0.04444,0.10651,0.04058,0.83213
chat,4:en follow-up,6:zh travel,26,0.04444,0.12032,0.09335,0.81105
chat,4:en follow-up,6:zh travel,27,0.06757,0.14313,0.08554,0.77869
chat,4:en follow-up,6:zh travel,28,0.04651,0.06993,0.02917,0.87782
chat,4:en follow-up,6:zh travel,29,0.01818,0.06102,0.02329,0.89285
chat,4:en follow-up,6:zh travel,30,0.0,0.05362,0.00822,0.90844
chat,4:en follow-up,6:zh travel,31,0.01724,0.06735,0.04291,0.86976
chat,4:en follow-up,6:zh travel,32,0.01429,0.06796,0.0149,0.89677
chat,4:en follow-up,6:zh travel,33,0.0,0.04581,0.00596,0.92501
chat,4:en follow-up,6:zh travel,34,0.0,0.04157,0.01854,0.91657
chat,4:en follow-up,6:zh travel,35,0.0,0.05928,0.01668,0.89371
chat,4:en follow-up,6:zh travel,36,0.02667,0.09909,0.02101,0.85396
chat,4:en follow-up,6:zh travel,37,0.01299,0.07061,0.01678,0.88394
chat,4:en follow-up,6:zh travel,38,0.0,0.07647,0.01337,0.88052
chat,4:en follow-up,6:zh travel,39,0.0125,0.07615,0.02105,0.88245
chat,4:en follow-up,7:en email,0,0.50746,0.57985,0.62483,0.2406
chat,4:en follow-up,7:en email,1,0.42029,0.54606,0.62652,0.26761
chat,4:en follow-up,7:en email,2,0.368,0.52808,0.53603,0.28836
chat,4:en follow-up,7:en email,3,0.30928,0.43618,0.38654,0.38587
chat,4:en follow-up,7:en email,4,0.32353,0.41069,0.40633,0.41637
chat,4:en follow-up,7:en email,5,0.21978,0.37218,0.36192,0.48499
chat,4:en follow-up,7:en email,6,0.19643,0.27026,0.21995,0.61988
chat,4:en follow-up,7:en email,7,0.23333,0.34788,0.41617,0.53016
chat,4:en follow-up,7:en email,8,0.16456,0.29224,0.19546,0.58455
chat,4:en follow-up,7:en email,9,0.18182,0.2329,0.12785,0.64879
chat,4:en follow-up,7:en email,10,0.125,0.19569,0.10956,0.70417
chat,4:en follow-up,7:en email,11,0.12308,0.19649,0.12946,0.674
chat,4:en follow-up,7:en email,12,0.16842,0.25504,0.14866,0.60252
chat,4:en follow-up,7:en email,13,0.26606,0.43926,0.4801,0.39644
chat,4:en follow-up,7:en email,14,0.12644,0.23147,0.18136,0.62581
chat,4:en follow-up,7:en email,15,0.36697,0.5076,0.55333,0.2932
chat,4:en follow-up,7:en email,16,0.09412,0.22632,0.11214,0.68315
chat,4:en follow-up,7:en email,17,0.125,0.23511,0.11225,0.65114
chat,4:en follow-up,7:en email,18,0.08955,0.2417,0.21592,0.65991
chat,4:en follow-up,7:en email,19,0.46154,0.55921,0.5963,0.25972
chat,4:en follow-up,7:en email,20,0.19753,0.30915,0.12576,0.55706
chat,4:en follow-up,7:en email,21,0.18519,0.29192,0.1902,0.55715
chat,4:en follow-up,7:en email,22,0.19512,0.29495,0.25431,0.52954
chat,4:en follow-up,7:en email,23,0.4466,0.52374,0.5556,0.3004
chat,4:en follow-up,7:en email,24,0.21127,0.21806,0.14346,0.6427
chat,4:en follow-up,7:en email,25,0.08333,0.28752,0.4094,0.59707
chat,4:en follow-up,7:en email,26,0.11864,0.24946,0.22945,0.63515
chat,4:en follow-up,7:en email,27,0.3012,0.37545,0.32559,0.46492
chat,4:en follow-up,7:en email,28,0.16667,0.30618,0.33565,0.55095
chat,4:en follow-up,7:en email,29,0.22368,0.38018,0.31721,0.48212
chat,4:en follow-up,7:en email,30,0.33333,0.41159,0.41188,0.39779
chat,4:en follow-up,7:en email,31,0.26761,0.36008,0.30142,0.47218
chat,4:en follow-up,7:en email,32,0.32432,0.47208,0.63286,0.3526
chat,4:en follow-up,7:en email,33,0.24691,0.36792,0.32672,0.44201
chat,4:en follow-up,7:en email,34,0.32,0.43409,0.44838,0.36195
chat,4:en follow-up,7:en email,35,0.43421,0.45187,0.42104,0.34672
chat,4:en follow-up,7:en email,36,0.30233,0.46327,0.58805,0.35454
chat,4:en follow-up,7:en email,37,0.33721,0.43047,0.48962,0.37675
chat,4:en follow-up,7:en email,38,0.34831,0.46545,0.4118,0.37613
chat,4:en follow-up,7:en email,39,0.46053,0.51354,0.47544,0.31735
chat,4:en follow-up,8:zh math,0,0.13529,0.32044,0.25939,0.53266
chat,4:en follow-up,8:zh math,1,0.17021,0.30425,0.25282,0.56295
chat,4:en follow-up,8:zh math,2,0.08696,0.30206,0.38393,0.56791
chat,4:en follow-up,8:zh math,3,0.16129,0.30569,0.23738,0.54484
chat,4:en follow-up,8:zh math,4,0.1982,0.35407,0.39975,0.47221
chat,4:en follow-up,8:zh math,5,0.125,0.33575,0.40395,0.51102
chat,4:en follow-up,8:zh math,6,0.16981,0.37513,0.53299,0.46389
chat,4:en follow-up,8:zh math,7,0.10448,0.30561,0.36919,0.55137
chat,4:en follow-up,8:zh math,8,0.20312,0.35623,0.32935,0.50759
chat,4:en follow-up,8:zh math,9,0.19231,0.32332,0.2729,0.52836
chat,4:en follow-up,8:zh math,10,0.2,0.27422,0.24701,0.56057
chat,4:en follow-up,8:zh math,11,0.11111,0.21939,0.14964,0.65009
chat,4:en follow-up,8:zh math,12,0.1625,0.33526,0.49825,0.5132
chat,4:en follow-up,8:zh math,13,0.13208,0.2773,0.23511,0.56621
chat,4:en follow-up,8:zh math,14,0.14085,0.23747,0.19419,0.5939
chat,4:en follow-up,8:zh math,15,0.10606,0.28112,0.26178,0.59934
chat,4:en follow-up,8:zh math,16,0.14085,0.23846,0.17864,0.60787
chat,4:en follow-up,8:zh math,17,0.17949,0.24736,0.26291,0.59912
chat,4:en follow-up,8:zh math,18,0.10909,0.19234,0.19301,0.65384
chat,4:en follow-up,8:zh math,19,0.06803,0.21961,0.19031,0.65271
chat,4:en follow-up,8:zh math,20,0.12821,0.20013,0.19167,0.65315
chat,4:en follow-up,8:zh math,21,0.09333,0.22176,0.24521,0.66464
chat,4:en follow-up,8:zh math,22,0.06329,0.21475,0.35748,0.65938
chat,4:en follow-up,8:zh math,23,0.08088,0.17303,0.09291,0.72591
chat,4:en follow-up,8:zh math,24,0.02941,0.1489,0.10089,0.75565
chat,4:en follow-up,8:zh math,25,0.14583,0.23617,0.26289,0.64063
chat,4:en follow-up,8:zh math,26,0.13462,0.28959,0.42034,0.59373
chat,4:en follow-up,8:zh math,27,0.125,0.2591,0.3112,0.62281
chat,4:en follow-up,8:zh math,28,0.08,0.14313,0.1112,0.75744
chat,4:en follow-up,8:zh math,29,0.01724,0.10443,0.0555,0.82501
chat,4:en follow-up,8:zh math,30,0.05634,0.12528,0.13285,0.78065
chat,4:en follow-up,8:zh math,31,0.05195,0.11549,0.06117,0.81059
chat,4:en follow-up,8:zh math,32,0.04054,0.09293,0.0296,0.85103
chat,4:en follow-up,8:zh math,33,0.0411,0.11764,0.14465,0.79865
chat,4:en follow-up,8:zh math,34,0.01282,0.07987,0.02262,0.86673
chat,4:en follow-up,8:zh math,35,0.03371,0.11479,0.06031,0.82685
chat,4:en follow-up,8:zh math,36,0.07229,0.16035,0.1608,0.74141
chat,4:en follow-up,8:zh math,37,0.0625,0.15875,0.12539,0.76534
chat,4:en follow-up,8:zh math,38,0.01124,0.08323,0.02583,0.86057
chat,4:en follow-up,8:zh math,39,0.04854,0.14663,0.12627,0.79283
chat,5:code,6:zh travel,0,0.14201,0.27256,0.13523,0.57923
chat,5:code,6:zh travel,1,0.07692,0.22779,0.11748,0.64758
chat,5:code,6:zh travel,2,0.06154,0.21016,0.16994,0.6535
chat,5:code,6:zh travel,3,0.06579,0.16117,0.07952,0.74537
chat,5:code,6:zh travel,4,0.08333,0.22026,0.13339,0.65223
chat,5:code,6:zh travel,5,0.06731,0.19252,0.1324,0.69215
chat,5:code,6:zh travel,6,0.08,0.18492,0.15099,0.70267
chat,5:code,6:zh travel,7,0.06579,0.15918,0.04315,0.77173
chat,5:code,6:zh travel,8,0.0625,0.15187,0.06212,0.77538
chat,5:code,6:zh travel,9,0.04762,0.11856,0.07777,0.80504
chat,5:code,6:zh travel,10,0.09333,0.175,0.20792,0.72238
chat,5:code,6:zh travel,11,0.05319,0.16677,0.10191,0.74731
chat,5:code,6:zh travel,12,0.08182,0.20928,0.0805,0.69427
chat,5:code,6:zh travel,13,0.09353,0.25346,0.20956,0.62794
chat,5:code,6:zh travel,14,0.13542,0.24593,0.15985,0.66488
chat,5:code,6:zh travel,15,0.1039,0.2229,0.18714,0.62897
chat,5:code,6:zh travel,16,0.05263,0.14721,0.06034,0.7838
chat,5:code,6:zh travel,17,0.10377,0.2168,0.15645,0.67162
chat,5:code,6:zh travel,18,0.08,0.15831,0.0644,0.74433
chat,5:code,6:zh travel,19,0.05844,0.18373,0.06573,0.71864
chat,5:code,6:zh travel,20,0.08537,0.15319,0.06115,0.77726
chat,5:code,6:zh travel,21,0.05051,0.14183,0.06565,0.78033
chat,5:code,6:zh travel,22,0.09375,0.19229,0.14534,0.7025
chat,5:code,6:zh travel,23,0.04225,0.1624,0.09472,0.73137
chat,5:code,6:zh travel,24,0.02703,0.08873,0.0396,0.84766
chat,5:code,6:zh travel,25,0.09231,0.14223,0.0439,0.79452
chat,5:code,6:zh travel,26,0.02469,0.10705,0.03387,0.81458
chat,5:code,6:zh travel,27,0.0404,0.13811,0.02826,0.79241
chat,5:code,6:zh travel,28,0.01408,0.0846,0.02607,0.85193
chat,5:code,6:zh travel,29,0.03297,0.11464,0.05249,0.79826
chat,5:code,6:zh travel,30,0.01087,0.10262,0.02238,0.82787
chat,5:code,6:zh travel,31,0.06061,0.10607,0.04909,0.81765
chat,5:code,6:zh travel,32,0.03261,0.11915,0.03027,0.80744
chat,5:code,6:zh travel,33,0.0297,0.12165,0.03244,0.81025
chat,5:code,6:zh travel,34,0.02679,0.11598,0.0548,0.80625
chat,5:code,6:zh travel,35,0.00943,0.10995,0.02825,0.81211
chat,5:code,6:zh travel,36,0.00877,0.12553,0.03986,0.79024
chat,5:code,6:zh travel,37,0.04167,0.13825,0.05155,0.77057
chat,5:code,6:zh travel,38,0.02344,0.14427,0.0495,0.77227
chat,5:code,6:zh travel,39,0.01527,0.12478,0.05385,0.78625
chat,5:code,7:en email,0,0.21277,0.38018,0.27949,0.44591
chat,5:code,7:en email,1,0.17647,0.34383,0.24626,0.47465
chat,5:code,7:en email,2,0.16779,0.34599,0.28376,0.50213
chat,5:code,7:en email,3,0.09434,0.24984,0.1165,0.64353
chat,5:code,7:en email,4,0.14286,0.27776,0.32104,0.5752
chat,5:code,7:en email,5,0.14545,0.26206,0.21435,0.61813
chat,5:code,7:en email,6,0.07692,0.21515,0.13262,0.68985
chat,5:code,7:en email,7,0.12821,0.21562,0.08344,0.69907
chat,5:code,7:en email,8,0.06122,0.206,0.11224,0.7021
chat,5:code,7:en email,9,0.0641,0.18978,0.16235,0.7213
chat,5:code,7:en email,10,0.11688,0.2146,0.15743,0.71577
chat,5:code,7:en email,11,0.06186,0.1777,0.16605,0.72364
chat,5:code,7:en email,12,0.12931,0.23556,0.11763,0.66655
chat,5:code,7:en email,13,0.13245,0.31182,0.29451,0.54992
chat,5:code,7:en email,14,0.17391,0.27433,0.25794,0.61617
chat,5:code,7:en email,15,0.18125,0.32129,0.30412,0.501
chat,5:code,7:en email,16,0.11494,0.20777,0.11985,0.69971
chat,5:code,7:en email,17,0.125,0.28242,0.19199,0.62055
chat,5:code,7:en email,18,0.09804,0.21327,0.11026,0.68834
chat,5:code,7:en email,19,0.14535,0.31749,0.18282,0.52655
chat,5:code,7:en email,20,0.08333,0.20311,0.13306,0.68011
chat,5:code,7:en email,21,0.11111,0.24917,0.16709,0.65083
chat,5:code,7:en email,22,0.13274,0.27622,0.1742,0.59477
chat,5:code,7:en email,23,0.14557,0.31267,0.26871,0.51301
chat,5:code,7:en email,24,0.1,0.19297,0.082,0.72101
chat,5:code,7:en email,25,0.05556,0.14784,0.043,0.77687
chat,5:code,7:en email,26,0.07368,0.16895,0.08243,0.73629
chat,5:code,7:en email,27,0.15789,0.25708,0.11996,0.62384
chat,5:code,7:en email,28,0.08989,0.20273,0.08241,0.7193
chat,5:code,7:en email,29,0.14912,0.24637,0.13085,0.63637
chat,5:code,7:en email,30,0.15517,0.28493,0.1978,0.59726
chat,5:code,7:en email,31,0.18261,0.30291,0.15865,0.57505
chat,5:code,7:en email,32,0.14019,0.22416,0.09368,0.66639
chat,5:code,7:en email,33,0.112,0.25594,0.154,0.62186
chat,5:code,7:en email,34,0.15909,0.33726,0.30428,0.52689
chat,5:code,7:en email,35,0.17213,0.30572,0.19863,0.56268
chat,5:code,7:en email,36,0.1811,0.34886,0.36547,0.50292
chat,5:code,7:en email,37,0.16547,0.28071,0.13237,0.55751
chat,5:code,7:en email,38,0.15789,0.31931,0.25572,0.51693
chat,5:code,7:en email,39,0.16429,0.34659,0.39573,0.47704
chat,5:code,8:zh math,0,0.2659,0.39883,0.29932,0.44229
chat,5:code,8:zh math,1,0.1962,0.36589,0.32792,0.47759
chat,5:code,8:zh math,2,0.14286,0.3101,0.38919,0.53306
chat,5:code,8:zh math,3,0.19753,0.2871,0.17991,0.58294
chat,5:code,8:zh math,4,0.21368,0.38128,0.5841,0.44295
chat,5:code,8:zh math,5,0.17526,0.34768,0.35369,0.50178
chat,5:code,8:zh math,6,0.1791,0.30256,0.20003,0.54706
chat,5:code,8:zh math,7,0.12821,0.2417,0.08476,0.65567
chat,5:code,8:zh math,8,0.15584,0.2273,0.11498,0.64607
chat,5:code,8:zh math,9,0.06349,0.17443,0.09031,0.71358
chat,5:code,8:zh math,10,0.17647,0.28874,0.25715,0.56946
chat,5:code,8:zh math,11,0.13924,0.24091,0.1672,0.63557
chat,5:code,8:zh math,12,0.24176,0.33915,0.24605,0.50174
chat,5:code,8:zh math,13,0.20472,0.32981,0.33203,0.49362
chat,5:code,8:zh math,14,0.18182,0.31828,0.21612,0.55786
chat,5:code,8:zh math,15,0.18471,0.31337,0.2737,0.52423
chat,5:code,8:zh math,16,0.25,0.25259,0.12693,0.62888
chat,5:code,8:zh math,17,0.19,0.30535,0.24422,0.51989
chat,5:code,8:zh math,18,0.13636,0.24304,0.20899,0.62509
chat,5:code,8:zh math,19,0.17308,0.30143,0.19443,0.55058
chat,5:code,8:zh math,20,0.14458,0.19592,0.09104,0.68215
chat,5:code,8:zh math,21,0.11579,0.30213,0.37793,0.57296
chat,5:code,8:zh math,22,0.1068,0.21946,0.09559,0.66424
chat,5:code,8:zh math,23,0.14744,0.29727,0.23356,0.55634
chat,5:code,8:zh math,24,0.12162,0.18452,0.08387,0.71266
chat,5:code,8:zh math,25,0.14493,0.21008,0.09624,0.69219
chat,5:code,8:zh math,26,0.09195,0.19895,0.09662,0.67043
chat,5:code,8:zh math,27,0.11818,0.21429,0.07187,0.67806
chat,5:code,8:zh math,28,0.03846,0.13927,0.07806,0.7633
chat,5:code,8:zh math,29,0.02105,0.11338,0.03316,0.78568
chat,5:code,8:zh math,30,0.0396,0.16871,0.08465,0.71603
chat,5:code,8:zh math,31,0.13393,0.22383,0.10805,0.66109
chat,5:code,8:zh math,32,0.08602,0.1923,0.08109,0.69215
chat,5:code,8:zh math,33,0.07547,0.19751,0.09655,0.69585
chat,5:code,8:zh math,34,0.11765,0.21514,0.11066,0.67812
chat,5:code,8:zh math,35,0.05,0.18141,0.07679,0.71904
chat,5:code,8:zh math,36,0.11404,0.25329,0.11285,0.63291
chat,5:code,8:zh math,37,0.11194,0.26644,0.15073,0.61291
chat,5:code,8:zh math,38,0.12308,0.22768,0.16756,0.64301
chat,5:code,8:zh math,39,0.09589,0.26334,0.21362,0.6064
chat,6:zh travel,7:en email,0,0.13462,0.30052,0.22077,0.5486
chat,6:zh travel,7:en email,1,0.09091,0.23006,0.16797,0.6172
chat,6:zh travel,7:en email,2,0.09836,0.29906,0.36184,0.54661
chat,6:zh travel,7:en email,3,0.11494,0.26617,0.2371,0.59346
chat,6:zh travel,7:en email,4,0.13636,0.30408,0.31579,0.55315
chat,6:zh travel,7:en email,5,0.19767,0.33043,0.33996,0.53065
chat,6:zh travel,7:en email,6,0.16393,0.32447,0.3693,0.52113
chat,6:zh travel,7:en email,7,0.08065,0.1674,0.06593,0.74356
chat,6:zh travel,7:en email,8,0.13235,0.25453,0.18948,0.62032
chat,6:zh travel,7:en email,9,0.15517,0.29968,0.3719,0.54866
chat,6:zh travel,7:en email,10,0.13793,0.29478,0.36466,0.54377
chat,6:zh travel,7:en email,11,0.11111,0.25395,0.19142,0.61317
chat,6:zh travel,7:en email,12,0.18681,0.3836,0.53142,0.44353
chat,6:zh travel,7:en email,13,0.16822,0.32463,0.38994,0.51333
chat,6:zh travel,7:en email,14,0.19231,0.32729,0.30624,0.52599
chat,6:zh travel,7:en email,15,0.09167,0.22714,0.20994,0.66138
chat,6:zh travel,7:en email,16,0.10938,0.22007,0.1553,0.65449
chat,6:zh travel,7:en email,17,0.1875,0.30392,0.29463,0.55186
chat,6:zh travel,7:en email,18,0.18182,0.26854,0.33593,0.58995
chat,6:zh travel,7:en email,19,0.12698,0.24731,0.15198,0.61646
chat,6:zh travel,7:en email,20,0.08974,0.2384,0.21355,0.6154
chat,6:zh travel,7:en email,21,0.13158,0.23174,0.16001,0.64742
chat,6:zh travel,7:en email,22,0.1125,0.24886,0.26632,0.64579
chat,6:zh travel,7:en email,23,0.07895,0.17401,0.14662,0.71763
chat,6:zh travel,7:en email,24,0.01471,0.1142,0.06157,0.79184
chat,6:zh travel,7:en email,25,0.08511,0.1687,0.09693,0.76008
chat,6:zh travel,7:en email,26,0.08929,0.20948,0.15757,0.7001
chat,6:zh travel,7:en email,27,0.06897,0.16637,0.07883,0.74701
chat,6:zh travel,7:en email,28,0.06,0.09826,0.04905,0.82608
chat,6:zh travel,7:en email,29,0.0375,0.09701,0.02878,0.83899
chat,6:zh travel,7:en email,30,0.0,0.07744,0.0221,0.86326
chat,6:zh travel,7:en email,31,0.01429,0.10339,0.03888,0.82825
chat,6:zh travel,7:en email,32,0.02597,0.10057,0.02857,0.84605
chat,6:zh travel,7:en email,33,0.0125,0.09072,0.02623,0.84624
chat,6:zh travel,7:en email,34,0.04878,0.1069,0.03927,0.83436
chat,6:zh travel,7:en email,35,0.0,0.08051,0.02338,0.85376
chat,6:zh travel,7:en email,36,0.0,0.09113,0.02356,0.85208
chat,6:zh travel,7:en email,37,0.0,0.08593,0.02265,0.85604
chat,6:zh travel,7:en email,38,0.04396,0.11322,0.04629,0.82531
chat,6:zh travel,7:en email,39,0.01149,0.09768,0.05195,0.83206
chat,6:zh travel,8:zh math,0,0.33333,0.47277,0.38464,0.35061
chat,6:zh travel,8:zh math,1,0.32979,0.43307,0.45797,0.39345
chat,6:zh travel,8:zh math,2,0.29412,0.41064,0.42167,0.45544
chat,6:zh travel,8:zh math,3,0.25806,0.32942,0.26751,0.52175
chat,6:zh travel,8:zh math,4,0.23,0.36206,0.3253,0.48069
chat,6:zh travel,8:zh math,5,0.16667,0.28274,0.21764,0.58638
chat,6:zh travel,8:zh math,6,0.15789,0.28175,0.32161,0.59029
chat,6:zh travel,8:zh math,7,0.15517,0.22751,0.05897,0.69821
chat,6:zh travel,8:zh math,8,0.16981,0.27665,0.15689,0.64199
chat,6:zh travel,8:zh math,9,0.08511,0.16686,0.11335,0.74214
chat,6:zh travel,8:zh math,10,0.09091,0.19669,0.19594,0.67914
chat,6:zh travel,8:zh math,11,0.09836,0.19669,0.07683,0.71962
chat,6:zh travel,8:zh math,12,0.13924,0.22789,0.09569,0.66942
chat,6:zh travel,8:zh math,13,0.24419,0.36556,0.25343,0.49165
chat,6:zh travel,8:zh math,14,0.11765,0.26505,0.16726,0.65312
chat,6:zh travel,8:zh math,15,0.26733,0.42612,0.52849,0.40624
chat,6:zh travel,8:zh math,16,0.13462,0.20101,0.06549,0.72399
chat,6:zh travel,8:zh math,17,0.17333,0.27369,0.21438,0.6107
chat,6:zh travel,8:zh math,18,0.17857,0.22025,0.16219,0.6451
chat,6:zh travel,8:zh math,19,0.34737,0.41354,0.3437,0.43461
chat,6:zh travel,8:zh math,20,0.15152,0.23454,0.09914,0.65235
chat,6:zh travel,8:zh math,21,0.14286,0.24478,0.14238,0.63273
chat,6:zh travel,8:zh math,22,0.22951,0.29676,0.18443,0.57097
chat,6:zh travel,8:zh math,23,0.30108,0.38249,0.3665,0.43457
chat,6:zh travel,8:zh math,24,0.10417,0.15868,0.07984,0.75053
chat,6:zh travel,8:zh math,25,0.125,0.17095,0.05105,0.72963
chat,6:zh travel,8:zh math,26,0.05882,0.13597,0.04073,0.79539
chat,6:zh travel,8:zh math,27,0.16667,0.25928,0.25166,0.58255
chat,6:zh travel,8:zh math,28,0.02778,0.14982,0.10376,0.76553
chat,6:zh travel,8:zh math,29,0.13953,0.22334,0.11145,0.66329
chat,6:zh travel,8:zh math,30,0.18182,0.23273,0.24411,0.6308
chat,6:zh travel,8:zh math,31,0.16981,0.28002,0.28027,0.59308
chat,6:zh travel,8:zh math,32,0.13725,0.19181,0.12412,0.6865
chat,6:zh travel,8:zh math,33,0.16667,0.2549,0.23376,0.5983
chat,6:zh travel,8:zh math,34,0.13793,0.23213,0.1867,0.6172
chat,6:zh travel,8:zh math,35,0.19643,0.31307,0.24303,0.53212
chat,6:zh travel,8:zh math,36,0.23333,0.28545,0.15787,0.56366
chat,6:zh travel,8:zh math,37,0.16129,0.25822,0.12678,0.59068
chat,6:zh travel,8:zh math,38,0.2037,0.30018,0.28903,0.54578
chat,6:zh travel,8:zh math,39,0.21429,0.30924,0.26432,0.5014
chat,7:en email,8:zh math,0,0.12778,0.29332,0.19962,0.5621
chat,7:en email,8:zh math,1,0.08589,0.24456,0.15612,0.61669
chat,7:en email,8:zh math,2,0.05983,0.22002,0.22728,0.66828
chat,7:en email,8:zh math,3,0.13,0.26687,0.20888,0.59849
chat,7:en email,8:zh math,4,0.09735,0.30106,0.40051,0.54302
chat,7:en email,8:zh math,5,0.13978,0.27946,0.26122,0.6087
chat,7:en email,8:zh math,6,0.15,0.28108,0.2418,0.62043
chat,7:en email,8:zh math,7,0.10448,0.23873,0.20906,0.68222
chat,7:en email,8:zh math,8,0.09459,0.22614,0.1712,0.65784
chat,7:en email,8:zh math,9,0.07937,0.16485,0.08307,0.75221
chat,7:en email,8:zh math,10,0.10345,0.17175,0.13591,0.73607
chat,7:en email,8:zh math,11,0.04412,0.1588,0.09152,0.75318
chat,7:en email,8:zh math,12,0.1087,0.20726,0.12571,0.68904
chat,7:en email,8:zh math,13,0.13514,0.25748,0.19174,0.61897
chat,7:en email,8:zh math,14,0.10294,0.22261,0.19162,0.69754
chat,7:en email,8:zh math,15,0.08088,0.22918,0.22859,0.65477
chat,7:en email,8:zh math,16,0.13433,0.20837,0.12322,0.7087
chat,7:en email,8:zh math,17,0.11494,0.2107,0.15644,0.67102
chat,7:en email,8:zh math,18,0.11111,0.1656,0.11895,0.7333
chat,7:en email,8:zh math,19,0.06579,0.21617,0.12273,0.6646
chat,7:en email,8:zh math,20,0.07059,0.16113,0.05094,0.75058
chat,7:en email,8:zh math,21,0.07317,0.18321,0.15695,0.71954
chat,7:en email,8:zh math,22,0.07692,0.18881,0.0993,0.71833
chat,7:en email,8:zh math,23,0.08451,0.18965,0.10384,0.71544
chat,7:en email,8:zh math,24,0.02703,0.12095,0.06881,0.80457
chat,7:en email,8:zh math,25,0.11321,0.18894,0.22988,0.72617
chat,7:en email,8:zh math,26,0.04286,0.13008,0.04618,0.80211
chat,7:en email,8:zh math,27,0.10784,0.20623,0.16267,0.66079
chat,7:en email,8:zh math,28,0.03333,0.10243,0.0674,0.81619
chat,7:en email,8:zh math,29,0.04878,0.11037,0.03971,0.81675
chat,7:en email,8:zh math,30,0.03333,0.12225,0.06149,0.7996
chat,7:en email,8:zh math,31,0.05682,0.14601,0.06881,0.77796
chat,7:en email,8:zh math,32,0.0119,0.1026,0.02467,0.84044
chat,7:en email,8:zh math,33,0.05814,0.1454,0.06101,0.77949
chat,7:en email,8:zh math,34,0.07216,0.13267,0.04898,0.79601
chat,7:en email,8:zh math,35,0.07292,0.15614,0.07288,0.76132
chat,7:en email,8:zh math,36,0.05825,0.17683,0.10001,0.74125
chat,7:en email,8:zh math,37,0.04808,0.12513,0.03074,0.80017
chat,7:en email,8:zh math,38,0.01852,0.1263,0.11418,0.78444
chat,7:en email,8:zh math,39,0.06481,0.19279,0.26196,0.71952
chat,1:zh essay#A,1:zh essay#B,0,0.55385,0.71215,0.90645,0.16272
chat,1:zh essay#A,1:zh essay#B,1,0.4717,0.6721,0.9216,0.18737
chat,1:zh essay#A,1:zh essay#B,2,0.47727,0.66287,0.87707,0.18498
chat,1:zh essay#A,1:zh essay#B,3,0.51562,0.69922,0.91692,0.1696
chat,1:zh essay#A,1:zh essay#B,4,0.3125,0.59808,0.85675,0.2353
chat,1:zh essay#A,1:zh essay#B,5,0.47368,0.59153,0.77443,0.25992
chat,1:zh essay#A,1:zh essay#B,6,0.45,0.60374,0.80685,0.24785
chat,1:zh essay#A,1:zh essay#B,7,0.45,0.66354,0.88302,0.17808
chat,1:zh essay#A,1:zh essay#B,8,0.48889,0.57871,0.72047,0.23409
chat,1:zh essay#A,1:zh essay#B,9,0.46341,0.6406,0.84019,0.20131
chat,1:zh essay#A,1:zh essay#B,10,0.38462,0.53605,0.72393,0.28385
chat,1:zh essay#A,1:zh essay#B,11,0.3871,0.53804,0.7118,0.27526
chat,1:zh essay#A,1:zh essay#B,12,0.43396,0.59186,0.79795,0.25376
chat,1:zh essay#A,1:zh essay#B,13,0.54167,0.70126,0.88194,0.17708
chat,1:zh essay#A,1:zh essay#B,14,0.41176,0.51248,0.61032,0.30454
chat,1:zh essay#A,1:zh essay#B,15,0.65455,0.73616,0.91198,0.15697
chat,1:zh essay#A,1:zh essay#B,16,0.45238,0.55807,0.66146,0.27623
chat,1:zh essay#A,1:zh essay#B,17,0.46296,0.61389,0.78308,0.22917
chat,1:zh essay#A,1:zh essay#B,18,0.45946,0.62635,0.86784,0.2136
chat,1:zh essay#A,1:zh essay#B,19,0.7,0.72749,0.92927,0.14262
chat,1:zh essay#A,1:zh essay#B,20,0.56818,0.67961,0.86467,0.1798
chat,1:zh essay#A,1:zh essay#B,21,0.44643,0.59076,0.71376,0.2394
chat,1:zh essay#A,1:zh essay#B,22,0.56098,0.63741,0.86983,0.20925
chat,1:zh essay#A,1:zh essay#B,23,0.67347,0.692,0.88363,0.16091
chat,1:zh essay#A,1:zh essay#B,24,0.4878,0.56607,0.72809,0.25167
chat,1:zh essay#A,1:zh essay#B,25,0.40541,0.59425,0.83455,0.24526
chat,1:zh essay#A,1:zh essay#B,26,0.43137,0.56488,0.74538,0.26957
chat,1:zh essay#A,1:zh essay#B,27,0.51064,0.61956,0.81085,0.22946
chat,1:zh essay#A,1:zh essay#B,28,0.37143,0.64081,0.8898,0.21766
chat,1:zh essay#A,1:zh essay#B,29,0.5,0.6191,0.82535,0.21969
chat,1:zh essay#A,1:zh essay#B,30,0.44444,0.64624,0.8487,0.20832
chat,1:zh essay#A,1:zh essay#B,31,0.3871,0.67196,0.91138,0.16921
chat,1:zh essay#A,1:zh essay#B,32,0.51351,0.63913,0.84563,0.20414
chat,1:zh essay#A,1:zh essay#B,33,0.5625,0.67877,0.84262,0.17145
chat,1:zh essay#A,1:zh essay#B,34,0.65517,0.65785,0.82439,0.17013
chat,1:zh essay#A,1:zh essay#B,35,0.51724,0.69392,0.91061,0.14558
chat,1:zh essay#A,1:zh essay#B,36,0.54054,0.67518,0.88625,0.16959
chat,1:zh essay#A,1:zh essay#B,37,0.62069,0.70085,0.91701,0.14364
chat,1:zh essay#A,1:zh essay#B,38,0.62069,0.75598,0.94699,0.11692
chat,1:zh essay#A,1:zh essay#B,39,0.54054,0.72633,0.92098,0.14127
chat,2:zh follow-up#A,2:zh follow-up#B,0,0.45455,0.56875,0.74291,0.28193
chat,2:zh follow-up#A,2:zh follow-up#B,1,0.39583,0.52344,0.71575,0.35339
chat,2:zh follow-up#A,2:zh follow-up#B,2,0.44444,0.6017,0.85926,0.26056
chat,2:zh follow-up#A,2:zh follow-up#B,3,0.32653,0.57623,0.77792,0.29356
chat,2:zh follow-up#A,2:zh follow-up#B,4,0.38298,0.49169,0.65801,0.34614
chat,2:zh follow-up#A,2:zh follow-up#B,5,0.27451,0.42608,0.69598,0.46326
chat,2:zh follow-up#A,2:zh follow-up#B,6,0.2439,0.50221,0.67769,0.35302
chat,2:zh follow-up#A,2:zh follow-up#B,7,0.33333,0.46346,0.63701,0.38697
chat,2:zh follow-up#A,2:zh follow-up#B,8,0.4186,0.51071,0.58037,0.33549
chat,2:zh follow-up#A,2:zh follow-up#B,9,0.30952,0.4976,0.633,0.36915
chat,2:zh follow-up#A,2:zh follow-up#B,10,0.26087,0.42017,0.50311,0.45186
chat,2:zh follow-up#A,2:zh follow-up#B,11,0.2093,0.40799,0.61751,0.44889
chat,2:zh follow-up#A,2:zh follow-up#B,12,0.31915,0.46004,0.66389,0.38896
chat,2:zh follow-up#A,2:zh follow-up#B,13,0.48837,0.60576,0.83168,0.27224
chat,2:zh follow-up#A,2:zh follow-up#B,14,0.22222,0.5287,0.76979,0.32853
chat,2:zh follow-up#A,2:zh follow-up#B,15,0.37097,0.56395,0.80158,0.30745
chat,2:zh follow-up#A,2:zh follow-up#B,16,0.36842,0.53618,0.63273,0.32889
chat,2:zh follow-up#A,2:zh follow-up#B,17,0.37778,0.56488,0.80834,0.31777
chat,2:zh follow-up#A,2:zh follow-up#B,18,0.28571,0.51255,0.77385,0.31408
chat,2:zh follow-up#A,2:zh follow-up#B,19,0.37313,0.52252,0.71663,0.34834
chat,2:zh follow-up#A,2:zh follow-up#B,20,0.34211,0.51255,0.74922,0.32829
chat,2:zh follow-up#A,2:zh follow-up#B,21,0.39024,0.45829,0.55895,0.37975
chat,2:zh follow-up#A,2:zh follow-up#B,22,0.37143,0.54033,0.73806,0.29631
chat,2:zh follow-up#A,2:zh follow-up#B,23,0.41379,0.52805,0.65282,0.32294
chat,2:zh follow-up#A,2:zh follow-up#B,24,0.18,0.25,0.22601,0.59491
chat,2:zh follow-up#A,2:zh follow-up#B,25,0.22917,0.39701,0.56869,0.44419
chat,2:zh follow-up#A,2:zh follow-up#B,26,0.27586,0.3636,0.34454,0.50111
chat,2:zh follow-up#A,2:zh follow-up#B,27,0.39024,0.47508,0.52469,0.37621
chat,2:zh follow-up#A,2:zh follow-up#B,28,0.22857,0.38575,0.57243,0.44109
chat,2:zh follow-up#A,2:zh follow-up#B,29,0.31429,0.48791,0.65182,0.37831
chat,2:zh follow-up#A,2:zh follow-up#B,30,0.20588,0.42045,0.58236,0.41147
chat,2:zh follow-up#A,2:zh follow-up#B,31,0.275,0.4127,0.6024,0.42371
chat,2:zh follow-up#A,2:zh follow-up#B,32,0.4,0.44048,0.58217,0.39782
chat,2:zh follow-up#A,2:zh follow-up#B,33,0.25581,0.3289,0.34334,0.48701
chat,2:zh follow-up#A,2:zh follow-up#B,34,0.25,0.41205,0.52196,0.38961
chat,2:zh follow-up#A,2:zh follow-up#B,35,0.29412,0.46945,0.66495,0.36707
chat,2:zh follow-up#A,2:zh follow-up#B,36,0.4,0.47047,0.54687,0.36036
chat,2:zh follow-up#A,2:zh follow-up#B,37,0.25532,0.44887,0.65093,0.37259
chat,2:zh follow-up#A,2:zh follow-up#B,38,0.27778,0.46788,0.63813,0.38476
chat,2:zh follow-up#A,2:zh follow-up#B,39,0.32653,0.47121,0.52391,0.41134
chat,3:en explain#A,3:en explain#B,0,0.56522,0.71683,0.84827,0.12783
chat,3:en explain#A,3:en explain#B,1,0.51887,0.6576,0.80169,0.18672
chat,3:en explain#A,3:en explain#B,2,0.51613,0.73942,0.9265,0.13241
chat,3:en explain#A,3:en explain#B,3,0.55072,0.74729,0.93044,0.12638
chat,3:en explain#A,3:en explain#B,4,0.44565,0.69529,0.90981,0.1581
chat,3:en explain#A,3:en explain#B,5,0.4697,0.66123,0.89537,0.17286
chat,3:en explain#A,3:en explain#B,6,0.51351,0.65055,0.84591,0.17723
chat,3:en explain#A,3:en explain#B,7,0.35484,0.69879,0.94099,0.16504
chat,3:en explain#A,3:en explain#B,8,0.5,0.68143,0.9036,0.15416
chat,3:en explain#A,3:en explain#B,9,0.47826,0.71164,0.92628,0.15314
chat,3:en explain#A,3:en explain#B,10,0.375,0.68613,0.91404,0.16426
chat,3:en explain#A,3:en explain#B,11,0.42105,0.66851,0.89828,0.15913
chat,3:en explain#A,3:en explain#B,12,0.47619,0.62007,0.84104,0.18035
chat,3:en explain#A,3:en explain#B,13,0.51724,0.69183,0.87285,0.16032
chat,3:en explain#A,3:en explain#B,14,0.5,0.60071,0.70607,0.21828
chat,3:en explain#A,3:en explain#B,15,0.54545,0.71876,0.88014,0.14442
chat,3:en explain#A,3:en explain#B,16,0.4918,0.68818,0.89788,0.17224
chat,3:en explain#A,3:en explain#B,17,0.46032,0.65298,0.84059,0.18119
chat,3:en explain#A,3:en explain#B,18,0.46667,0.70276,0.93501,0.18321
chat,3:en explain#A,3:en explain#B,19,0.53571,0.71377,0.89018,0.12906
chat,3:en explain#A,3:en explain#B,20,0.5,0.75512,0.97496,0.11544
chat,3:en explain#A,3:en explain#B,21,0.45455,0.68852,0.90992,0.1523
chat,3:en explain#A,3:en explain#B,22,0.5614,0.73881,0.94999,0.14041
chat,3:en explain#A,3:en explain#B,23,0.58242,0.76115,0.94238,0.11009
chat,3:en explain#A,3:en explain#B,24,0.47826,0.70997,0.93076,0.14371
chat,3:en explain#A,3:en explain#B,25,0.58621,0.72734,0.94096,0.13881
chat,3:en explain#A,3:en explain#B,26,0.36842,0.71101,0.94868,0.15739
chat,3:en explain#A,3:en explain#B,27,0.48,0.70872,0.9417,0.15289
chat,3:en explain#A,3:en explain#B,28,0.60714,0.73302,0.93204,0.12966
chat,3:en explain#A,3:en explain#B,29,0.53488,0.72003,0.90184,0.12304
chat,3:en explain#A,3:en explain#B,30,0.46429,0.72361,0.95297,0.1407
chat,3:en explain#A,3:en explain#B,31,0.44444,0.72485,0.93893,0.13632
chat,3:en explain#A,3:en explain#B,32,0.6,0.72477,0.90793,0.13211
chat,3:en explain#A,3:en explain#B,33,0.53333,0.75071,0.95422,0.11152
chat,3:en explain#A,3:en explain#B,34,0.64444,0.74916,0.95436,0.13018
chat,3:en explain#A,3:en explain#B,35,0.59322,0.71298,0.88865,0.13385
chat,3:en explain#A,3:en explain#B,36,0.52941,0.7282,0.94181,0.12707
chat,3:en explain#A,3:en explain#B,37,0.47368,0.72962,0.93028,0.12421
chat,3:en explain#A,3:en explain#B,38,0.57534,0.72371,0.92344,0.11828
chat,3:en explain#A,3:en explain#B,39,0.51899,0.7271,0.91266,0.12745
chat,4:en follow-up#A,4:en follow-up#B,0,0.55652,0.70583,0.84256,0.14223
chat,4:en follow-up#A,4:en follow-up#B,1,0.59048,0.68924,0.80771,0.16917
chat,4:en follow-up#A,4:en follow-up#B,2,0.50495,0.67035,0.86927,0.17503
chat,4:en follow-up#A,4:en follow-up#B,3,0.57746,0.72229,0.89135,0.14001
chat,4:en follow-up#A,4:en follow-up#B,4,0.44944,0.68096,0.85597,0.16487
chat,4:en follow-up#A,4:en follow-up#B,5,0.51613,0.68964,0.90236,0.16703
chat,4:en follow-up#A,4:en follow-up#B,6,0.54286,0.70464,0.88204,0.13475
chat,4:en follow-up#A,4:en follow-up#B,7,0.43478,0.65633,0.84194,0.18524
chat,4:en follow-up#A,4:en follow-up#B,8,0.59615,0.73588,0.92448,0.12833
chat,4:en follow-up#A,4:en follow-up#B,9,0.52273,0.74709,0.95003,0.11048
chat,4:en follow-up#A,4:en follow-up#B,10,0.42553,0.67722,0.89935,0.16321
chat,4:en follow-up#A,4:en follow-up#B,11,0.54054,0.7266,0.93168,0.12601
chat,4:en follow-up#A,4:en follow-up#B,12,0.39062,0.72041,0.94891,0.14977
chat,4:en follow-up#A,4:en follow-up#B,13,0.5375,0.72666,0.90061,0.14172
chat,4:en follow-up#A,4:en follow-up#B,14,0.61667,0.70017,0.88133,0.15652
chat,4:en follow-up#A,4:en follow-up#B,15,0.62353,0.76002,0.92825,0.11538
chat,4:en follow-up#A,4:en follow-up#B,16,0.51667,0.68957,0.88947,0.15488
chat,4:en follow-up#A,4:en follow-up#B,17,0.38983,0.68355,0.92044,0.16967
chat,4:en follow-up#A,4:en follow-up#B,18,0.52632,0.71339,0.94176,0.14297
chat,4:en follow-up#A,4:en follow-up#B,19,0.65625,0.75683,0.90742,0.1038
chat,4:en follow-up#A,4:en follow-up#B,20,0.51786,0.70368,0.93395,0.16897
chat,4:en follow-up#A,4:en follow-up#B,21,0.5,0.73065,0.94775,0.13389
chat,4:en follow-up#A,4:en follow-up#B,22,0.56,0.73756,0.93389,0.11298
chat,4:en follow-up#A,4:en follow-up#B,23,0.57831,0.73247,0.92501,0.13314
chat,4:en follow-up#A,4:en follow-up#B,24,0.55102,0.70508,0.8983,0.14716
chat,4:en follow-up#A,4:en follow-up#B,25,0.55172,0.72059,0.93999,0.14587
chat,4:en follow-up#A,4:en follow-up#B,26,0.51613,0.70182,0.93736,0.15585
chat,4:en follow-up#A,4:en follow-up#B,27,0.49091,0.71891,0.91448,0.14071
chat,4:en follow-up#A,4:en follow-up#B,28,0.42105,0.71932,0.92934,0.15163
chat,4:en follow-up#A,4:en follow-up#B,29,0.64865,0.74495,0.93089,0.12643
chat,4:en follow-up#A,4:en follow-up#B,30,0.63265,0.73529,0.93297,0.11702
chat,4:en follow-up#A,4:en follow-up#B,31,0.63636,0.70281,0.88818,0.14642
chat,4:en follow-up#A,4:en follow-up#B,32,0.5,0.6935,0.87653,0.14261
chat,4:en follow-up#A,4:en follow-up#B,33,0.60784,0.7484,0.96116,0.11329
chat,4:en follow-up#A,4:en follow-up#B,34,0.60465,0.74861,0.94068,0.10724
chat,4:en follow-up#A,4:en follow-up#B,35,0.57627,0.73341,0.89411,0.12297
chat,4:en follow-up#A,4:en follow-up#B,36,0.6,0.73833,0.94344,0.13544
chat,4:en follow-up#A,4:en follow-up#B,37,0.52308,0.73648,0.92713,0.13387
chat,4:en follow-up#A,4:en follow-up#B,38,0.55,0.72755,0.91992,0.11871
chat,4:en follow-up#A,4:en follow-up#B,39,0.53125,0.71318,0.89805,0.14038
chat,5:code#A,5:code#B,0,0.46259,0.63492,0.80795,0.19498
chat,5:code#A,5:code#B,1,0.43972,0.5381,0.53482,0.26648
chat,5:code#A,5:code#B,2,0.42202,0.50794,0.54731,0.27491
chat,5:code#A,5:code#B,3,0.47541,0.69683,0.92204,0.15307
chat,5:code#A,5:code#B,4,0.36,0.56032,0.75953,0.26167
chat,5:code#A,5:code#B,5,0.32099,0.55238,0.73903,0.27891
chat,5:code#A,5:code#B,6,0.35088,0.6373,0.88589,0.23413
chat,5:code#A,5:code#B,7,0.36508,0.64524,0.89712,0.19914
chat,5:code#A,5:code#B,8,0.40299,0.63333,0.85791,0.20384
chat,5:code#A,5:code#B,9,0.44898,0.60635,0.77024,0.20444
chat,5:code#A,5:code#B,10,0.44068,0.5246,0.63448,0.28489
chat,5:code#A,5:code#B,11,0.43836,0.56349,0.72748,0.25996
chat,5:code#A,5:code#B,12,0.32184,0.49286,0.73052,0.32034
chat,5:code#A,5:code#B,13,0.34711,0.54603,0.71788,0.28556
chat,5:code#A,5:code#B,14,0.37143,0.52698,0.76639,0.30697
chat,5:code#A,5:code#B,15,0.45926,0.56984,0.67646,0.23687
chat,5:code#A,5:code#B,16,0.39683,0.59444,0.74196,0.25058
chat,5:code#A,5:code#B,17,0.40449,0.56508,0.81417,0.24643
chat,5:code#A,5:code#B,18,0.41463,0.50873,0.61649,0.32348
chat,5:code#A,5:code#B,19,0.33094,0.5619,0.77377,0.24599
chat,5:code#A,5:code#B,20,0.34848,0.5754,0.80769,0.26561
chat,5:code#A,5:code#B,21,0.39506,0.58254,0.78378,0.25957
chat,5:code#A,5:code#B,22,0.26087,0.46984,0.59758,0.31806
chat,5:code#A,5:code#B,23,0.38889,0.55952,0.71795,0.2544
chat,5:code#A,5:code#B,24,0.36364,0.63016,0.85145,0.21548
chat,5:code#A,5:code#B,25,0.49123,0.66032,0.87161,0.1814
chat,5:code#A,5:code#B,26,0.38667,0.5619,0.67799,0.26206
chat,5:code#A,5:code#B,27,0.38824,0.62619,0.892,0.21366
chat,5:code#A,5:code#B,28,0.47826,0.59524,0.69106,0.22539
chat,5:code#A,5:code#B,29,0.4,0.6119,0.8646,0.22585
chat,5:code#A,5:code#B,30,0.38889,0.56825,0.7275,0.22316
chat,5:code#A,5:code#B,31,0.53,0.63492,0.76935,0.18759
chat,5:code#A,5:code#B,32,0.50617,0.62063,0.85653,0.20049
chat,5:code#A,5:code#B,33,0.45361,0.59762,0.75268,0.22495
chat,5:code#A,5:code#B,34,0.46226,0.59762,0.70507,0.22302
chat,5:code#A,5:code#B,35,0.44554,0.63095,0.81072,0.20971
chat,5:code#A,5:code#B,36,0.46078,0.64206,0.83394,0.18184
chat,5:code#A,5:code#B,37,0.44167,0.63016,0.75748,0.20469
chat,5:code#A,5:code#B,38,0.48062,0.65159,0.74337,0.17358
chat,5:code#A,5:code#B,39,0.45669,0.64921,0.80565,0.1723
chat,6:zh travel#A,6:zh travel#B,0,0.60714,0.74044,0.88809,0.1137
chat,6:zh travel#A,6:zh travel#B,1,0.66102,0.70765,0.87812,0.1463
chat,6:zh travel#A,6:zh travel#B,2,0.64912,0.71995,0.85499,0.12505
chat,6:zh travel#A,6:zh travel#B,3,0.66667,0.74727,0.89281,0.1064
chat,6:zh travel#A,6:zh travel#B,4,0.49333,0.7015,0.88438,0.15199
chat,6:zh travel#A,6:zh travel#B,5,0.5,0.72814,0.93964,0.12826
chat,6:zh travel#A,6:zh travel#B,6,0.625,0.73839,0.92938,0.12514
chat,6:zh travel#A,6:zh travel#B,7,0.54054,0.79235,0.97324,0.09384
chat,6:zh travel#A,6:zh travel#B,8,0.6875,0.78893,0.96841,0.10325
chat,6:zh travel#A,6:zh travel#B,9,0.62069,0.80123,0.96306,0.08521
chat,6:zh travel#A,6:zh travel#B,10,0.44737,0.74317,0.95245,0.12958
chat,6:zh travel#A,6:zh travel#B,11,0.5,0.76366,0.95105,0.10944
chat,6:zh travel#A,6:zh travel#B,12,0.51724,0.75137,0.9489,0.12114
chat,6:zh travel#A,6:zh travel#B,13,0.68333,0.74385,0.91625,0.11629
chat,6:zh travel#A,6:zh travel#B,14,0.54386,0.73087,0.92032,0.13125
chat,6:zh travel#A,6:zh travel#B,15,0.67188,0.77322,0.934,0.08415
chat,6:zh travel#A,6:zh travel#B,16,0.5625,0.76639,0.96116,0.11443
chat,6:zh travel#A,6:zh travel#B,17,0.69388,0.72678,0.86752,0.11016
chat,6:zh travel#A,6:zh travel#B,18,0.48837,0.7418,0.9573,0.13391
chat,6:zh travel#A,6:zh travel#B,19,0.65079,0.78962,0.96326,0.08826
chat,6:zh travel#A,6:zh travel#B,20,0.63415,0.79303,0.96895,0.09415
chat,6:zh travel#A,6:zh travel#B,21,0.65854,0.76298,0.93996,0.11112
chat,6:zh travel#A,6:zh travel#B,22,0.63158,0.74658,0.91824,0.11029
chat,6:zh travel#A,6:zh travel#B,23,0.56364,0.76298,0.938,0.10661
chat,6:zh travel#A,6:zh travel#B,24,0.59259,0.79713,0.96977,0.09621
chat,6:zh travel#A,6:zh travel#B,25,0.55172,0.77322,0.9538,0.10455
chat,6:zh travel#A,6:zh travel#B,26,0.65385,0.76981,0.95093,0.10203
chat,6:zh travel#A,6:zh travel#B,27,0.5641,0.77664,0.95987,0.10742
chat,6:zh travel#A,6:zh travel#B,28,0.61111,0.79986,0.97413,0.09841
chat,6:zh travel#A,6:zh travel#B,29,0.69231,0.79235,0.96004,0.09208
chat,6:zh travel#A,6:zh travel#B,30,0.69565,0.79781,0.96012,0.0974
chat,6:zh travel#A,6:zh travel#B,31,0.72727,0.79508,0.95402,0.08592
chat,6:zh travel#A,6:zh travel#B,32,0.59375,0.80601,0.96797,0.09365
chat,6:zh travel#A,6:zh travel#B,33,0.69231,0.8026,0.96924,0.08816
chat,6:zh travel#A,6:zh travel#B,34,0.58621,0.79235,0.95658,0.09125
chat,6:zh travel#A,6:zh travel#B,35,0.74074,0.80123,0.96221,0.09534
chat,6:zh travel#A,6:zh travel#B,36,0.70588,0.77869,0.95866,0.10365
chat,6:zh travel#A,6:zh travel#B,37,0.66667,0.79303,0.97189,0.09562
chat,6:zh travel#A,6:zh travel#B,38,0.74074,0.79713,0.94863,0.08097
chat,6:zh travel#A,6:zh travel#B,39,0.70588,0.79577,0.95769,0.09447
chat,7:en email#A,7:en email#B,0,0.46923,0.6567,0.7892,0.20001
chat,7:en email#A,7:en email#B,1,0.37405,0.58405,0.66179,0.26572
chat,7:en email#A,7:en email#B,2,0.38462,0.60541,0.79659,0.24118
chat,7:en email#A,7:en email#B,3,0.42683,0.63105,0.80782,0.19873
chat,7:en email#A,7:en email#B,4,0.41333,0.57835,0.82105,0.26564
chat,7:en email#A,7:en email#B,5,0.28378,0.52707,0.74553,0.30247
chat,7:en email#A,7:en email#B,6,0.44444,0.58262,0.80348,0.25262
chat,7:en email#A,7:en email#B,7,0.47727,0.63105,0.85173,0.2237
chat,7:en email#A,7:en email#B,8,0.5,0.63105,0.79986,0.21011
chat,7:en email#A,7:en email#B,9,0.36,0.61111,0.82636,0.22794
chat,7:en email#A,7:en email#B,10,0.41026,0.60826,0.89145,0.25351
chat,7:en email#A,7:en email#B,11,0.4,0.62821,0.79646,0.23363
chat,7:en email#A,7:en email#B,12,0.35714,0.49288,0.71967,0.33985
chat,7:en email#A,7:en email#B,13,0.43023,0.5755,0.75941,0.26661
chat,7:en email#A,7:en email#B,14,0.35714,0.50142,0.65634,0.29666
chat,7:en email#A,7:en email#B,15,0.48889,0.62963,0.77902,0.21201
chat,7:en email#A,7:en email#B,16,0.37736,0.56553,0.71715,0.26037
chat,7:en email#A,7:en email#B,17,0.40323,0.56838,0.72748,0.25021
chat,7:en email#A,7:en email#B,18,0.33333,0.58689,0.83717,0.26858
chat,7:en email#A,7:en email#B,19,0.51429,0.67379,0.85693,0.18856
chat,7:en email#A,7:en email#B,20,0.35484,0.61966,0.88152,0.23075
chat,7:en email#A,7:en email#B,21,0.45902,0.56268,0.70119,0.25863
chat,7:en email#A,7:en email#B,22,0.41791,0.60399,0.79531,0.24047
chat,7:en email#A,7:en email#B,23,0.51064,0.65812,0.78344,0.18115
chat,7:en email#A,7:en email#B,24,0.40351,0.58832,0.71363,0.22938
chat,7:en email#A,7:en email#B,25,0.45455,0.59544,0.85149,0.24898
chat,7:en email#A,7:en email#B,26,0.43137,0.58974,0.79274,0.2308
chat,7:en email#A,7:en email#B,27,0.46575,0.64672,0.84864,0.18906
chat,7:en email#A,7:en email#B,28,0.56522,0.69516,0.92355,0.17707
chat,7:en email#A,7:en email#B,29,0.49315,0.63533,0.80374,0.20078
chat,7:en email#A,7:en email#B,30,0.53521,0.67806,0.81225,0.16886
chat,7:en email#A,7:en email#B,31,0.51613,0.67379,0.9129,0.16605
chat,7:en email#A,7:en email#B,32,0.52308,0.63248,0.83353,0.18999
chat,7:en email#A,7:en email#B,33,0.55072,0.65242,0.85376,0.17482
chat,7:en email#A,7:en email#B,34,0.52055,0.62108,0.83227,0.19737
chat,7:en email#A,7:en email#B,35,0.55556,0.71083,0.9169,0.14546
chat,7:en email#A,7:en email#B,36,0.4875,0.6339,0.77028,0.18994
chat,7:en email#A,7:en email#B,37,0.57143,0.7094,0.91414,0.14419
chat,7:en email#A,7:en email#B,38,0.50575,0.66239,0.83224,0.18351
chat,7:en email#A,7:en email#B,39,0.68657,0.69088,0.8652,0.15921
chat,8:zh math#A,8:zh math#B,0,0.425,0.55051,0.67544,0.24685
chat,8:zh math#A,8:zh math#B,1,0.42529,0.46128,0.51573,0.32861
chat,8:zh math#A,8:zh math#B,2,0.46809,0.59091,0.73595,0.22037
chat,8:zh math#A,8:zh math#B,3,0.38596,0.64478,0.88789,0.20793
chat,8:zh math#A,8:zh math#B,4,0.39474,0.57828,0.82346,0.23497
chat,8:zh math#A,8:zh math#B,5,0.42857,0.58586,0.76584,0.2388
chat,8:zh math#A,8:zh math#B,6,0.47368,0.58418,0.78194,0.23542
chat,8:zh math#A,8:zh math#B,7,0.36957,0.60522,0.84737,0.22208
chat,8:zh math#A,8:zh math#B,8,0.55263,0.62458,0.83202,0.19411
chat,8:zh math#A,8:zh math#B,9,0.53333,0.65236,0.84494,0.1778
chat,8:zh math#A,8:zh math#B,10,0.48571,0.63805,0.82969,0.18971
chat,8:zh math#A,8:zh math#B,11,0.45946,0.59343,0.76079,0.21414
chat,8:zh math#A,8:zh math#B,12,0.44231,0.58586,0.74146,0.2102
chat,8:zh math#A,8:zh math#B,13,0.52381,0.62879,0.84199,0.19061
chat,8:zh math#A,8:zh math#B,14,0.35897,0.63973,0.88476,0.19676
chat,8:zh math#A,8:zh math#B,15,0.49425,0.59848,0.742,0.21289
chat,8:zh math#A,8:zh math#B,16,0.41463,0.63973,0.82228,0.21084
chat,8:zh math#A,8:zh math#B,17,0.36207,0.59007,0.76526,0.19968
chat,8:zh math#A,8:zh math#B,18,0.41667,0.61532,0.80355,0.20428
chat,8:zh math#A,8:zh math#B,19,0.53409,0.59007,0.70755,0.21092
chat,8:zh math#A,8:zh math#B,20,0.39216,0.59175,0.83984,0.225
chat,8:zh math#A,8:zh math#B,21,0.45652,0.64815,0.84967,0.18794
chat,8:zh math#A,8:zh math#B,22,0.48077,0.62037,0.8112,0.1917
chat,8:zh math#A,8:zh math#B,23,0.38947,0.57744,0.72487,0.21568
chat,8:zh math#A,8:zh math#B,24,0.52778,0.64141,0.86043,0.17827
chat,8:zh math#A,8:zh math#B,25,0.52778,0.57828,0.77555,0.21351
chat,8:zh math#A,8:zh math#B,26,0.525,0.64226,0.88643,0.18109
chat,8:zh math#A,8:zh math#B,27,0.5,0.62626,0.80196,0.19262
chat,8:zh math#A,8:zh math#B,28,0.46429,0.62963,0.8282,0.19168
chat,8:zh math#A,8:zh math#B,29,0.5,0.67929,0.89788,0.16707
chat,8:zh math#A,8:zh math#B,30,0.54054,0.61279,0.81843,0.19669
chat,8:zh math#A,8:zh math#B,31,0.46939,0.6271,0.84174,0.18399
chat,8:zh math#A,8:zh math#B,32,0.46154,0.65404,0.85735,0.17094
chat,8:zh math#A,8:zh math#B,33,0.52632,0.68434,0.90141,0.16705
chat,8:zh math#A,8:zh math#B,34,0.41509,0.61279,0.8401,0.19485
chat,8:zh math#A,8:zh math#B,35,0.58,0.64226,0.83793,0.17629
chat,8:zh math#A,8:zh math#B,36,0.52941,0.6271,0.86105,0.19835
chat,8:zh math#A,8:zh math#B,37,0.41667,0.60606,0.83637,0.20758
chat,8:zh math#A,8:zh math#B,38,0.35294,0.60606,0.83239,0.1956
chat,8:zh math#A,8:zh math#B,39,0.45455,0.58754,0.75276,0.20798
